2026-09-29 20:38:36 | INFO     | httpx | HTTP Request: GET http://testserver/health "HTTP/1.1 200 OK"
2026-09-29 20:38:36 | INFO     | httpx | HTTP Request: GET http://testserver/ready "HTTP/1.1 503 Service Unavailable"
2026-09-29 20:38:36 | INFO     | HIDS_Dependencies | Loading DetectionEvaluator (first request)...
2026-09-29 20:38:36 | INFO     | HIDS_ModelLoader | Loaded model contains 0 DetectionBlock layers — built from plain Keras layers.
2026-09-29 20:38:36 | INFO     | HIDS_ModelLoader | AI Detection Engine ready — input: (22,) output: (22,)
2026-09-29 20:38:36 | INFO     | HIDS_Evaluator | MinMaxScaler loaded successfully from models/scaler.pkl
2026-09-29 20:38:36 | INFO     | HIDS_Evaluator | Threshold parameters active — τ=0.500000 (μ=0.000000, σ=0.000000)
2026-09-29 20:38:36 | INFO     | HIDS_Dependencies | DetectionEvaluator ready.
2026-09-29 20:38:36 | INFO     | HIDS_Dependencies | Loading scaler from models/scaler.pkl...
2026-09-29 20:38:36 | INFO     | HIDS_Dependencies | Scaler loaded and verified (22 features).
2026-09-29 20:38:36 | INFO     | HIDS_API | POST /detection/predict status=422 461.83ms
2026-09-29 20:38:36 | INFO     | httpx | HTTP Request: POST http://testserver/detection/predict "HTTP/1.1 422 Unprocessable Entity"
2026-09-29 20:38:37 | INFO     | HIDS_Database | SQLite engine created: sqlite:///./hids_forensics.db
2026-09-29 20:38:37 | INFO     | HIDS_API | GET /alerts/ status=200 48.47ms
2026-09-29 20:38:37 | INFO     | httpx | HTTP Request: GET http://testserver/alerts/?skip=0&limit=10&severity=High "HTTP/1.1 200 OK"
2026-09-29 20:38:37 | INFO     | HIDS_API | GET /alerts/stats status=200 33.49ms
2026-09-29 20:38:37 | INFO     | httpx | HTTP Request: GET http://testserver/alerts/stats "HTTP/1.1 200 OK"
2026-09-29 20:38:37 | INFO     | HIDS_API | GET /alerts/999999 status=404 4.89ms
2026-09-29 20:38:37 | INFO     | httpx | HTTP Request: GET http://testserver/alerts/999999 "HTTP/1.1 404 Not Found"
2026-09-29 20:41:28 | INFO     | httpx | HTTP Request: GET http://testserver/health "HTTP/1.1 200 OK"
2026-09-29 20:41:28 | INFO     | httpx | HTTP Request: GET http://testserver/ready "HTTP/1.1 503 Service Unavailable"
2026-09-29 20:41:28 | INFO     | HIDS_Dependencies | Loading DetectionEvaluator (first request)...
2026-09-29 20:41:28 | INFO     | HIDS_ModelLoader | Loaded model contains 0 DetectionBlock layers — built from plain Keras layers.
2026-09-29 20:41:28 | INFO     | HIDS_ModelLoader | AI Detection Engine ready — input: (22,) output: (22,)
2026-09-29 20:41:28 | INFO     | HIDS_Evaluator | MinMaxScaler loaded successfully from models/scaler.pkl
2026-09-29 20:41:28 | INFO     | HIDS_Evaluator | Threshold parameters active — τ=0.500000 (μ=0.000000, σ=0.000000)
2026-09-29 20:41:28 | INFO     | HIDS_Dependencies | DetectionEvaluator ready.
2026-09-29 20:41:28 | INFO     | HIDS_Dependencies | Loading scaler from models/scaler.pkl...
2026-09-29 20:41:28 | INFO     | HIDS_Dependencies | Scaler loaded and verified (22 features).
2026-09-29 20:41:28 | INFO     | HIDS_API | POST /detection/predict status=422 303.95ms
2026-09-29 20:41:28 | INFO     | httpx | HTTP Request: POST http://testserver/detection/predict "HTTP/1.1 422 Unprocessable Entity"
2026-09-29 20:41:29 | INFO     | HIDS_Database | SQLite engine created: sqlite:///./hids_forensics.db
2026-09-29 20:41:29 | INFO     | HIDS_API | GET /alerts/ status=200 35.27ms
2026-09-29 20:41:29 | INFO     | httpx | HTTP Request: GET http://testserver/alerts/?skip=0&limit=10&severity=High "HTTP/1.1 200 OK"
2026-09-29 20:41:29 | INFO     | HIDS_API | GET /alerts/stats status=200 16.85ms
2026-09-29 20:41:29 | INFO     | httpx | HTTP Request: GET http://testserver/alerts/stats "HTTP/1.1 200 OK"
2026-09-29 20:41:29 | INFO     | HIDS_API | GET /alerts/999999 status=404 4.45ms
2026-09-29 20:41:29 | INFO     | httpx | HTTP Request: GET http://testserver/alerts/999999 "HTTP/1.1 404 Not Found"
2026-09-29 20:43:26 | INFO     | httpx | HTTP Request: GET http://testserver/health "HTTP/1.1 200 OK"
2026-09-29 20:43:26 | INFO     | httpx | HTTP Request: GET http://testserver/ready "HTTP/1.1 503 Service Unavailable"
2026-09-29 20:43:26 | INFO     | HIDS_Dependencies | Loading DetectionEvaluator (first request)...
2026-09-29 20:43:27 | INFO     | HIDS_ModelLoader | Loaded model contains 0 DetectionBlock layers — built from plain Keras layers.
2026-09-29 20:43:27 | INFO     | HIDS_ModelLoader | AI Detection Engine ready — input: (22,) output: (22,)
2026-09-29 20:43:27 | INFO     | HIDS_Evaluator | MinMaxScaler loaded successfully from models/scaler.pkl
2026-09-29 20:43:27 | INFO     | HIDS_Evaluator | Threshold parameters active — τ=0.500000 (μ=0.000000, σ=0.000000)
2026-09-29 20:43:27 | INFO     | HIDS_Dependencies | DetectionEvaluator ready.
2026-09-29 20:43:27 | INFO     | HIDS_Dependencies | Loading scaler from models/scaler.pkl...
2026-09-29 20:43:27 | INFO     | HIDS_Dependencies | Scaler loaded and verified (22 features).
2026-09-29 20:43:27 | INFO     | HIDS_API | POST /detection/predict status=422 289.03ms
2026-09-29 20:43:27 | INFO     | httpx | HTTP Request: POST http://testserver/detection/predict "HTTP/1.1 422 Unprocessable Entity"
2026-09-29 20:43:28 | INFO     | HIDS_Database | SQLite engine created: sqlite:///./hids_forensics.db
2026-09-29 20:43:28 | INFO     | HIDS_API | GET /alerts/ status=200 38.61ms
2026-09-29 20:43:28 | INFO     | httpx | HTTP Request: GET http://testserver/alerts/?skip=0&limit=10&severity=High "HTTP/1.1 200 OK"
2026-09-29 20:43:28 | INFO     | HIDS_API | GET /alerts/stats status=200 16.82ms
2026-09-29 20:43:28 | INFO     | httpx | HTTP Request: GET http://testserver/alerts/stats "HTTP/1.1 200 OK"
2026-09-29 20:43:28 | INFO     | HIDS_API | GET /alerts/999999 status=404 5.08ms
2026-09-29 20:43:28 | INFO     | httpx | HTTP Request: GET http://testserver/alerts/999999 "HTTP/1.1 404 Not Found"
2026-09-29 20:46:07 | INFO     | httpx | HTTP Request: GET http://testserver/health "HTTP/1.1 200 OK"
2026-09-29 20:46:07 | INFO     | httpx | HTTP Request: GET http://testserver/ready "HTTP/1.1 503 Service Unavailable"
2026-09-29 20:46:07 | INFO     | HIDS_Dependencies | Loading DetectionEvaluator (first request)...
2026-09-29 20:46:08 | INFO     | HIDS_ModelLoader | Loaded model contains 0 DetectionBlock layers — built from plain Keras layers.
2026-09-29 20:46:08 | INFO     | HIDS_ModelLoader | AI Detection Engine ready — input: (22,) output: (22,)
2026-09-29 20:46:08 | INFO     | HIDS_Evaluator | MinMaxScaler loaded successfully from models/scaler.pkl
2026-09-29 20:46:08 | INFO     | HIDS_Evaluator | Threshold parameters active — τ=0.500000 (μ=0.000000, σ=0.000000)
2026-09-29 20:46:08 | INFO     | HIDS_Dependencies | DetectionEvaluator ready.
2026-09-29 20:46:08 | INFO     | HIDS_Dependencies | Loading scaler from models/scaler.pkl...
2026-09-29 20:46:08 | INFO     | HIDS_Dependencies | Scaler loaded and verified (22 features).
2026-09-29 20:46:09 | INFO     | HIDS_Database | SQLite engine created: sqlite:///./hids_forensics.db
2026-09-29 20:46:09 | INFO     | HIDS_API | GET /alerts/ status=200 43.81ms
2026-09-29 20:46:09 | INFO     | httpx | HTTP Request: GET http://testserver/alerts/?skip=0&limit=10&severity=High "HTTP/1.1 200 OK"
2026-09-29 20:46:09 | INFO     | HIDS_API | GET /alerts/stats status=200 14.67ms
2026-09-29 20:46:09 | INFO     | httpx | HTTP Request: GET http://testserver/alerts/stats "HTTP/1.1 200 OK"
2026-09-29 20:46:09 | INFO     | HIDS_API | GET /alerts/999999 status=404 5.25ms
2026-09-29 20:46:09 | INFO     | httpx | HTTP Request: GET http://testserver/alerts/999999 "HTTP/1.1 404 Not Found"
2026-09-29 18:20:05 | INFO     | uvicorn.error | Started server process [1]
2026-09-29 18:20:05 | INFO     | uvicorn.error | Waiting for application startup.
2026-09-29 18:20:05 | INFO     | HIDS_API | ============================================================
2026-09-29 18:20:05 | INFO     | HIDS_API | HIDS API starting up...
2026-09-29 18:20:05 | INFO     | HIDS_Database | Database schema verified / created / migrated.
2026-09-29 18:20:05 | INFO     | HIDS_API | Database schema verified.
2026-09-29 18:20:05 | INFO     | HIDS_API | DetectionEvaluator warmed successfully.
2026-09-29 18:20:05 | INFO     | HIDS_API | HIDS API ready — accepting requests.
2026-09-29 18:20:05 | INFO     | HIDS_API | ============================================================
2026-09-29 18:20:05 | INFO     | uvicorn.error | Application startup complete.
2026-09-29 18:20:05 | INFO     | uvicorn.error | Uvicorn running on http://0.0.0.0:9000 (Press CTRL+C to quit)
2026-09-29 18:20:07 | WARNING  | HIDS_ModelLoader | validation_metrics.json not found at experiments/figures/training/validation_metrics.json.
2026-09-29 18:20:07 | INFO     | uvicorn.access | 127.0.0.1:44190 - "GET /ready HTTP/1.1" 200
2026-09-29 18:20:37 | INFO     | uvicorn.access | 127.0.0.1:49036 - "GET /ready HTTP/1.1" 200
2026-09-29 18:21:07 | INFO     | uvicorn.access | 127.0.0.1:58660 - "GET /ready HTTP/1.1" 200
2026-09-29 18:21:37 | INFO     | uvicorn.access | 127.0.0.1:35476 - "GET /ready HTTP/1.1" 200
2026-09-29 18:22:07 | INFO     | uvicorn.access | 127.0.0.1:46586 - "GET /ready HTTP/1.1" 200
2026-09-29 18:22:37 | INFO     | uvicorn.access | 127.0.0.1:43176 - "GET /ready HTTP/1.1" 200
2026-09-29 18:23:07 | INFO     | uvicorn.access | 127.0.0.1:46460 - "GET /ready HTTP/1.1" 200
2026-09-29 18:23:34 | INFO     | uvicorn.access | 127.0.0.1:46456 - "GET /ready HTTP/1.1" 200
2026-09-29 21:23:40 | INFO     | httpx | HTTP Request: GET http://testserver/health "HTTP/1.1 200 OK"
2026-09-29 21:23:40 | INFO     | httpx | HTTP Request: GET http://testserver/ready "HTTP/1.1 503 Service Unavailable"
2026-09-29 21:23:40 | INFO     | HIDS_Dependencies | Loading DetectionEvaluator (first request)...
2026-09-29 21:23:41 | INFO     | HIDS_ModelLoader | Loaded model contains 0 DetectionBlock layers — built from plain Keras layers.
2026-09-29 21:23:41 | INFO     | HIDS_ModelLoader | AI Detection Engine ready — input: (22,) output: (22,)
2026-09-29 21:23:41 | INFO     | HIDS_Evaluator | MinMaxScaler loaded successfully from models/scaler.pkl
2026-09-29 21:23:41 | INFO     | HIDS_Evaluator | Threshold parameters active — τ=0.500000 (μ=0.000000, σ=0.000000)
2026-09-29 21:23:41 | INFO     | HIDS_Dependencies | DetectionEvaluator ready.
2026-09-29 21:23:41 | INFO     | HIDS_Dependencies | Loading scaler from models/scaler.pkl...
2026-09-29 21:23:41 | INFO     | HIDS_Dependencies | Scaler loaded and verified (22 features).
2026-09-29 21:23:42 | INFO     | HIDS_Database | SQLite engine created: sqlite:///./hids_forensics.db
2026-09-29 21:23:42 | INFO     | HIDS_API | GET /alerts/ status=200 55.99ms
2026-09-29 21:23:42 | INFO     | httpx | HTTP Request: GET http://testserver/alerts/?skip=0&limit=10&severity=High "HTTP/1.1 200 OK"
2026-09-29 21:23:42 | INFO     | HIDS_API | GET /alerts/stats status=200 32.01ms
2026-09-29 21:23:42 | INFO     | httpx | HTTP Request: GET http://testserver/alerts/stats "HTTP/1.1 200 OK"
2026-09-29 21:23:42 | INFO     | HIDS_API | GET /alerts/999999 status=404 6.58ms
2026-09-29 21:23:42 | INFO     | httpx | HTTP Request: GET http://testserver/alerts/999999 "HTTP/1.1 404 Not Found"
2026-09-29 18:24:04 | INFO     | uvicorn.access | 127.0.0.1:41912 - "GET /ready HTTP/1.1" 200
2026-09-29 18:24:36 | INFO     | uvicorn.access | 127.0.0.1:50072 - "GET /ready HTTP/1.1" 200
2026-09-29 18:25:08 | INFO     | uvicorn.access | 127.0.0.1:49334 - "GET /ready HTTP/1.1" 200
2026-09-29 18:25:38 | INFO     | uvicorn.access | 127.0.0.1:50094 - "GET /ready HTTP/1.1" 200
2026-09-29 18:26:08 | INFO     | uvicorn.access | 127.0.0.1:42432 - "GET /ready HTTP/1.1" 200
2026-09-29 18:26:38 | INFO     | uvicorn.access | 127.0.0.1:47936 - "GET /ready HTTP/1.1" 200
2026-09-29 18:27:08 | INFO     | uvicorn.access | 127.0.0.1:52348 - "GET /ready HTTP/1.1" 200
2026-09-29 18:27:38 | INFO     | uvicorn.access | 127.0.0.1:34534 - "GET /ready HTTP/1.1" 200
2026-09-29 18:28:08 | INFO     | uvicorn.access | 127.0.0.1:51466 - "GET /ready HTTP/1.1" 200
2026-09-29 18:28:38 | INFO     | uvicorn.access | 127.0.0.1:39722 - "GET /ready HTTP/1.1" 200
2026-09-29 18:29:08 | INFO     | uvicorn.access | 127.0.0.1:47628 - "GET /ready HTTP/1.1" 200
2026-09-29 18:29:38 | INFO     | uvicorn.access | 127.0.0.1:60350 - "GET /ready HTTP/1.1" 200
2026-09-29 18:30:08 | INFO     | uvicorn.access | 127.0.0.1:57532 - "GET /ready HTTP/1.1" 200
2026-09-29 21:30:13 | INFO     | httpx | HTTP Request: GET http://testserver/health "HTTP/1.1 200 OK"
2026-09-29 21:30:13 | INFO     | httpx | HTTP Request: GET http://testserver/ready "HTTP/1.1 503 Service Unavailable"
2026-09-29 21:30:13 | INFO     | HIDS_Dependencies | Loading DetectionEvaluator (first request)...
2026-09-29 21:30:14 | INFO     | HIDS_ModelLoader | Loaded model contains 0 DetectionBlock layers — built from plain Keras layers.
2026-09-29 21:30:14 | INFO     | HIDS_ModelLoader | AI Detection Engine ready — input: (22,) output: (22,)
2026-09-29 21:30:14 | INFO     | HIDS_Evaluator | MinMaxScaler loaded successfully from models/scaler.pkl
2026-09-29 21:30:14 | INFO     | HIDS_Evaluator | Threshold parameters active — τ=0.500000 (μ=0.000000, σ=0.000000)
2026-09-29 21:30:14 | INFO     | HIDS_Dependencies | DetectionEvaluator ready.
2026-09-29 21:30:14 | INFO     | HIDS_Dependencies | Loading scaler from models/scaler.pkl...
2026-09-29 21:30:14 | INFO     | HIDS_Dependencies | Scaler loaded and verified (22 features).
2026-09-29 21:30:15 | INFO     | HIDS_API | GET /alerts status=307 0.44ms
2026-09-29 21:30:15 | INFO     | httpx | HTTP Request: GET http://testserver/alerts?limit=10&offset=0 "HTTP/1.1 307 Temporary Redirect"
2026-09-29 21:30:15 | INFO     | HIDS_Database | SQLite engine created: sqlite:///./hids_forensics.db
2026-09-29 21:30:15 | INFO     | HIDS_API | GET /alerts/ status=200 55.64ms
2026-09-29 21:30:15 | INFO     | httpx | HTTP Request: GET http://testserver/alerts/?limit=10&offset=0 "HTTP/1.1 200 OK"
2026-09-29 21:30:15 | INFO     | HIDS_API | GET /alerts/stats status=200 30.89ms
2026-09-29 21:30:15 | INFO     | httpx | HTTP Request: GET http://testserver/alerts/stats "HTTP/1.1 200 OK"
2026-09-29 21:30:15 | INFO     | HIDS_API | GET /alerts/999999 status=404 4.99ms
2026-09-29 21:30:15 | INFO     | httpx | HTTP Request: GET http://testserver/alerts/999999 "HTTP/1.1 404 Not Found"
2026-09-29 18:30:38 | INFO     | uvicorn.access | 127.0.0.1:34082 - "GET /ready HTTP/1.1" 200
2026-09-29 18:31:08 | INFO     | uvicorn.access | 127.0.0.1:36694 - "GET /ready HTTP/1.1" 200
2026-09-29 18:31:38 | INFO     | uvicorn.access | 127.0.0.1:38214 - "GET /ready HTTP/1.1" 200
2026-09-29 18:32:08 | INFO     | uvicorn.access | 127.0.0.1:58492 - "GET /ready HTTP/1.1" 200
2026-09-29 18:32:38 | INFO     | uvicorn.access | 127.0.0.1:56426 - "GET /ready HTTP/1.1" 200
2026-09-29 18:33:09 | INFO     | uvicorn.access | 127.0.0.1:60990 - "GET /ready HTTP/1.1" 200
2026-09-29 18:33:39 | INFO     | uvicorn.access | 127.0.0.1:49370 - "GET /ready HTTP/1.1" 200
2026-09-29 18:34:09 | INFO     | uvicorn.access | 127.0.0.1:58276 - "GET /ready HTTP/1.1" 200
2026-09-29 18:34:39 | INFO     | uvicorn.access | 127.0.0.1:42372 - "GET /ready HTTP/1.1" 200
2026-09-29 18:35:09 | INFO     | uvicorn.access | 127.0.0.1:53220 - "GET /ready HTTP/1.1" 200
2026-09-29 18:35:39 | INFO     | uvicorn.access | 127.0.0.1:45918 - "GET /ready HTTP/1.1" 200
2026-09-29 18:36:09 | INFO     | uvicorn.access | 127.0.0.1:42166 - "GET /ready HTTP/1.1" 200
2026-09-29 18:36:39 | INFO     | uvicorn.access | 127.0.0.1:35452 - "GET /ready HTTP/1.1" 200
2026-09-29 18:37:09 | INFO     | uvicorn.access | 127.0.0.1:38934 - "GET /ready HTTP/1.1" 200
2026-09-29 18:37:39 | INFO     | uvicorn.access | 127.0.0.1:46200 - "GET /ready HTTP/1.1" 200
2026-09-29 18:38:09 | INFO     | uvicorn.access | 127.0.0.1:55470 - "GET /ready HTTP/1.1" 200
2026-09-29 18:38:39 | INFO     | uvicorn.access | 127.0.0.1:59614 - "GET /ready HTTP/1.1" 200
2026-09-29 18:39:10 | INFO     | uvicorn.access | 127.0.0.1:36558 - "GET /ready HTTP/1.1" 200
2026-09-29 18:39:40 | INFO     | uvicorn.access | 127.0.0.1:42448 - "GET /ready HTTP/1.1" 200
2026-09-29 18:40:10 | INFO     | uvicorn.access | 127.0.0.1:44180 - "GET /ready HTTP/1.1" 200
2026-09-29 18:40:40 | INFO     | uvicorn.access | 127.0.0.1:50654 - "GET /ready HTTP/1.1" 200
2026-09-29 18:41:10 | INFO     | uvicorn.access | 127.0.0.1:35600 - "GET /ready HTTP/1.1" 200
2026-09-29 18:41:40 | INFO     | uvicorn.access | 127.0.0.1:46768 - "GET /ready HTTP/1.1" 200
2026-09-29 18:42:10 | INFO     | uvicorn.access | 127.0.0.1:54536 - "GET /ready HTTP/1.1" 200
2026-09-29 18:42:40 | INFO     | uvicorn.access | 127.0.0.1:49276 - "GET /ready HTTP/1.1" 200
2026-09-29 18:43:10 | INFO     | uvicorn.access | 127.0.0.1:47038 - "GET /ready HTTP/1.1" 200
2026-09-29 21:43:14 | INFO     | httpx | HTTP Request: GET http://testserver/health "HTTP/1.1 200 OK"
2026-09-29 21:43:14 | INFO     | httpx | HTTP Request: GET http://testserver/ready "HTTP/1.1 503 Service Unavailable"
2026-09-29 21:43:14 | INFO     | HIDS_Dependencies | Loading DetectionEvaluator (first request)...
2026-09-29 21:43:15 | INFO     | HIDS_ModelLoader | Loaded model contains 0 DetectionBlock layers — built from plain Keras layers.
2026-09-29 21:43:15 | INFO     | HIDS_ModelLoader | AI Detection Engine ready — input: (22,) output: (22,)
2026-09-29 21:43:15 | INFO     | HIDS_Evaluator | MinMaxScaler loaded successfully from models/scaler.pkl
2026-09-29 21:43:15 | INFO     | HIDS_Evaluator | Threshold parameters active — τ=0.500000 (μ=0.000000, σ=0.000000)
2026-09-29 21:43:15 | INFO     | HIDS_Dependencies | DetectionEvaluator ready.
2026-09-29 21:43:15 | INFO     | HIDS_Dependencies | Loading scaler from models/scaler.pkl...
2026-09-29 21:43:15 | INFO     | HIDS_Dependencies | Scaler loaded and verified (22 features).
2026-09-29 21:43:15 | INFO     | HIDS_API | POST /detection/predict status=422 470.27ms
2026-09-29 21:43:15 | INFO     | httpx | HTTP Request: POST http://testserver/detection/predict "HTTP/1.1 422 Unprocessable Entity"
2026-09-29 21:43:15 | INFO     | HIDS_API | GET /alerts status=307 0.44ms
2026-09-29 21:43:15 | INFO     | httpx | HTTP Request: GET http://testserver/alerts?limit=10&offset=0 "HTTP/1.1 307 Temporary Redirect"
2026-09-29 21:43:15 | INFO     | HIDS_Database | SQLite engine created: sqlite:///./hids_forensics.db
2026-09-29 21:43:15 | INFO     | HIDS_API | GET /alerts/ status=200 52.72ms
2026-09-29 21:43:15 | INFO     | httpx | HTTP Request: GET http://testserver/alerts/?limit=10&offset=0 "HTTP/1.1 200 OK"
2026-09-29 21:43:15 | INFO     | HIDS_API | GET /alerts/stats status=200 30.91ms
2026-09-29 21:43:15 | INFO     | httpx | HTTP Request: GET http://testserver/alerts/stats "HTTP/1.1 200 OK"
2026-09-29 21:43:15 | INFO     | HIDS_API | GET /alerts/999999 status=404 6.04ms
2026-09-29 21:43:15 | INFO     | httpx | HTTP Request: GET http://testserver/alerts/999999 "HTTP/1.1 404 Not Found"
2026-09-29 18:43:40 | INFO     | uvicorn.access | 127.0.0.1:55892 - "GET /ready HTTP/1.1" 200
2026-09-29 18:44:11 | INFO     | uvicorn.access | 127.0.0.1:49620 - "GET /ready HTTP/1.1" 200
2026-09-29 18:44:41 | INFO     | uvicorn.access | 127.0.0.1:47768 - "GET /ready HTTP/1.1" 200
2026-09-29 18:45:11 | INFO     | uvicorn.access | 127.0.0.1:38082 - "GET /ready HTTP/1.1" 200
2026-09-29 18:45:41 | INFO     | uvicorn.access | 127.0.0.1:51518 - "GET /ready HTTP/1.1" 200
2026-09-29 18:46:11 | INFO     | uvicorn.access | 127.0.0.1:51386 - "GET /ready HTTP/1.1" 200
2026-09-29 18:46:41 | INFO     | uvicorn.access | 127.0.0.1:33090 - "GET /ready HTTP/1.1" 200
2026-09-29 18:47:11 | INFO     | uvicorn.access | 127.0.0.1:45154 - "GET /ready HTTP/1.1" 200
2026-09-29 18:47:41 | INFO     | uvicorn.access | 127.0.0.1:45984 - "GET /ready HTTP/1.1" 200
2026-09-29 21:47:57 | INFO     | httpx | HTTP Request: GET http://testserver/health "HTTP/1.1 200 OK"
2026-09-29 21:47:57 | INFO     | httpx | HTTP Request: GET http://testserver/ready "HTTP/1.1 503 Service Unavailable"
2026-09-29 21:47:58 | INFO     | HIDS_Dependencies | Loading DetectionEvaluator (first request)...
2026-09-29 21:47:58 | INFO     | HIDS_ModelLoader | Loaded model contains 0 DetectionBlock layers — built from plain Keras layers.
2026-09-29 21:47:58 | INFO     | HIDS_ModelLoader | AI Detection Engine ready — input: (22,) output: (22,)
2026-09-29 21:47:58 | INFO     | HIDS_Evaluator | MinMaxScaler loaded successfully from models/scaler.pkl
2026-09-29 21:47:58 | INFO     | HIDS_Evaluator | Threshold parameters active — τ=0.500000 (μ=0.000000, σ=0.000000)
2026-09-29 21:47:58 | INFO     | HIDS_Dependencies | DetectionEvaluator ready.
2026-09-29 21:47:58 | INFO     | HIDS_Dependencies | Loading scaler from models/scaler.pkl...
2026-09-29 21:47:58 | INFO     | HIDS_Dependencies | Scaler loaded and verified (22 features).
2026-09-29 21:47:58 | INFO     | HIDS_API | POST /detection/predict status=422 440.22ms
2026-09-29 21:47:58 | INFO     | httpx | HTTP Request: POST http://testserver/detection/predict "HTTP/1.1 422 Unprocessable Entity"
2026-09-29 21:47:59 | INFO     | HIDS_API | GET /alerts status=307 0.46ms
2026-09-29 21:47:59 | INFO     | httpx | HTTP Request: GET http://testserver/alerts?limit=10&offset=0 "HTTP/1.1 307 Temporary Redirect"
2026-09-29 21:47:59 | INFO     | HIDS_Database | SQLite engine created: sqlite:///./hids_forensics.db
2026-09-29 21:47:59 | INFO     | HIDS_API | GET /alerts/ status=200 36.98ms
2026-09-29 21:47:59 | INFO     | httpx | HTTP Request: GET http://testserver/alerts/?limit=10&offset=0 "HTTP/1.1 200 OK"
2026-09-29 21:47:59 | INFO     | HIDS_API | GET /alerts/stats status=200 13.85ms
2026-09-29 21:47:59 | INFO     | httpx | HTTP Request: GET http://testserver/alerts/stats "HTTP/1.1 200 OK"
2026-09-29 21:47:59 | INFO     | HIDS_API | GET /alerts/999999 status=404 5.53ms
2026-09-29 21:47:59 | INFO     | httpx | HTTP Request: GET http://testserver/alerts/999999 "HTTP/1.1 404 Not Found"
2026-09-29 18:48:11 | INFO     | uvicorn.access | 127.0.0.1:55554 - "GET /ready HTTP/1.1" 200
2026-09-29 18:48:41 | INFO     | uvicorn.access | 127.0.0.1:40366 - "GET /ready HTTP/1.1" 200
2026-09-29 18:49:11 | INFO     | uvicorn.access | 127.0.0.1:51168 - "GET /ready HTTP/1.1" 200
2026-09-29 18:49:41 | INFO     | uvicorn.access | 127.0.0.1:40000 - "GET /ready HTTP/1.1" 200
2026-09-29 18:50:11 | INFO     | uvicorn.access | 127.0.0.1:38904 - "GET /ready HTTP/1.1" 200
2026-09-29 18:50:41 | INFO     | uvicorn.access | 127.0.0.1:49370 - "GET /ready HTTP/1.1" 200
2026-09-29 18:51:11 | INFO     | uvicorn.access | 127.0.0.1:38330 - "GET /ready HTTP/1.1" 200
2026-09-29 18:51:42 | INFO     | uvicorn.access | 127.0.0.1:45234 - "GET /ready HTTP/1.1" 200
2026-09-29 21:51:50 | INFO     | HIDS_API | ============================================================
2026-09-29 21:51:50 | INFO     | HIDS_API | HIDS API starting up...
2026-09-29 21:51:50 | INFO     | HIDS_Database | SQLite engine created: sqlite:///./hids_forensics.db
2026-09-29 21:51:50 | INFO     | HIDS_Database | Database schema verified / created / migrated.
2026-09-29 21:51:50 | INFO     | HIDS_API | Database schema verified.
2026-09-29 21:51:50 | INFO     | HIDS_Dependencies | Loading DetectionEvaluator (first request)...
2026-09-29 21:51:51 | INFO     | HIDS_ModelLoader | Loaded model contains 0 DetectionBlock layers — built from plain Keras layers.
2026-09-29 21:51:51 | INFO     | HIDS_ModelLoader | AI Detection Engine ready — input: (22,) output: (22,)
2026-09-29 21:51:51 | INFO     | HIDS_Evaluator | MinMaxScaler loaded successfully from models/scaler.pkl
2026-09-29 21:51:51 | INFO     | HIDS_Evaluator | Threshold parameters active — τ=0.500000 (μ=0.000000, σ=0.000000)
2026-09-29 21:51:51 | INFO     | HIDS_Dependencies | DetectionEvaluator ready.
2026-09-29 21:51:51 | INFO     | HIDS_API | DetectionEvaluator warmed successfully.
2026-09-29 21:51:51 | INFO     | HIDS_API | HIDS API ready — accepting requests.
2026-09-29 21:51:51 | INFO     | HIDS_API | ============================================================
2026-09-29 21:51:51 | INFO     | httpx | HTTP Request: GET http://testserver/health "HTTP/1.1 200 OK"
2026-09-29 21:51:51 | INFO     | HIDS_API | HIDS API shutting down.
2026-09-29 21:51:51 | INFO     | HIDS_API | ============================================================
2026-09-29 21:51:51 | INFO     | HIDS_API | HIDS API starting up...
2026-09-29 21:51:51 | INFO     | HIDS_Database | Database schema verified / created / migrated.
2026-09-29 21:51:51 | INFO     | HIDS_API | Database schema verified.
2026-09-29 21:51:51 | INFO     | HIDS_API | DetectionEvaluator warmed successfully.
2026-09-29 21:51:51 | INFO     | HIDS_API | HIDS API ready — accepting requests.
2026-09-29 21:51:51 | INFO     | HIDS_API | ============================================================
2026-09-29 21:51:51 | INFO     | HIDS_ModelLoader | Validation metrics loaded from experiments/figures/training/validation_metrics.json
2026-09-29 21:51:51 | INFO     | httpx | HTTP Request: GET http://testserver/ready "HTTP/1.1 200 OK"
2026-09-29 21:51:51 | INFO     | HIDS_API | HIDS API shutting down.
2026-09-29 21:51:51 | INFO     | HIDS_API | ============================================================
2026-09-29 21:51:51 | INFO     | HIDS_API | HIDS API starting up...
2026-09-29 21:51:51 | INFO     | HIDS_Database | Database schema verified / created / migrated.
2026-09-29 21:51:51 | INFO     | HIDS_API | Database schema verified.
2026-09-29 21:51:51 | INFO     | HIDS_API | DetectionEvaluator warmed successfully.
2026-09-29 21:51:51 | INFO     | HIDS_API | HIDS API ready — accepting requests.
2026-09-29 21:51:51 | INFO     | HIDS_API | ============================================================
2026-09-29 21:51:51 | INFO     | HIDS_Dependencies | Loading scaler from models/scaler.pkl...
2026-09-29 21:51:51 | INFO     | HIDS_Dependencies | Scaler loaded and verified (22 features).
2026-09-29 21:51:51 | INFO     | HIDS_API | POST /detection/predict status=422 6.07ms
2026-09-29 21:51:51 | INFO     | httpx | HTTP Request: POST http://testserver/detection/predict "HTTP/1.1 422 Unprocessable Entity"
2026-09-29 21:51:51 | INFO     | HIDS_API | HIDS API shutting down.
2026-09-29 21:51:51 | INFO     | HIDS_API | ============================================================
2026-09-29 21:51:51 | INFO     | HIDS_API | HIDS API starting up...
2026-09-29 21:51:51 | INFO     | HIDS_Database | Database schema verified / created / migrated.
2026-09-29 21:51:51 | INFO     | HIDS_API | Database schema verified.
2026-09-29 21:51:51 | INFO     | HIDS_API | DetectionEvaluator warmed successfully.
2026-09-29 21:51:51 | INFO     | HIDS_API | HIDS API ready — accepting requests.
2026-09-29 21:51:51 | INFO     | HIDS_API | ============================================================
2026-09-29 21:51:51 | INFO     | HIDS_API | HIDS API shutting down.
2026-09-29 21:51:52 | INFO     | HIDS_API | ============================================================
2026-09-29 21:51:52 | INFO     | HIDS_API | HIDS API starting up...
2026-09-29 21:51:52 | INFO     | HIDS_Database | Database schema verified / created / migrated.
2026-09-29 21:51:52 | INFO     | HIDS_API | Database schema verified.
2026-09-29 21:51:52 | INFO     | HIDS_API | DetectionEvaluator warmed successfully.
2026-09-29 21:51:52 | INFO     | HIDS_API | HIDS API ready — accepting requests.
2026-09-29 21:51:52 | INFO     | HIDS_API | ============================================================
2026-09-29 21:51:52 | INFO     | HIDS_API | GET /alerts status=307 0.37ms
2026-09-29 21:51:52 | INFO     | httpx | HTTP Request: GET http://testserver/alerts?limit=10&offset=0 "HTTP/1.1 307 Temporary Redirect"
2026-09-29 21:51:52 | INFO     | HIDS_API | GET /alerts/ status=200 17.01ms
2026-09-29 21:51:52 | INFO     | httpx | HTTP Request: GET http://testserver/alerts/?limit=10&offset=0 "HTTP/1.1 200 OK"
2026-09-29 21:51:52 | INFO     | HIDS_API | HIDS API shutting down.
2026-09-29 21:51:52 | INFO     | HIDS_API | ============================================================
2026-09-29 21:51:52 | INFO     | HIDS_API | HIDS API starting up...
2026-09-29 21:51:52 | INFO     | HIDS_Database | Database schema verified / created / migrated.
2026-09-29 21:51:52 | INFO     | HIDS_API | Database schema verified.
2026-09-29 21:51:52 | INFO     | HIDS_API | DetectionEvaluator warmed successfully.
2026-09-29 21:51:52 | INFO     | HIDS_API | HIDS API ready — accepting requests.
2026-09-29 21:51:52 | INFO     | HIDS_API | ============================================================
2026-09-29 21:51:52 | INFO     | HIDS_API | GET /alerts/stats status=200 13.83ms
2026-09-29 21:51:52 | INFO     | httpx | HTTP Request: GET http://testserver/alerts/stats "HTTP/1.1 200 OK"
2026-09-29 21:51:52 | INFO     | HIDS_API | HIDS API shutting down.
2026-09-29 21:51:52 | INFO     | HIDS_API | ============================================================
2026-09-29 21:51:52 | INFO     | HIDS_API | HIDS API starting up...
2026-09-29 21:51:52 | INFO     | HIDS_Database | Database schema verified / created / migrated.
2026-09-29 21:51:52 | INFO     | HIDS_API | Database schema verified.
2026-09-29 21:51:52 | INFO     | HIDS_API | DetectionEvaluator warmed successfully.
2026-09-29 21:51:52 | INFO     | HIDS_API | HIDS API ready — accepting requests.
2026-09-29 21:51:52 | INFO     | HIDS_API | ============================================================
2026-09-29 21:51:52 | INFO     | HIDS_API | GET /alerts/999999 status=404 4.54ms
2026-09-29 21:51:52 | INFO     | httpx | HTTP Request: GET http://testserver/alerts/999999 "HTTP/1.1 404 Not Found"
2026-09-29 21:51:52 | INFO     | HIDS_API | HIDS API shutting down.
2026-09-29 18:52:12 | INFO     | uvicorn.access | 127.0.0.1:48524 - "GET /ready HTTP/1.1" 200
2026-09-29 18:52:42 | INFO     | uvicorn.access | 127.0.0.1:50822 - "GET /ready HTTP/1.1" 200
2026-09-29 18:53:12 | INFO     | uvicorn.access | 127.0.0.1:59240 - "GET /ready HTTP/1.1" 200
2026-09-29 18:53:42 | INFO     | uvicorn.access | 127.0.0.1:38020 - "GET /ready HTTP/1.1" 200
2026-09-29 18:54:12 | INFO     | uvicorn.access | 127.0.0.1:59176 - "GET /ready HTTP/1.1" 200
2026-09-29 18:54:42 | INFO     | uvicorn.access | 127.0.0.1:43426 - "GET /ready HTTP/1.1" 200
2026-09-29 21:54:45 | INFO     | HIDS_API | ============================================================
2026-09-29 21:54:45 | INFO     | HIDS_API | HIDS API starting up...
2026-09-29 21:54:45 | INFO     | HIDS_Database | SQLite engine created: sqlite:///./hids_forensics.db
2026-09-29 21:54:45 | INFO     | HIDS_Database | Database schema verified / created / migrated.
2026-09-29 21:54:45 | INFO     | HIDS_API | Database schema verified.
2026-09-29 21:54:45 | INFO     | HIDS_Dependencies | Loading DetectionEvaluator (first request)...
2026-09-29 21:54:46 | INFO     | HIDS_ModelLoader | Loaded model contains 0 DetectionBlock layers — built from plain Keras layers.
2026-09-29 21:54:46 | INFO     | HIDS_ModelLoader | AI Detection Engine ready — input: (22,) output: (22,)
2026-09-29 21:54:46 | INFO     | HIDS_Evaluator | MinMaxScaler loaded successfully from models/scaler.pkl
2026-09-29 21:54:46 | INFO     | HIDS_Evaluator | Threshold parameters active — τ=0.500000 (μ=0.000000, σ=0.000000)
2026-09-29 21:54:46 | INFO     | HIDS_Dependencies | DetectionEvaluator ready.
2026-09-29 21:54:46 | INFO     | HIDS_API | DetectionEvaluator warmed successfully.
2026-09-29 21:54:46 | INFO     | HIDS_API | HIDS API ready — accepting requests.
2026-09-29 21:54:46 | INFO     | HIDS_API | ============================================================
2026-09-29 21:54:46 | INFO     | httpx | HTTP Request: GET http://testserver/health "HTTP/1.1 200 OK"
2026-09-29 21:54:46 | INFO     | HIDS_API | HIDS API shutting down.
2026-09-29 21:54:46 | INFO     | HIDS_API | ============================================================
2026-09-29 21:54:46 | INFO     | HIDS_API | HIDS API starting up...
2026-09-29 21:54:46 | INFO     | HIDS_Database | Database schema verified / created / migrated.
2026-09-29 21:54:46 | INFO     | HIDS_API | Database schema verified.
2026-09-29 21:54:46 | INFO     | HIDS_API | DetectionEvaluator warmed successfully.
2026-09-29 21:54:46 | INFO     | HIDS_API | HIDS API ready — accepting requests.
2026-09-29 21:54:46 | INFO     | HIDS_API | ============================================================
2026-09-29 21:54:46 | INFO     | HIDS_ModelLoader | Validation metrics loaded from experiments/figures/training/validation_metrics.json
2026-09-29 21:54:46 | INFO     | httpx | HTTP Request: GET http://testserver/ready "HTTP/1.1 200 OK"
2026-09-29 21:54:46 | INFO     | HIDS_API | HIDS API shutting down.
2026-09-29 21:54:46 | INFO     | HIDS_API | ============================================================
2026-09-29 21:54:46 | INFO     | HIDS_API | HIDS API starting up...
2026-09-29 21:54:46 | INFO     | HIDS_Database | Database schema verified / created / migrated.
2026-09-29 21:54:46 | INFO     | HIDS_API | Database schema verified.
2026-09-29 21:54:46 | INFO     | HIDS_API | DetectionEvaluator warmed successfully.
2026-09-29 21:54:46 | INFO     | HIDS_API | HIDS API ready — accepting requests.
2026-09-29 21:54:46 | INFO     | HIDS_API | ============================================================
2026-09-29 21:54:46 | INFO     | HIDS_Dependencies | Loading scaler from models/scaler.pkl...
2026-09-29 21:54:46 | INFO     | HIDS_Dependencies | Scaler loaded and verified (22 features).
2026-09-29 21:54:46 | INFO     | HIDS_API | POST /detection/predict status=422 5.15ms
2026-09-29 21:54:46 | INFO     | httpx | HTTP Request: POST http://testserver/detection/predict "HTTP/1.1 422 Unprocessable Entity"
2026-09-29 21:54:46 | INFO     | HIDS_API | HIDS API shutting down.
2026-09-29 21:54:46 | INFO     | HIDS_API | ============================================================
2026-09-29 21:54:46 | INFO     | HIDS_API | HIDS API starting up...
2026-09-29 21:54:46 | INFO     | HIDS_Database | Database schema verified / created / migrated.
2026-09-29 21:54:46 | INFO     | HIDS_API | Database schema verified.
2026-09-29 21:54:46 | INFO     | HIDS_API | DetectionEvaluator warmed successfully.
2026-09-29 21:54:46 | INFO     | HIDS_API | HIDS API ready — accepting requests.
2026-09-29 21:54:46 | INFO     | HIDS_API | ============================================================
2026-09-29 21:54:46 | INFO     | HIDS_API | HIDS API shutting down.
2026-09-29 21:54:47 | INFO     | HIDS_API | ============================================================
2026-09-29 21:54:47 | INFO     | HIDS_API | HIDS API starting up...
2026-09-29 21:54:47 | INFO     | HIDS_Database | Database schema verified / created / migrated.
2026-09-29 21:54:47 | INFO     | HIDS_API | Database schema verified.
2026-09-29 21:54:47 | INFO     | HIDS_API | DetectionEvaluator warmed successfully.
2026-09-29 21:54:47 | INFO     | HIDS_API | HIDS API ready — accepting requests.
2026-09-29 21:54:47 | INFO     | HIDS_API | ============================================================
2026-09-29 21:54:47 | INFO     | HIDS_API | GET /alerts/ status=200 16.42ms
2026-09-29 21:54:47 | INFO     | httpx | HTTP Request: GET http://testserver/alerts/?limit=10&offset=0 "HTTP/1.1 200 OK"
2026-09-29 21:54:47 | INFO     | HIDS_API | HIDS API shutting down.
2026-09-29 21:54:47 | INFO     | HIDS_API | ============================================================
2026-09-29 21:54:47 | INFO     | HIDS_API | HIDS API starting up...
2026-09-29 21:54:47 | INFO     | HIDS_Database | Database schema verified / created / migrated.
2026-09-29 21:54:47 | INFO     | HIDS_API | Database schema verified.
2026-09-29 21:54:47 | INFO     | HIDS_API | DetectionEvaluator warmed successfully.
2026-09-29 21:54:47 | INFO     | HIDS_API | HIDS API ready — accepting requests.
2026-09-29 21:54:47 | INFO     | HIDS_API | ============================================================
2026-09-29 21:54:47 | INFO     | HIDS_API | GET /alerts/stats status=200 13.37ms
2026-09-29 21:54:47 | INFO     | httpx | HTTP Request: GET http://testserver/alerts/stats "HTTP/1.1 200 OK"
2026-09-29 21:54:47 | INFO     | HIDS_API | HIDS API shutting down.
2026-09-29 21:54:47 | INFO     | HIDS_API | ============================================================
2026-09-29 21:54:47 | INFO     | HIDS_API | HIDS API starting up...
2026-09-29 21:54:47 | INFO     | HIDS_Database | Database schema verified / created / migrated.
2026-09-29 21:54:47 | INFO     | HIDS_API | Database schema verified.
2026-09-29 21:54:47 | INFO     | HIDS_API | DetectionEvaluator warmed successfully.
2026-09-29 21:54:47 | INFO     | HIDS_API | HIDS API ready — accepting requests.
2026-09-29 21:54:47 | INFO     | HIDS_API | ============================================================
2026-09-29 21:54:47 | INFO     | HIDS_API | GET /alerts/999999 status=404 4.52ms
2026-09-29 21:54:47 | INFO     | httpx | HTTP Request: GET http://testserver/alerts/999999 "HTTP/1.1 404 Not Found"
2026-09-29 21:54:47 | INFO     | HIDS_API | HIDS API shutting down.
2026-09-29 18:55:12 | INFO     | uvicorn.access | 127.0.0.1:39088 - "GET /ready HTTP/1.1" 200
2026-09-29 18:55:42 | INFO     | uvicorn.access | 127.0.0.1:46300 - "GET /ready HTTP/1.1" 200
2026-09-29 18:56:12 | INFO     | uvicorn.access | 127.0.0.1:37792 - "GET /ready HTTP/1.1" 200
2026-09-29 21:56:13 | INFO     | HIDS_API | ============================================================
2026-09-29 21:56:13 | INFO     | HIDS_API | HIDS API starting up...
2026-09-29 21:56:13 | INFO     | HIDS_Database | SQLite engine created: sqlite:///./hids_forensics.db
2026-09-29 21:56:13 | INFO     | HIDS_Database | Database schema verified / created / migrated.
2026-09-29 21:56:13 | INFO     | HIDS_API | Database schema verified.
2026-09-29 21:56:13 | INFO     | HIDS_Dependencies | Loading DetectionEvaluator (first request)...
2026-09-29 21:56:13 | INFO     | HIDS_ModelLoader | Loaded model contains 0 DetectionBlock layers — built from plain Keras layers.
2026-09-29 21:56:13 | INFO     | HIDS_ModelLoader | AI Detection Engine ready — input: (22,) output: (22,)
2026-09-29 21:56:13 | INFO     | HIDS_Evaluator | MinMaxScaler loaded successfully from models/scaler.pkl
2026-09-29 21:56:13 | INFO     | HIDS_Evaluator | Threshold parameters active — τ=0.500000 (μ=0.000000, σ=0.000000)
2026-09-29 21:56:13 | INFO     | HIDS_Dependencies | DetectionEvaluator ready.
2026-09-29 21:56:13 | INFO     | HIDS_API | DetectionEvaluator warmed successfully.
2026-09-29 21:56:13 | INFO     | HIDS_API | HIDS API ready — accepting requests.
2026-09-29 21:56:13 | INFO     | HIDS_API | ============================================================
2026-09-29 21:56:13 | INFO     | httpx | HTTP Request: GET http://testserver/health "HTTP/1.1 200 OK"
2026-09-29 21:56:13 | INFO     | HIDS_API | HIDS API shutting down.
2026-09-29 21:56:13 | INFO     | HIDS_API | ============================================================
2026-09-29 21:56:13 | INFO     | HIDS_API | HIDS API starting up...
2026-09-29 21:56:13 | INFO     | HIDS_Database | Database schema verified / created / migrated.
2026-09-29 21:56:13 | INFO     | HIDS_API | Database schema verified.
2026-09-29 21:56:13 | INFO     | HIDS_API | DetectionEvaluator warmed successfully.
2026-09-29 21:56:13 | INFO     | HIDS_API | HIDS API ready — accepting requests.
2026-09-29 21:56:13 | INFO     | HIDS_API | ============================================================
2026-09-29 21:56:13 | INFO     | HIDS_ModelLoader | Validation metrics loaded from experiments/figures/training/validation_metrics.json
2026-09-29 21:56:13 | INFO     | httpx | HTTP Request: GET http://testserver/ready "HTTP/1.1 200 OK"
2026-09-29 21:56:13 | INFO     | HIDS_API | HIDS API shutting down.
2026-09-29 21:56:13 | INFO     | HIDS_API | ============================================================
2026-09-29 21:56:13 | INFO     | HIDS_API | HIDS API starting up...
2026-09-29 21:56:13 | INFO     | HIDS_Database | Database schema verified / created / migrated.
2026-09-29 21:56:13 | INFO     | HIDS_API | Database schema verified.
2026-09-29 21:56:13 | INFO     | HIDS_API | DetectionEvaluator warmed successfully.
2026-09-29 21:56:13 | INFO     | HIDS_API | HIDS API ready — accepting requests.
2026-09-29 21:56:13 | INFO     | HIDS_API | ============================================================
2026-09-29 21:56:13 | INFO     | HIDS_Dependencies | Loading scaler from models/scaler.pkl...
2026-09-29 21:56:13 | INFO     | HIDS_Dependencies | Scaler loaded and verified (22 features).
2026-09-29 21:56:13 | INFO     | HIDS_API | POST /detection/predict status=422 5.50ms
2026-09-29 21:56:13 | INFO     | httpx | HTTP Request: POST http://testserver/detection/predict "HTTP/1.1 422 Unprocessable Entity"
2026-09-29 21:56:13 | INFO     | HIDS_API | HIDS API shutting down.
2026-09-29 21:56:13 | INFO     | HIDS_API | ============================================================
2026-09-29 21:56:13 | INFO     | HIDS_API | HIDS API starting up...
2026-09-29 21:56:13 | INFO     | HIDS_Database | Database schema verified / created / migrated.
2026-09-29 21:56:13 | INFO     | HIDS_API | Database schema verified.
2026-09-29 21:56:13 | INFO     | HIDS_API | DetectionEvaluator warmed successfully.
2026-09-29 21:56:13 | INFO     | HIDS_API | HIDS API ready — accepting requests.
2026-09-29 21:56:13 | INFO     | HIDS_API | ============================================================
2026-09-29 21:56:13 | INFO     | HIDS_API | POST /detection/predict status=422 2.13ms
2026-09-29 21:56:13 | INFO     | httpx | HTTP Request: POST http://testserver/detection/predict "HTTP/1.1 422 Unprocessable Entity"
2026-09-29 21:56:13 | INFO     | HIDS_API | HIDS API shutting down.
2026-09-29 21:56:13 | INFO     | HIDS_API | ============================================================
2026-09-29 21:56:13 | INFO     | HIDS_API | HIDS API starting up...
2026-09-29 21:56:13 | INFO     | HIDS_Database | Database schema verified / created / migrated.
2026-09-29 21:56:13 | INFO     | HIDS_API | Database schema verified.
2026-09-29 21:56:13 | INFO     | HIDS_API | DetectionEvaluator warmed successfully.
2026-09-29 21:56:13 | INFO     | HIDS_API | HIDS API ready — accepting requests.
2026-09-29 21:56:13 | INFO     | HIDS_API | ============================================================
2026-09-29 21:56:14 | INFO     | HIDS_API | GET /alerts/ status=200 19.51ms
2026-09-29 21:56:14 | INFO     | httpx | HTTP Request: GET http://testserver/alerts/?limit=10&offset=0 "HTTP/1.1 200 OK"
2026-09-29 21:56:14 | INFO     | HIDS_API | HIDS API shutting down.
2026-09-29 21:56:14 | INFO     | HIDS_API | ============================================================
2026-09-29 21:56:14 | INFO     | HIDS_API | HIDS API starting up...
2026-09-29 21:56:14 | INFO     | HIDS_Database | Database schema verified / created / migrated.
2026-09-29 21:56:14 | INFO     | HIDS_API | Database schema verified.
2026-09-29 21:56:14 | INFO     | HIDS_API | DetectionEvaluator warmed successfully.
2026-09-29 21:56:14 | INFO     | HIDS_API | HIDS API ready — accepting requests.
2026-09-29 21:56:14 | INFO     | HIDS_API | ============================================================
2026-09-29 21:56:14 | INFO     | HIDS_API | GET /alerts/stats status=200 16.74ms
2026-09-29 21:56:14 | INFO     | httpx | HTTP Request: GET http://testserver/alerts/stats "HTTP/1.1 200 OK"
2026-09-29 21:56:14 | INFO     | HIDS_API | HIDS API shutting down.
2026-09-29 21:56:14 | INFO     | HIDS_API | ============================================================
2026-09-29 21:56:14 | INFO     | HIDS_API | HIDS API starting up...
2026-09-29 21:56:14 | INFO     | HIDS_Database | Database schema verified / created / migrated.
2026-09-29 21:56:14 | INFO     | HIDS_API | Database schema verified.
2026-09-29 21:56:14 | INFO     | HIDS_API | DetectionEvaluator warmed successfully.
2026-09-29 21:56:14 | INFO     | HIDS_API | HIDS API ready — accepting requests.
2026-09-29 21:56:14 | INFO     | HIDS_API | ============================================================
2026-09-29 21:56:14 | INFO     | HIDS_API | GET /alerts/999999 status=404 5.19ms
2026-09-29 21:56:14 | INFO     | httpx | HTTP Request: GET http://testserver/alerts/999999 "HTTP/1.1 404 Not Found"
2026-09-29 21:56:14 | INFO     | HIDS_API | HIDS API shutting down.
2026-09-29 18:56:42 | INFO     | uvicorn.access | 127.0.0.1:54478 - "GET /ready HTTP/1.1" 200
2026-09-29 18:57:12 | INFO     | uvicorn.access | 127.0.0.1:38114 - "GET /ready HTTP/1.1" 200
2026-09-29 18:57:42 | INFO     | uvicorn.access | 127.0.0.1:39060 - "GET /ready HTTP/1.1" 200
2026-09-29 18:58:12 | INFO     | uvicorn.access | 127.0.0.1:56566 - "GET /ready HTTP/1.1" 200
2026-09-29 18:58:42 | INFO     | uvicorn.access | 127.0.0.1:59122 - "GET /ready HTTP/1.1" 200
2026-09-29 18:59:12 | INFO     | uvicorn.access | 127.0.0.1:58154 - "GET /ready HTTP/1.1" 200
2026-09-29 18:59:42 | INFO     | uvicorn.access | 127.0.0.1:48724 - "GET /ready HTTP/1.1" 200
2026-09-29 19:00:12 | INFO     | uvicorn.access | 127.0.0.1:39376 - "GET /ready HTTP/1.1" 200
2026-09-29 19:00:43 | INFO     | uvicorn.access | 127.0.0.1:48580 - "GET /ready HTTP/1.1" 200
2026-09-29 19:01:13 | INFO     | uvicorn.access | 127.0.0.1:38444 - "GET /ready HTTP/1.1" 200
2026-09-29 19:01:43 | INFO     | uvicorn.access | 127.0.0.1:58184 - "GET /ready HTTP/1.1" 200
2026-09-29 19:02:13 | INFO     | uvicorn.access | 127.0.0.1:38858 - "GET /ready HTTP/1.1" 200
2026-09-29 19:02:43 | INFO     | uvicorn.access | 127.0.0.1:32936 - "GET /ready HTTP/1.1" 200
2026-09-29 19:03:13 | INFO     | uvicorn.access | 127.0.0.1:42650 - "GET /ready HTTP/1.1" 200
2026-09-29 19:03:43 | INFO     | uvicorn.access | 127.0.0.1:54226 - "GET /ready HTTP/1.1" 200
2026-09-29 19:04:13 | INFO     | uvicorn.access | 127.0.0.1:38308 - "GET /ready HTTP/1.1" 200
2026-09-29 19:04:43 | INFO     | uvicorn.access | 127.0.0.1:38508 - "GET /ready HTTP/1.1" 200
2026-09-29 19:05:13 | INFO     | uvicorn.access | 127.0.0.1:54524 - "GET /ready HTTP/1.1" 200
2026-09-29 19:05:43 | INFO     | uvicorn.access | 127.0.0.1:46976 - "GET /ready HTTP/1.1" 200
2026-09-29 19:06:13 | INFO     | uvicorn.access | 127.0.0.1:33968 - "GET /ready HTTP/1.1" 200
2026-09-29 19:06:43 | INFO     | uvicorn.access | 127.0.0.1:32796 - "GET /ready HTTP/1.1" 200
2026-09-29 19:07:13 | INFO     | uvicorn.access | 127.0.0.1:59598 - "GET /ready HTTP/1.1" 200
2026-09-29 19:07:43 | INFO     | uvicorn.access | 127.0.0.1:59598 - "GET /ready HTTP/1.1" 200
2026-09-29 19:08:14 | INFO     | uvicorn.access | 127.0.0.1:43198 - "GET /ready HTTP/1.1" 200
2026-09-29 19:08:44 | INFO     | uvicorn.access | 127.0.0.1:44536 - "GET /ready HTTP/1.1" 200
2026-09-29 19:09:14 | INFO     | uvicorn.access | 127.0.0.1:52904 - "GET /ready HTTP/1.1" 200
2026-09-29 19:09:44 | INFO     | uvicorn.access | 127.0.0.1:58902 - "GET /ready HTTP/1.1" 200
2026-09-29 19:10:14 | INFO     | uvicorn.access | 127.0.0.1:57794 - "GET /ready HTTP/1.1" 200
2026-09-29 19:10:44 | INFO     | uvicorn.access | 127.0.0.1:44060 - "GET /ready HTTP/1.1" 200
2026-09-29 19:11:14 | INFO     | uvicorn.access | 127.0.0.1:53260 - "GET /ready HTTP/1.1" 200
2026-09-29 19:11:44 | INFO     | uvicorn.access | 127.0.0.1:57942 - "GET /ready HTTP/1.1" 200
2026-09-29 19:12:14 | INFO     | uvicorn.access | 127.0.0.1:33200 - "GET /ready HTTP/1.1" 200
2026-09-29 19:12:44 | INFO     | uvicorn.access | 127.0.0.1:49962 - "GET /ready HTTP/1.1" 200
2026-09-29 19:13:14 | INFO     | uvicorn.access | 127.0.0.1:45814 - "GET /ready HTTP/1.1" 200
2026-09-29 19:13:44 | INFO     | uvicorn.access | 127.0.0.1:34604 - "GET /ready HTTP/1.1" 200
2026-09-29 19:14:14 | INFO     | uvicorn.access | 127.0.0.1:32954 - "GET /ready HTTP/1.1" 200
2026-09-29 19:14:44 | INFO     | uvicorn.access | 127.0.0.1:49990 - "GET /ready HTTP/1.1" 200
2026-09-29 19:15:14 | INFO     | uvicorn.access | 127.0.0.1:49790 - "GET /ready HTTP/1.1" 200
2026-09-29 19:15:45 | INFO     | uvicorn.access | 127.0.0.1:35678 - "GET /ready HTTP/1.1" 200
2026-09-29 19:16:15 | INFO     | uvicorn.access | 127.0.0.1:43318 - "GET /ready HTTP/1.1" 200
2026-09-29 19:16:45 | INFO     | uvicorn.access | 127.0.0.1:57800 - "GET /ready HTTP/1.1" 200
2026-09-29 19:17:15 | INFO     | uvicorn.access | 127.0.0.1:41370 - "GET /ready HTTP/1.1" 200
2026-09-29 19:17:45 | INFO     | uvicorn.access | 127.0.0.1:39206 - "GET /ready HTTP/1.1" 200
2026-09-29 19:18:15 | INFO     | uvicorn.access | 127.0.0.1:53826 - "GET /ready HTTP/1.1" 200
2026-09-29 19:18:45 | INFO     | uvicorn.access | 127.0.0.1:58920 - "GET /ready HTTP/1.1" 200
2026-09-29 19:19:15 | INFO     | uvicorn.access | 127.0.0.1:40686 - "GET /ready HTTP/1.1" 200
2026-09-29 19:19:45 | INFO     | uvicorn.access | 127.0.0.1:59660 - "GET /ready HTTP/1.1" 200
2026-09-29 19:20:15 | INFO     | uvicorn.access | 127.0.0.1:44006 - "GET /ready HTTP/1.1" 200
2026-09-29 19:20:45 | INFO     | uvicorn.access | 127.0.0.1:43756 - "GET /ready HTTP/1.1" 200
2026-09-29 19:21:15 | INFO     | uvicorn.access | 127.0.0.1:54110 - "GET /ready HTTP/1.1" 200
2026-09-29 19:21:45 | INFO     | uvicorn.access | 127.0.0.1:54080 - "GET /ready HTTP/1.1" 200
2026-09-29 19:22:15 | INFO     | uvicorn.access | 127.0.0.1:35548 - "GET /ready HTTP/1.1" 200
2026-09-29 19:22:45 | INFO     | uvicorn.access | 127.0.0.1:47478 - "GET /ready HTTP/1.1" 200
2026-09-29 19:23:16 | INFO     | uvicorn.access | 127.0.0.1:51346 - "GET /ready HTTP/1.1" 200
2026-09-29 19:23:46 | INFO     | uvicorn.access | 127.0.0.1:46856 - "GET /ready HTTP/1.1" 200
2026-09-29 19:24:16 | INFO     | uvicorn.access | 127.0.0.1:33442 - "GET /ready HTTP/1.1" 200
2026-09-29 19:24:46 | INFO     | uvicorn.access | 127.0.0.1:33196 - "GET /ready HTTP/1.1" 200
2026-09-29 19:25:16 | INFO     | uvicorn.access | 127.0.0.1:50660 - "GET /ready HTTP/1.1" 200
2026-09-29 19:25:46 | INFO     | uvicorn.access | 127.0.0.1:59624 - "GET /ready HTTP/1.1" 200
2026-09-29 19:26:16 | INFO     | uvicorn.access | 127.0.0.1:56474 - "GET /ready HTTP/1.1" 200
2026-09-29 19:26:46 | INFO     | uvicorn.access | 127.0.0.1:49942 - "GET /ready HTTP/1.1" 200
2026-09-29 19:27:16 | INFO     | uvicorn.access | 127.0.0.1:38264 - "GET /ready HTTP/1.1" 200
2026-09-29 19:27:46 | INFO     | uvicorn.access | 127.0.0.1:34418 - "GET /ready HTTP/1.1" 200
2026-09-29 19:28:16 | INFO     | uvicorn.access | 127.0.0.1:44054 - "GET /ready HTTP/1.1" 200
2026-09-29 19:28:46 | INFO     | uvicorn.access | 127.0.0.1:53368 - "GET /ready HTTP/1.1" 200
2026-09-29 19:29:16 | INFO     | uvicorn.access | 127.0.0.1:53118 - "GET /ready HTTP/1.1" 200
2026-09-29 19:29:46 | INFO     | uvicorn.access | 127.0.0.1:50040 - "GET /ready HTTP/1.1" 200
2026-09-29 19:30:16 | INFO     | uvicorn.access | 127.0.0.1:43978 - "GET /ready HTTP/1.1" 200
2026-09-29 19:30:46 | INFO     | uvicorn.access | 127.0.0.1:56830 - "GET /ready HTTP/1.1" 200
2026-09-29 19:31:17 | INFO     | uvicorn.access | 127.0.0.1:33896 - "GET /ready HTTP/1.1" 200
2026-09-29 19:31:47 | INFO     | uvicorn.access | 127.0.0.1:33934 - "GET /ready HTTP/1.1" 200
2026-09-29 19:32:17 | INFO     | uvicorn.access | 127.0.0.1:47846 - "GET /ready HTTP/1.1" 200
2026-09-29 19:32:47 | INFO     | uvicorn.access | 127.0.0.1:35680 - "GET /ready HTTP/1.1" 200
2026-09-29 19:33:17 | INFO     | uvicorn.access | 127.0.0.1:50078 - "GET /ready HTTP/1.1" 200
2026-09-29 19:33:47 | INFO     | uvicorn.access | 127.0.0.1:45568 - "GET /ready HTTP/1.1" 200
2026-09-29 19:34:17 | INFO     | uvicorn.access | 127.0.0.1:36940 - "GET /ready HTTP/1.1" 200
2026-09-29 19:34:47 | INFO     | uvicorn.access | 127.0.0.1:60340 - "GET /ready HTTP/1.1" 200
2026-09-29 19:35:17 | INFO     | uvicorn.access | 127.0.0.1:59680 - "GET /ready HTTP/1.1" 200
2026-09-29 19:35:47 | INFO     | uvicorn.access | 127.0.0.1:59682 - "GET /ready HTTP/1.1" 200
2026-09-29 19:36:17 | INFO     | uvicorn.access | 127.0.0.1:55736 - "GET /ready HTTP/1.1" 200
2026-09-29 19:36:47 | INFO     | uvicorn.access | 127.0.0.1:49218 - "GET /ready HTTP/1.1" 200
2026-09-29 19:37:17 | INFO     | uvicorn.access | 127.0.0.1:43566 - "GET /ready HTTP/1.1" 200
2026-09-29 19:37:47 | INFO     | uvicorn.access | 127.0.0.1:38364 - "GET /ready HTTP/1.1" 200
2026-09-29 19:38:17 | INFO     | uvicorn.access | 127.0.0.1:58818 - "GET /ready HTTP/1.1" 200
2026-09-29 19:38:48 | INFO     | uvicorn.access | 127.0.0.1:60664 - "GET /ready HTTP/1.1" 200
2026-09-29 19:39:18 | INFO     | uvicorn.access | 127.0.0.1:49234 - "GET /ready HTTP/1.1" 200
2026-09-29 19:39:48 | INFO     | uvicorn.access | 127.0.0.1:56386 - "GET /ready HTTP/1.1" 200
2026-09-29 19:40:18 | INFO     | uvicorn.access | 127.0.0.1:52514 - "GET /ready HTTP/1.1" 200
2026-09-29 19:40:48 | INFO     | uvicorn.access | 127.0.0.1:60122 - "GET /ready HTTP/1.1" 200
2026-09-29 19:41:18 | INFO     | uvicorn.access | 127.0.0.1:57758 - "GET /ready HTTP/1.1" 200
2026-09-29 19:41:48 | INFO     | uvicorn.access | 127.0.0.1:44206 - "GET /ready HTTP/1.1" 200
2026-09-29 19:42:18 | INFO     | uvicorn.access | 127.0.0.1:54324 - "GET /ready HTTP/1.1" 200
2026-09-29 19:42:48 | INFO     | uvicorn.access | 127.0.0.1:38280 - "GET /ready HTTP/1.1" 200
2026-09-29 19:43:18 | INFO     | uvicorn.access | 127.0.0.1:47372 - "GET /ready HTTP/1.1" 200
2026-09-29 19:43:48 | INFO     | uvicorn.access | 127.0.0.1:33382 - "GET /ready HTTP/1.1" 200
2026-09-29 19:44:18 | INFO     | uvicorn.access | 127.0.0.1:35370 - "GET /ready HTTP/1.1" 200
2026-09-29 19:44:48 | INFO     | uvicorn.access | 127.0.0.1:55722 - "GET /ready HTTP/1.1" 200
2026-09-29 19:45:18 | INFO     | uvicorn.access | 127.0.0.1:47992 - "GET /ready HTTP/1.1" 200
2026-09-29 19:45:48 | INFO     | uvicorn.access | 127.0.0.1:33444 - "GET /ready HTTP/1.1" 200
2026-09-29 19:46:19 | INFO     | uvicorn.access | 127.0.0.1:33834 - "GET /ready HTTP/1.1" 200
2026-09-29 19:46:49 | INFO     | uvicorn.access | 127.0.0.1:49074 - "GET /ready HTTP/1.1" 200
2026-09-29 19:47:19 | INFO     | uvicorn.access | 127.0.0.1:43954 - "GET /ready HTTP/1.1" 200
2026-09-29 19:47:49 | INFO     | uvicorn.access | 127.0.0.1:39928 - "GET /ready HTTP/1.1" 200
2026-09-29 19:48:19 | INFO     | uvicorn.access | 127.0.0.1:48958 - "GET /ready HTTP/1.1" 200
2026-09-29 19:48:49 | INFO     | uvicorn.access | 127.0.0.1:41036 - "GET /ready HTTP/1.1" 200
2026-09-29 19:49:19 | INFO     | uvicorn.access | 127.0.0.1:55312 - "GET /ready HTTP/1.1" 200
2026-09-29 19:49:49 | INFO     | uvicorn.access | 127.0.0.1:59594 - "GET /ready HTTP/1.1" 200
2026-09-29 19:50:19 | INFO     | uvicorn.access | 127.0.0.1:42734 - "GET /ready HTTP/1.1" 200
2026-09-29 19:50:49 | INFO     | uvicorn.access | 127.0.0.1:45974 - "GET /ready HTTP/1.1" 200
2026-09-29 19:51:19 | INFO     | uvicorn.access | 127.0.0.1:43508 - "GET /ready HTTP/1.1" 200
2026-09-29 19:51:49 | INFO     | uvicorn.access | 127.0.0.1:58324 - "GET /ready HTTP/1.1" 200
2026-09-29 19:52:20 | INFO     | uvicorn.access | 127.0.0.1:35792 - "GET /ready HTTP/1.1" 200
2026-09-29 19:52:50 | INFO     | uvicorn.access | 127.0.0.1:42286 - "GET /ready HTTP/1.1" 200
2026-09-29 19:53:20 | INFO     | uvicorn.access | 127.0.0.1:60166 - "GET /ready HTTP/1.1" 200
2026-09-29 19:53:50 | INFO     | uvicorn.access | 127.0.0.1:51502 - "GET /ready HTTP/1.1" 200
2026-09-29 19:54:20 | INFO     | uvicorn.access | 127.0.0.1:36400 - "GET /ready HTTP/1.1" 200
2026-09-29 19:54:50 | INFO     | uvicorn.access | 127.0.0.1:47816 - "GET /ready HTTP/1.1" 200
2026-09-29 19:55:20 | INFO     | uvicorn.access | 127.0.0.1:41212 - "GET /ready HTTP/1.1" 200
2026-09-29 19:55:50 | INFO     | uvicorn.access | 127.0.0.1:34080 - "GET /ready HTTP/1.1" 200
2026-09-29 19:56:20 | INFO     | uvicorn.access | 127.0.0.1:57332 - "GET /ready HTTP/1.1" 200
2026-09-29 19:56:50 | INFO     | uvicorn.access | 127.0.0.1:39150 - "GET /ready HTTP/1.1" 200
2026-09-29 19:57:20 | INFO     | uvicorn.access | 127.0.0.1:35194 - "GET /ready HTTP/1.1" 200
2026-09-29 19:57:50 | INFO     | uvicorn.access | 127.0.0.1:50066 - "GET /ready HTTP/1.1" 200
2026-09-29 19:58:20 | INFO     | uvicorn.access | 127.0.0.1:34326 - "GET /ready HTTP/1.1" 200
2026-09-29 19:58:50 | INFO     | uvicorn.access | 127.0.0.1:37122 - "GET /ready HTTP/1.1" 200
2026-09-29 19:59:20 | INFO     | uvicorn.access | 127.0.0.1:56704 - "GET /ready HTTP/1.1" 200
2026-09-29 19:59:51 | INFO     | uvicorn.access | 127.0.0.1:38252 - "GET /ready HTTP/1.1" 200
2026-09-29 20:00:21 | INFO     | uvicorn.access | 127.0.0.1:51642 - "GET /ready HTTP/1.1" 200
2026-09-29 20:00:51 | INFO     | uvicorn.access | 127.0.0.1:46260 - "GET /ready HTTP/1.1" 200
2026-09-29 20:01:21 | INFO     | uvicorn.access | 127.0.0.1:42704 - "GET /ready HTTP/1.1" 200
2026-09-29 20:01:51 | INFO     | uvicorn.access | 127.0.0.1:55426 - "GET /ready HTTP/1.1" 200
2026-09-29 20:02:21 | INFO     | uvicorn.access | 127.0.0.1:41996 - "GET /ready HTTP/1.1" 200
2026-09-29 23:02:33 | INFO     | HIDS_MonitorService | MonitorService ready — interface=wlo1 api=http://127.0.0.1:9000/detection/predict
2026-09-29 23:02:33 | INFO     | HIDS_Sniffer | Worker thread ready.
2026-09-29 23:02:33 | INFO     | HIDS_Sniffer | Sniff loop active on interface: wlo1
2026-09-29 23:02:33 | INFO     | HIDS_Sniffer | HIDS Engine Online — monitoring 'wlo1' in promiscuous mode.
2026-09-29 23:02:33 | ERROR    | HIDS_Sniffer | Sniff loop error: [Errno 1] Operation not permitted
2026-09-29 23:02:33 | INFO     | HIDS_MonitorService | HIDS engine started on interface 'wlo1'.
2026-09-29 23:02:36 | INFO     | HIDS_CRUD | Alert created — id=4456 severity=High score=3.000000 threshold=1.000000 encrypted=True is_fp=False
2026-09-29 23:02:36 | INFO     | HIDS_ModelLoader | Loaded model contains 0 DetectionBlock layers — built from plain Keras layers.
2026-09-29 23:02:36 | INFO     | HIDS_ModelLoader | AI Detection Engine ready — input: (22,) output: (22,)
2026-09-29 23:02:36 | INFO     | HIDS_Evaluator | MinMaxScaler loaded successfully from models/scaler.pkl
2026-09-29 23:02:36 | INFO     | HIDS_Evaluator | Threshold parameters active — τ=0.500000 (μ=0.000000, σ=0.000000)
2026-09-29 23:02:36 | INFO     | HIDS_API | ============================================================
2026-09-29 23:02:36 | INFO     | HIDS_API | HIDS API starting up...
2026-09-29 23:02:36 | INFO     | HIDS_Database | Database schema verified / created / migrated.
2026-09-29 23:02:36 | INFO     | HIDS_API | Database schema verified.
2026-09-29 23:02:36 | INFO     | HIDS_Dependencies | Loading DetectionEvaluator (first request)...
2026-09-29 23:02:36 | INFO     | HIDS_Evaluator | MinMaxScaler loaded successfully from models/scaler.pkl
2026-09-29 23:02:36 | INFO     | HIDS_Evaluator | Threshold parameters active — τ=0.500000 (μ=0.000000, σ=0.000000)
2026-09-29 23:02:36 | INFO     | HIDS_Dependencies | DetectionEvaluator ready.
2026-09-29 23:02:36 | INFO     | HIDS_API | DetectionEvaluator warmed successfully.
2026-09-29 23:02:36 | INFO     | HIDS_API | HIDS API ready — accepting requests.
2026-09-29 23:02:36 | INFO     | HIDS_API | ============================================================
2026-09-29 23:02:36 | INFO     | httpx2 | HTTP Request: GET http://testserver/health "HTTP/1.1 200 OK"
2026-09-29 23:02:36 | INFO     | HIDS_API | HIDS API shutting down.
2026-09-29 23:02:36 | INFO     | HIDS_API | ============================================================
2026-09-29 23:02:36 | INFO     | HIDS_API | HIDS API starting up...
2026-09-29 23:02:36 | INFO     | HIDS_Database | Database schema verified / created / migrated.
2026-09-29 23:02:36 | INFO     | HIDS_API | Database schema verified.
2026-09-29 23:02:36 | INFO     | HIDS_API | DetectionEvaluator warmed successfully.
2026-09-29 23:02:36 | INFO     | HIDS_API | HIDS API ready — accepting requests.
2026-09-29 23:02:36 | INFO     | HIDS_API | ============================================================
2026-09-29 23:02:36 | INFO     | HIDS_ModelLoader | Validation metrics loaded from experiments/figures/training/validation_metrics.json
2026-09-29 23:02:36 | INFO     | httpx2 | HTTP Request: GET http://testserver/ready "HTTP/1.1 200 OK"
2026-09-29 23:02:36 | INFO     | HIDS_API | HIDS API shutting down.
2026-09-29 23:02:36 | INFO     | HIDS_API | ============================================================
2026-09-29 23:02:36 | INFO     | HIDS_API | HIDS API starting up...
2026-09-29 23:02:36 | INFO     | HIDS_Database | Database schema verified / created / migrated.
2026-09-29 23:02:36 | INFO     | HIDS_API | Database schema verified.
2026-09-29 23:02:36 | INFO     | HIDS_API | DetectionEvaluator warmed successfully.
2026-09-29 23:02:36 | INFO     | HIDS_API | HIDS API ready — accepting requests.
2026-09-29 23:02:36 | INFO     | HIDS_API | ============================================================
2026-09-29 23:02:36 | INFO     | HIDS_Dependencies | Loading scaler from models/scaler.pkl...
2026-09-29 23:02:36 | INFO     | HIDS_Dependencies | Scaler loaded and verified (22 features).
2026-09-29 23:02:36 | INFO     | HIDS_API | POST /detection/predict status=422 4.88ms
2026-09-29 23:02:36 | INFO     | httpx2 | HTTP Request: POST http://testserver/detection/predict "HTTP/1.1 422 Unprocessable Content"
2026-09-29 23:02:36 | INFO     | HIDS_API | HIDS API shutting down.
2026-09-29 23:02:36 | INFO     | HIDS_API | ============================================================
2026-09-29 23:02:36 | INFO     | HIDS_API | HIDS API starting up...
2026-09-29 23:02:36 | INFO     | HIDS_Database | Database schema verified / created / migrated.
2026-09-29 23:02:36 | INFO     | HIDS_API | Database schema verified.
2026-09-29 23:02:36 | INFO     | HIDS_API | DetectionEvaluator warmed successfully.
2026-09-29 23:02:36 | INFO     | HIDS_API | HIDS API ready — accepting requests.
2026-09-29 23:02:36 | INFO     | HIDS_API | ============================================================
2026-09-29 23:02:36 | INFO     | HIDS_API | POST /detection/predict status=422 2.17ms
2026-09-29 23:02:36 | INFO     | httpx2 | HTTP Request: POST http://testserver/detection/predict "HTTP/1.1 422 Unprocessable Content"
2026-09-29 23:02:36 | INFO     | HIDS_API | HIDS API shutting down.
2026-09-29 23:02:36 | INFO     | HIDS_API | ============================================================
2026-09-29 23:02:36 | INFO     | HIDS_API | HIDS API starting up...
2026-09-29 23:02:36 | INFO     | HIDS_Database | Database schema verified / created / migrated.
2026-09-29 23:02:36 | INFO     | HIDS_API | Database schema verified.
2026-09-29 23:02:36 | INFO     | HIDS_API | DetectionEvaluator warmed successfully.
2026-09-29 23:02:36 | INFO     | HIDS_API | HIDS API ready — accepting requests.
2026-09-29 23:02:36 | INFO     | HIDS_API | ============================================================
2026-09-29 23:02:36 | INFO     | HIDS_API | GET /alerts/ status=200 16.49ms
2026-09-29 23:02:36 | INFO     | httpx2 | HTTP Request: GET http://testserver/alerts/?limit=10&offset=0 "HTTP/1.1 200 OK"
2026-09-29 23:02:36 | INFO     | HIDS_API | HIDS API shutting down.
2026-09-29 23:02:36 | INFO     | HIDS_API | ============================================================
2026-09-29 23:02:36 | INFO     | HIDS_API | HIDS API starting up...
2026-09-29 23:02:36 | INFO     | HIDS_Database | Database schema verified / created / migrated.
2026-09-29 23:02:36 | INFO     | HIDS_API | Database schema verified.
2026-09-29 23:02:36 | INFO     | HIDS_API | DetectionEvaluator warmed successfully.
2026-09-29 23:02:36 | INFO     | HIDS_API | HIDS API ready — accepting requests.
2026-09-29 23:02:36 | INFO     | HIDS_API | ============================================================
2026-09-29 23:02:36 | INFO     | HIDS_API | GET /alerts/stats status=200 15.90ms
2026-09-29 23:02:36 | INFO     | httpx2 | HTTP Request: GET http://testserver/alerts/stats "HTTP/1.1 200 OK"
2026-09-29 23:02:36 | INFO     | HIDS_API | HIDS API shutting down.
2026-09-29 23:02:36 | INFO     | HIDS_API | ============================================================
2026-09-29 23:02:36 | INFO     | HIDS_API | HIDS API starting up...
2026-09-29 23:02:36 | INFO     | HIDS_Database | Database schema verified / created / migrated.
2026-09-29 23:02:36 | INFO     | HIDS_API | Database schema verified.
2026-09-29 23:02:36 | INFO     | HIDS_API | DetectionEvaluator warmed successfully.
2026-09-29 23:02:36 | INFO     | HIDS_API | HIDS API ready — accepting requests.
2026-09-29 23:02:36 | INFO     | HIDS_API | ============================================================
2026-09-29 23:02:36 | INFO     | HIDS_API | GET /alerts/999999 status=404 4.60ms
2026-09-29 23:02:36 | INFO     | httpx2 | HTTP Request: GET http://testserver/alerts/999999 "HTTP/1.1 404 Not Found"
2026-09-29 23:02:36 | INFO     | HIDS_API | HIDS API shutting down.
2026-09-29 20:02:51 | INFO     | uvicorn.access | 127.0.0.1:43114 - "GET /ready HTTP/1.1" 200
2026-09-29 20:03:21 | INFO     | uvicorn.access | 127.0.0.1:42404 - "GET /ready HTTP/1.1" 200
2026-09-29 20:03:51 | INFO     | uvicorn.access | 127.0.0.1:47426 - "GET /ready HTTP/1.1" 200
2026-09-29 20:04:21 | INFO     | uvicorn.access | 127.0.0.1:52244 - "GET /ready HTTP/1.1" 200
2026-09-29 20:04:51 | INFO     | uvicorn.access | 127.0.0.1:53228 - "GET /ready HTTP/1.1" 200
2026-09-29 20:05:21 | INFO     | uvicorn.access | 127.0.0.1:37238 - "GET /ready HTTP/1.1" 200
2026-09-29 20:05:51 | INFO     | uvicorn.access | 127.0.0.1:34048 - "GET /ready HTTP/1.1" 200
2026-09-29 20:06:21 | INFO     | uvicorn.access | 127.0.0.1:40744 - "GET /ready HTTP/1.1" 200
2026-09-29 20:06:51 | INFO     | uvicorn.access | 127.0.0.1:59624 - "GET /ready HTTP/1.1" 200
2026-09-29 20:07:22 | INFO     | uvicorn.access | 127.0.0.1:34890 - "GET /ready HTTP/1.1" 200
2026-09-29 20:07:52 | INFO     | uvicorn.access | 127.0.0.1:35672 - "GET /ready HTTP/1.1" 200
2026-09-29 23:08:11 | INFO     | HIDS_MonitorService | MonitorService ready — interface=wlo1 api=http://127.0.0.1:9000/detection/predict
2026-09-29 23:08:11 | INFO     | HIDS_Sniffer | Worker thread ready.
2026-09-29 23:08:11 | INFO     | HIDS_Sniffer | Sniff loop active on interface: wlo1
2026-09-29 23:08:11 | INFO     | HIDS_Sniffer | HIDS Engine Online — monitoring 'wlo1' in promiscuous mode.
2026-09-29 23:08:11 | ERROR    | HIDS_Sniffer | Sniff loop error: [Errno 1] Operation not permitted
2026-09-29 23:08:11 | INFO     | HIDS_MonitorService | HIDS engine started on interface 'wlo1'.
2026-09-29 23:08:13 | INFO     | HIDS_CRUD | Alert created — id=4457 severity=High score=3.000000 threshold=1.000000 encrypted=True is_fp=False
2026-09-29 23:08:13 | INFO     | HIDS_ModelLoader | Loaded model contains 0 DetectionBlock layers — built from plain Keras layers.
2026-09-29 23:08:13 | INFO     | HIDS_ModelLoader | AI Detection Engine ready — input: (22,) output: (22,)
2026-09-29 23:08:13 | INFO     | HIDS_Evaluator | MinMaxScaler loaded successfully from models/scaler.pkl
2026-09-29 23:08:13 | INFO     | HIDS_Evaluator | Threshold parameters active — τ=0.500000 (μ=0.000000, σ=0.000000)
2026-09-29 23:08:13 | INFO     | HIDS_API | ============================================================
2026-09-29 23:08:13 | INFO     | HIDS_API | HIDS API starting up...
2026-09-29 23:08:13 | INFO     | HIDS_Database | Database schema verified / created / migrated.
2026-09-29 23:08:13 | INFO     | HIDS_API | Database schema verified.
2026-09-29 23:08:13 | INFO     | HIDS_Dependencies | Loading DetectionEvaluator (first request)...
2026-09-29 23:08:13 | INFO     | HIDS_Evaluator | MinMaxScaler loaded successfully from models/scaler.pkl
2026-09-29 23:08:13 | INFO     | HIDS_Evaluator | Threshold parameters active — τ=0.500000 (μ=0.000000, σ=0.000000)
2026-09-29 23:08:13 | INFO     | HIDS_Dependencies | DetectionEvaluator ready.
2026-09-29 23:08:13 | INFO     | HIDS_API | DetectionEvaluator warmed successfully.
2026-09-29 23:08:13 | INFO     | HIDS_API | HIDS API ready — accepting requests.
2026-09-29 23:08:13 | INFO     | HIDS_API | ============================================================
2026-09-29 23:08:13 | INFO     | httpx2 | HTTP Request: GET http://testserver/health "HTTP/1.1 200 OK"
2026-09-29 23:08:13 | INFO     | HIDS_API | HIDS API shutting down.
2026-09-29 23:08:13 | INFO     | HIDS_API | ============================================================
2026-09-29 23:08:13 | INFO     | HIDS_API | HIDS API starting up...
2026-09-29 23:08:13 | INFO     | HIDS_Database | Database schema verified / created / migrated.
2026-09-29 23:08:13 | INFO     | HIDS_API | Database schema verified.
2026-09-29 23:08:13 | INFO     | HIDS_API | DetectionEvaluator warmed successfully.
2026-09-29 23:08:13 | INFO     | HIDS_API | HIDS API ready — accepting requests.
2026-09-29 23:08:13 | INFO     | HIDS_API | ============================================================
2026-09-29 23:08:13 | INFO     | HIDS_ModelLoader | Validation metrics loaded from experiments/figures/training/validation_metrics.json
2026-09-29 23:08:13 | INFO     | httpx2 | HTTP Request: GET http://testserver/ready "HTTP/1.1 200 OK"
2026-09-29 23:08:13 | INFO     | HIDS_API | HIDS API shutting down.
2026-09-29 23:08:13 | INFO     | HIDS_API | ============================================================
2026-09-29 23:08:13 | INFO     | HIDS_API | HIDS API starting up...
2026-09-29 23:08:13 | INFO     | HIDS_Database | Database schema verified / created / migrated.
2026-09-29 23:08:13 | INFO     | HIDS_API | Database schema verified.
2026-09-29 23:08:13 | INFO     | HIDS_API | DetectionEvaluator warmed successfully.
2026-09-29 23:08:13 | INFO     | HIDS_API | HIDS API ready — accepting requests.
2026-09-29 23:08:13 | INFO     | HIDS_API | ============================================================
2026-09-29 23:08:13 | INFO     | HIDS_Dependencies | Loading scaler from models/scaler.pkl...
2026-09-29 23:08:13 | INFO     | HIDS_Dependencies | Scaler loaded and verified (22 features).
2026-09-29 23:08:13 | INFO     | HIDS_API | POST /detection/predict status=422 5.18ms
2026-09-29 23:08:13 | INFO     | httpx2 | HTTP Request: POST http://testserver/detection/predict "HTTP/1.1 422 Unprocessable Content"
2026-09-29 23:08:13 | INFO     | HIDS_API | HIDS API shutting down.
2026-09-29 23:08:13 | INFO     | HIDS_API | ============================================================
2026-09-29 23:08:13 | INFO     | HIDS_API | HIDS API starting up...
2026-09-29 23:08:13 | INFO     | HIDS_Database | Database schema verified / created / migrated.
2026-09-29 23:08:13 | INFO     | HIDS_API | Database schema verified.
2026-09-29 23:08:13 | INFO     | HIDS_API | DetectionEvaluator warmed successfully.
2026-09-29 23:08:13 | INFO     | HIDS_API | HIDS API ready — accepting requests.
2026-09-29 23:08:13 | INFO     | HIDS_API | ============================================================
2026-09-29 23:08:13 | INFO     | HIDS_API | POST /detection/predict status=422 2.74ms
2026-09-29 23:08:13 | INFO     | httpx2 | HTTP Request: POST http://testserver/detection/predict "HTTP/1.1 422 Unprocessable Content"
2026-09-29 23:08:13 | INFO     | HIDS_API | HIDS API shutting down.
2026-09-29 23:08:13 | INFO     | HIDS_API | ============================================================
2026-09-29 23:08:13 | INFO     | HIDS_API | HIDS API starting up...
2026-09-29 23:08:13 | INFO     | HIDS_Database | Database schema verified / created / migrated.
2026-09-29 23:08:13 | INFO     | HIDS_API | Database schema verified.
2026-09-29 23:08:13 | INFO     | HIDS_API | DetectionEvaluator warmed successfully.
2026-09-29 23:08:13 | INFO     | HIDS_API | HIDS API ready — accepting requests.
2026-09-29 23:08:13 | INFO     | HIDS_API | ============================================================
2026-09-29 23:08:13 | INFO     | HIDS_API | GET /alerts/ status=200 16.88ms
2026-09-29 23:08:13 | INFO     | httpx2 | HTTP Request: GET http://testserver/alerts/?limit=10&offset=0 "HTTP/1.1 200 OK"
2026-09-29 23:08:13 | INFO     | HIDS_API | HIDS API shutting down.
2026-09-29 23:08:13 | INFO     | HIDS_API | ============================================================
2026-09-29 23:08:13 | INFO     | HIDS_API | HIDS API starting up...
2026-09-29 23:08:13 | INFO     | HIDS_Database | Database schema verified / created / migrated.
2026-09-29 23:08:13 | INFO     | HIDS_API | Database schema verified.
2026-09-29 23:08:13 | INFO     | HIDS_API | DetectionEvaluator warmed successfully.
2026-09-29 23:08:13 | INFO     | HIDS_API | HIDS API ready — accepting requests.
2026-09-29 23:08:13 | INFO     | HIDS_API | ============================================================
2026-09-29 23:08:13 | INFO     | HIDS_API | GET /alerts/stats status=200 13.93ms
2026-09-29 23:08:13 | INFO     | httpx2 | HTTP Request: GET http://testserver/alerts/stats "HTTP/1.1 200 OK"
2026-09-29 23:08:13 | INFO     | HIDS_API | HIDS API shutting down.
2026-09-29 23:08:13 | INFO     | HIDS_API | ============================================================
2026-09-29 23:08:13 | INFO     | HIDS_API | HIDS API starting up...
2026-09-29 23:08:13 | INFO     | HIDS_Database | Database schema verified / created / migrated.
2026-09-29 23:08:13 | INFO     | HIDS_API | Database schema verified.
2026-09-29 23:08:13 | INFO     | HIDS_API | DetectionEvaluator warmed successfully.
2026-09-29 23:08:13 | INFO     | HIDS_API | HIDS API ready — accepting requests.
2026-09-29 23:08:13 | INFO     | HIDS_API | ============================================================
2026-09-29 23:08:13 | INFO     | HIDS_API | GET /alerts/999999 status=404 4.92ms
2026-09-29 23:08:13 | INFO     | httpx2 | HTTP Request: GET http://testserver/alerts/999999 "HTTP/1.1 404 Not Found"
2026-09-29 23:08:13 | INFO     | HIDS_API | HIDS API shutting down.
2026-09-29 20:08:22 | INFO     | uvicorn.access | 127.0.0.1:54398 - "GET /ready HTTP/1.1" 200
2026-09-29 20:08:52 | INFO     | uvicorn.access | 127.0.0.1:45762 - "GET /ready HTTP/1.1" 200
2026-09-29 20:09:22 | INFO     | uvicorn.access | 127.0.0.1:51680 - "GET /ready HTTP/1.1" 200
2026-09-29 20:09:52 | INFO     | uvicorn.access | 127.0.0.1:39582 - "GET /ready HTTP/1.1" 200
2026-09-29 20:10:22 | INFO     | uvicorn.access | 127.0.0.1:57974 - "GET /ready HTTP/1.1" 200
2026-09-29 20:10:52 | INFO     | uvicorn.access | 127.0.0.1:47820 - "GET /ready HTTP/1.1" 200
2026-09-29 20:11:22 | INFO     | uvicorn.access | 127.0.0.1:55506 - "GET /ready HTTP/1.1" 200
2026-09-29 20:11:52 | INFO     | uvicorn.access | 127.0.0.1:34400 - "GET /ready HTTP/1.1" 200
2026-09-29 20:12:22 | INFO     | uvicorn.access | 127.0.0.1:46654 - "GET /ready HTTP/1.1" 200
2026-09-29 20:12:52 | INFO     | uvicorn.access | 127.0.0.1:35196 - "GET /ready HTTP/1.1" 200
2026-09-29 23:13:05 | INFO     | HIDS_MonitorService | MonitorService ready — interface=wlo1 api=http://127.0.0.1:9000/detection/predict
2026-09-29 23:13:06 | INFO     | HIDS_Sniffer | Worker thread ready.
2026-09-29 23:13:06 | INFO     | HIDS_Sniffer | Sniff loop active on interface: wlo1
2026-09-29 23:13:06 | ERROR    | HIDS_Sniffer | Sniff loop error: [Errno 1] Operation not permitted
2026-09-29 23:13:06 | INFO     | HIDS_Sniffer | HIDS Engine Online — monitoring 'wlo1' in promiscuous mode.
2026-09-29 23:13:06 | INFO     | HIDS_MonitorService | HIDS engine started on interface 'wlo1'.
2026-09-29 23:13:08 | INFO     | HIDS_CRUD | Alert created — id=4458 severity=High score=3.000000 threshold=1.000000 encrypted=True is_fp=False
2026-09-29 23:13:08 | INFO     | HIDS_ModelLoader | Loaded model contains 0 DetectionBlock layers — built from plain Keras layers.
2026-09-29 23:13:08 | INFO     | HIDS_ModelLoader | AI Detection Engine ready — input: (22,) output: (22,)
2026-09-29 23:13:08 | INFO     | HIDS_Evaluator | MinMaxScaler loaded successfully from models/scaler.pkl
2026-09-29 23:13:08 | INFO     | HIDS_Evaluator | Threshold parameters active — τ=0.500000 (μ=0.000000, σ=0.000000)
2026-09-29 23:13:08 | INFO     | HIDS_API | ============================================================
2026-09-29 23:13:08 | INFO     | HIDS_API | HIDS API starting up...
2026-09-29 23:13:08 | INFO     | HIDS_Database | Database schema verified / created / migrated.
2026-09-29 23:13:08 | INFO     | HIDS_API | Database schema verified.
2026-09-29 23:13:08 | INFO     | HIDS_Dependencies | Loading DetectionEvaluator (first request)...
2026-09-29 23:13:08 | INFO     | HIDS_Evaluator | MinMaxScaler loaded successfully from models/scaler.pkl
2026-09-29 23:13:08 | INFO     | HIDS_Evaluator | Threshold parameters active — τ=0.500000 (μ=0.000000, σ=0.000000)
2026-09-29 23:13:08 | INFO     | HIDS_Dependencies | DetectionEvaluator ready.
2026-09-29 23:13:08 | INFO     | HIDS_API | DetectionEvaluator warmed successfully.
2026-09-29 23:13:08 | INFO     | HIDS_API | HIDS API ready — accepting requests.
2026-09-29 23:13:08 | INFO     | HIDS_API | ============================================================
2026-09-29 23:13:08 | INFO     | httpx2 | HTTP Request: GET http://testserver/health "HTTP/1.1 200 OK"
2026-09-29 23:13:08 | INFO     | HIDS_API | HIDS API shutting down.
2026-09-29 23:13:08 | INFO     | HIDS_API | ============================================================
2026-09-29 23:13:08 | INFO     | HIDS_API | HIDS API starting up...
2026-09-29 23:13:08 | INFO     | HIDS_Database | Database schema verified / created / migrated.
2026-09-29 23:13:08 | INFO     | HIDS_API | Database schema verified.
2026-09-29 23:13:08 | INFO     | HIDS_API | DetectionEvaluator warmed successfully.
2026-09-29 23:13:08 | INFO     | HIDS_API | HIDS API ready — accepting requests.
2026-09-29 23:13:08 | INFO     | HIDS_API | ============================================================
2026-09-29 23:13:08 | INFO     | HIDS_ModelLoader | Validation metrics loaded from experiments/figures/training/validation_metrics.json
2026-09-29 23:13:08 | INFO     | httpx2 | HTTP Request: GET http://testserver/ready "HTTP/1.1 200 OK"
2026-09-29 23:13:08 | INFO     | HIDS_API | HIDS API shutting down.
2026-09-29 23:13:08 | INFO     | HIDS_API | ============================================================
2026-09-29 23:13:08 | INFO     | HIDS_API | HIDS API starting up...
2026-09-29 23:13:08 | INFO     | HIDS_Database | Database schema verified / created / migrated.
2026-09-29 23:13:08 | INFO     | HIDS_API | Database schema verified.
2026-09-29 23:13:08 | INFO     | HIDS_API | DetectionEvaluator warmed successfully.
2026-09-29 23:13:08 | INFO     | HIDS_API | HIDS API ready — accepting requests.
2026-09-29 23:13:08 | INFO     | HIDS_API | ============================================================
2026-09-29 23:13:08 | INFO     | HIDS_Dependencies | Loading scaler from models/scaler.pkl...
2026-09-29 23:13:08 | INFO     | HIDS_Dependencies | Scaler loaded and verified (22 features).
2026-09-29 23:13:08 | INFO     | HIDS_API | POST /detection/predict status=422 4.99ms
2026-09-29 23:13:08 | INFO     | httpx2 | HTTP Request: POST http://testserver/detection/predict "HTTP/1.1 422 Unprocessable Content"
2026-09-29 23:13:08 | INFO     | HIDS_API | HIDS API shutting down.
2026-09-29 23:13:08 | INFO     | HIDS_API | ============================================================
2026-09-29 23:13:08 | INFO     | HIDS_API | HIDS API starting up...
2026-09-29 23:13:08 | INFO     | HIDS_Database | Database schema verified / created / migrated.
2026-09-29 23:13:08 | INFO     | HIDS_API | Database schema verified.
2026-09-29 23:13:08 | INFO     | HIDS_API | DetectionEvaluator warmed successfully.
2026-09-29 23:13:08 | INFO     | HIDS_API | HIDS API ready — accepting requests.
2026-09-29 23:13:08 | INFO     | HIDS_API | ============================================================
2026-09-29 23:13:08 | INFO     | HIDS_API | POST /detection/predict status=422 2.88ms
2026-09-29 23:13:08 | INFO     | httpx2 | HTTP Request: POST http://testserver/detection/predict "HTTP/1.1 422 Unprocessable Content"
2026-09-29 23:13:08 | INFO     | HIDS_API | HIDS API shutting down.
2026-09-29 23:13:08 | INFO     | HIDS_API | ============================================================
2026-09-29 23:13:08 | INFO     | HIDS_API | HIDS API starting up...
2026-09-29 23:13:08 | INFO     | HIDS_Database | Database schema verified / created / migrated.
2026-09-29 23:13:08 | INFO     | HIDS_API | Database schema verified.
2026-09-29 23:13:08 | INFO     | HIDS_API | DetectionEvaluator warmed successfully.
2026-09-29 23:13:08 | INFO     | HIDS_API | HIDS API ready — accepting requests.
2026-09-29 23:13:08 | INFO     | HIDS_API | ============================================================
2026-09-29 23:13:08 | INFO     | HIDS_API | GET /alerts/ status=200 15.26ms
2026-09-29 23:13:08 | INFO     | httpx2 | HTTP Request: GET http://testserver/alerts/?limit=10&offset=0 "HTTP/1.1 200 OK"
2026-09-29 23:13:08 | INFO     | HIDS_API | HIDS API shutting down.
2026-09-29 23:13:08 | INFO     | HIDS_API | ============================================================
2026-09-29 23:13:08 | INFO     | HIDS_API | HIDS API starting up...
2026-09-29 23:13:08 | INFO     | HIDS_Database | Database schema verified / created / migrated.
2026-09-29 23:13:08 | INFO     | HIDS_API | Database schema verified.
2026-09-29 23:13:08 | INFO     | HIDS_API | DetectionEvaluator warmed successfully.
2026-09-29 23:13:08 | INFO     | HIDS_API | HIDS API ready — accepting requests.
2026-09-29 23:13:08 | INFO     | HIDS_API | ============================================================
2026-09-29 23:13:08 | INFO     | HIDS_API | GET /alerts/stats status=200 14.35ms
2026-09-29 23:13:08 | INFO     | httpx2 | HTTP Request: GET http://testserver/alerts/stats "HTTP/1.1 200 OK"
2026-09-29 23:13:08 | INFO     | HIDS_API | HIDS API shutting down.
2026-09-29 23:13:08 | INFO     | HIDS_API | ============================================================
2026-09-29 23:13:08 | INFO     | HIDS_API | HIDS API starting up...
2026-09-29 23:13:08 | INFO     | HIDS_Database | Database schema verified / created / migrated.
2026-09-29 23:13:08 | INFO     | HIDS_API | Database schema verified.
2026-09-29 23:13:08 | INFO     | HIDS_API | DetectionEvaluator warmed successfully.
2026-09-29 23:13:08 | INFO     | HIDS_API | HIDS API ready — accepting requests.
2026-09-29 23:13:08 | INFO     | HIDS_API | ============================================================
2026-09-29 23:13:08 | INFO     | HIDS_API | GET /alerts/999999 status=404 4.58ms
2026-09-29 23:13:08 | INFO     | httpx2 | HTTP Request: GET http://testserver/alerts/999999 "HTTP/1.1 404 Not Found"
2026-09-29 23:13:08 | INFO     | HIDS_API | HIDS API shutting down.
2026-09-29 20:13:22 | INFO     | uvicorn.access | 127.0.0.1:51422 - "GET /ready HTTP/1.1" 200
2026-09-29 20:13:52 | INFO     | uvicorn.access | 127.0.0.1:56164 - "GET /ready HTTP/1.1" 200
2026-09-29 20:14:22 | INFO     | uvicorn.access | 127.0.0.1:44672 - "GET /ready HTTP/1.1" 200
2026-09-29 20:14:53 | INFO     | uvicorn.access | 127.0.0.1:50608 - "GET /ready HTTP/1.1" 200
2026-09-29 20:15:23 | INFO     | uvicorn.access | 127.0.0.1:58500 - "GET /ready HTTP/1.1" 200
2026-09-29 20:15:53 | INFO     | uvicorn.access | 127.0.0.1:51158 - "GET /ready HTTP/1.1" 200
2026-09-29 20:16:23 | INFO     | uvicorn.access | 127.0.0.1:45510 - "GET /ready HTTP/1.1" 200
2026-09-29 20:16:53 | INFO     | uvicorn.access | 127.0.0.1:59762 - "GET /ready HTTP/1.1" 200
2026-09-29 20:17:23 | INFO     | uvicorn.access | 127.0.0.1:58818 - "GET /ready HTTP/1.1" 200
2026-09-29 20:17:53 | INFO     | uvicorn.access | 127.0.0.1:45738 - "GET /ready HTTP/1.1" 200
2026-09-29 20:18:23 | INFO     | uvicorn.access | 127.0.0.1:39426 - "GET /ready HTTP/1.1" 200
2026-09-29 20:18:53 | INFO     | uvicorn.access | 127.0.0.1:42692 - "GET /ready HTTP/1.1" 200
2026-09-29 20:19:23 | INFO     | uvicorn.access | 127.0.0.1:45128 - "GET /ready HTTP/1.1" 200
2026-09-29 20:19:53 | INFO     | uvicorn.access | 127.0.0.1:51304 - "GET /ready HTTP/1.1" 200
2026-09-29 20:20:23 | INFO     | uvicorn.access | 127.0.0.1:53208 - "GET /ready HTTP/1.1" 200
2026-09-29 20:20:53 | INFO     | uvicorn.access | 127.0.0.1:40380 - "GET /ready HTTP/1.1" 200
2026-09-29 20:21:23 | INFO     | uvicorn.access | 127.0.0.1:50718 - "GET /ready HTTP/1.1" 200
2026-09-29 20:21:53 | INFO     | uvicorn.access | 127.0.0.1:40750 - "GET /ready HTTP/1.1" 200
2026-09-29 20:22:24 | INFO     | uvicorn.access | 127.0.0.1:56268 - "GET /ready HTTP/1.1" 200
2026-09-29 20:22:54 | INFO     | uvicorn.access | 127.0.0.1:50782 - "GET /ready HTTP/1.1" 200
2026-09-29 20:23:24 | INFO     | uvicorn.access | 127.0.0.1:38510 - "GET /ready HTTP/1.1" 200
2026-09-29 23:23:46 | INFO     | HIDS_MonitorService | MonitorService ready — interface=wlo1 api=http://127.0.0.1:9000/detection/predict
2026-09-29 23:23:46 | INFO     | HIDS_Sniffer | Worker thread ready.
2026-09-29 23:23:46 | INFO     | HIDS_Sniffer | Sniff loop active on interface: wlo1
2026-09-29 23:23:46 | INFO     | HIDS_Sniffer | HIDS Engine Online — monitoring 'wlo1' in promiscuous mode.
2026-09-29 23:23:46 | ERROR    | HIDS_Sniffer | Sniff loop error: [Errno 1] Operation not permitted
2026-09-29 23:23:46 | INFO     | HIDS_MonitorService | HIDS engine started on interface 'wlo1'.
2026-09-29 23:23:48 | INFO     | HIDS_CRUD | Alert created — id=4460 severity=High score=3.000000 threshold=1.000000 encrypted=True is_fp=False
2026-09-29 23:23:48 | INFO     | HIDS_ModelLoader | Loaded model contains 0 DetectionBlock layers — built from plain Keras layers.
2026-09-29 23:23:48 | INFO     | HIDS_ModelLoader | AI Detection Engine ready — input: (22,) output: (22,)
2026-09-29 23:23:48 | INFO     | HIDS_Evaluator | MinMaxScaler loaded successfully from models/scaler.pkl
2026-09-29 23:23:48 | INFO     | HIDS_Evaluator | Threshold parameters active — τ=0.500000 (μ=0.000000, σ=0.000000)
2026-09-29 23:23:48 | INFO     | HIDS_API | ============================================================
2026-09-29 23:23:48 | INFO     | HIDS_API | HIDS API starting up...
2026-09-29 23:23:48 | INFO     | HIDS_Database | Database schema verified / created / migrated.
2026-09-29 23:23:48 | INFO     | HIDS_API | Database schema verified.
2026-09-29 23:23:48 | INFO     | HIDS_Dependencies | Loading DetectionEvaluator (first request)...
2026-09-29 23:23:48 | INFO     | HIDS_Evaluator | MinMaxScaler loaded successfully from models/scaler.pkl
2026-09-29 23:23:48 | INFO     | HIDS_Evaluator | Threshold parameters active — τ=0.500000 (μ=0.000000, σ=0.000000)
2026-09-29 23:23:48 | INFO     | HIDS_Dependencies | DetectionEvaluator ready.
2026-09-29 23:23:48 | INFO     | HIDS_API | DetectionEvaluator warmed successfully.
2026-09-29 23:23:48 | INFO     | HIDS_API | HIDS API ready — accepting requests.
2026-09-29 23:23:48 | INFO     | HIDS_API | ============================================================
2026-09-29 23:23:48 | INFO     | httpx2 | HTTP Request: GET http://testserver/health "HTTP/1.1 200 OK"
2026-09-29 23:23:48 | INFO     | HIDS_API | HIDS API shutting down.
2026-09-29 23:23:48 | INFO     | HIDS_API | ============================================================
2026-09-29 23:23:48 | INFO     | HIDS_API | HIDS API starting up...
2026-09-29 23:23:48 | INFO     | HIDS_Database | Database schema verified / created / migrated.
2026-09-29 23:23:48 | INFO     | HIDS_API | Database schema verified.
2026-09-29 23:23:48 | INFO     | HIDS_API | DetectionEvaluator warmed successfully.
2026-09-29 23:23:48 | INFO     | HIDS_API | HIDS API ready — accepting requests.
2026-09-29 23:23:48 | INFO     | HIDS_API | ============================================================
2026-09-29 23:23:48 | INFO     | HIDS_ModelLoader | Validation metrics loaded from experiments/figures/training/validation_metrics.json
2026-09-29 23:23:48 | INFO     | httpx2 | HTTP Request: GET http://testserver/ready "HTTP/1.1 200 OK"
2026-09-29 23:23:48 | INFO     | HIDS_API | HIDS API shutting down.
2026-09-29 23:23:48 | INFO     | HIDS_API | ============================================================
2026-09-29 23:23:48 | INFO     | HIDS_API | HIDS API starting up...
2026-09-29 23:23:48 | INFO     | HIDS_Database | Database schema verified / created / migrated.
2026-09-29 23:23:48 | INFO     | HIDS_API | Database schema verified.
2026-09-29 23:23:48 | INFO     | HIDS_API | DetectionEvaluator warmed successfully.
2026-09-29 23:23:48 | INFO     | HIDS_API | HIDS API ready — accepting requests.
2026-09-29 23:23:48 | INFO     | HIDS_API | ============================================================
2026-09-29 23:23:48 | INFO     | HIDS_Dependencies | Loading scaler from models/scaler.pkl...
2026-09-29 23:23:48 | INFO     | HIDS_Dependencies | Scaler loaded and verified (22 features).
2026-09-29 23:23:48 | INFO     | HIDS_API | POST /detection/predict status=422 7.15ms
2026-09-29 23:23:48 | INFO     | httpx2 | HTTP Request: POST http://testserver/detection/predict "HTTP/1.1 422 Unprocessable Content"
2026-09-29 23:23:48 | INFO     | HIDS_API | HIDS API shutting down.
2026-09-29 23:23:48 | INFO     | HIDS_API | ============================================================
2026-09-29 23:23:48 | INFO     | HIDS_API | HIDS API starting up...
2026-09-29 23:23:48 | INFO     | HIDS_Database | Database schema verified / created / migrated.
2026-09-29 23:23:48 | INFO     | HIDS_API | Database schema verified.
2026-09-29 23:23:48 | INFO     | HIDS_API | DetectionEvaluator warmed successfully.
2026-09-29 23:23:48 | INFO     | HIDS_API | HIDS API ready — accepting requests.
2026-09-29 23:23:48 | INFO     | HIDS_API | ============================================================
2026-09-29 23:23:48 | INFO     | HIDS_API | POST /detection/predict status=422 2.33ms
2026-09-29 23:23:48 | INFO     | httpx2 | HTTP Request: POST http://testserver/detection/predict "HTTP/1.1 422 Unprocessable Content"
2026-09-29 23:23:48 | INFO     | HIDS_API | HIDS API shutting down.
2026-09-29 23:23:48 | INFO     | HIDS_API | ============================================================
2026-09-29 23:23:48 | INFO     | HIDS_API | HIDS API starting up...
2026-09-29 23:23:48 | INFO     | HIDS_Database | Database schema verified / created / migrated.
2026-09-29 23:23:48 | INFO     | HIDS_API | Database schema verified.
2026-09-29 23:23:48 | INFO     | HIDS_API | DetectionEvaluator warmed successfully.
2026-09-29 23:23:48 | INFO     | HIDS_API | HIDS API ready — accepting requests.
2026-09-29 23:23:48 | INFO     | HIDS_API | ============================================================
2026-09-29 23:23:48 | INFO     | HIDS_API | GET /alerts/ status=200 11.53ms
2026-09-29 23:23:48 | INFO     | httpx2 | HTTP Request: GET http://testserver/alerts/?limit=10&offset=0 "HTTP/1.1 200 OK"
2026-09-29 23:23:48 | INFO     | HIDS_API | HIDS API shutting down.
2026-09-29 23:23:48 | INFO     | HIDS_API | ============================================================
2026-09-29 23:23:48 | INFO     | HIDS_API | HIDS API starting up...
2026-09-29 23:23:48 | INFO     | HIDS_Database | Database schema verified / created / migrated.
2026-09-29 23:23:48 | INFO     | HIDS_API | Database schema verified.
2026-09-29 23:23:48 | INFO     | HIDS_API | DetectionEvaluator warmed successfully.
2026-09-29 23:23:48 | INFO     | HIDS_API | HIDS API ready — accepting requests.
2026-09-29 23:23:48 | INFO     | HIDS_API | ============================================================
2026-09-29 23:23:48 | INFO     | HIDS_API | GET /alerts/stats status=200 14.56ms
2026-09-29 23:23:48 | INFO     | httpx2 | HTTP Request: GET http://testserver/alerts/stats "HTTP/1.1 200 OK"
2026-09-29 23:23:48 | INFO     | HIDS_API | HIDS API shutting down.
2026-09-29 23:23:48 | INFO     | HIDS_API | ============================================================
2026-09-29 23:23:48 | INFO     | HIDS_API | HIDS API starting up...
2026-09-29 23:23:48 | INFO     | HIDS_Database | Database schema verified / created / migrated.
2026-09-29 23:23:48 | INFO     | HIDS_API | Database schema verified.
2026-09-29 23:23:48 | INFO     | HIDS_API | DetectionEvaluator warmed successfully.
2026-09-29 23:23:48 | INFO     | HIDS_API | HIDS API ready — accepting requests.
2026-09-29 23:23:48 | INFO     | HIDS_API | ============================================================
2026-09-29 23:23:48 | INFO     | HIDS_API | GET /alerts/999999 status=404 6.42ms
2026-09-29 23:23:48 | INFO     | httpx2 | HTTP Request: GET http://testserver/alerts/999999 "HTTP/1.1 404 Not Found"
2026-09-29 23:23:48 | INFO     | HIDS_API | HIDS API shutting down.
2026-09-29 20:23:54 | INFO     | uvicorn.access | 127.0.0.1:56224 - "GET /ready HTTP/1.1" 200
2026-09-29 20:24:24 | INFO     | uvicorn.access | 127.0.0.1:42650 - "GET /ready HTTP/1.1" 200
2026-09-29 23:24:36 | INFO     | HIDS_MonitorService | MonitorService ready — interface=wlo1 api=http://127.0.0.1:9000/detection/predict
2026-09-29 23:24:36 | INFO     | HIDS_Sniffer | Worker thread ready.
2026-09-29 23:24:36 | INFO     | HIDS_Sniffer | Sniff loop active on interface: wlo1
2026-09-29 23:24:36 | INFO     | HIDS_Sniffer | HIDS Engine Online — monitoring 'wlo1' in promiscuous mode.
2026-09-29 23:24:36 | ERROR    | HIDS_Sniffer | Sniff loop error: [Errno 1] Operation not permitted
2026-09-29 23:24:36 | INFO     | HIDS_MonitorService | HIDS engine started on interface 'wlo1'.
2026-09-29 23:24:38 | INFO     | HIDS_CRUD | Alert created — id=4461 severity=High score=3.000000 threshold=1.000000 encrypted=True is_fp=False
2026-09-29 23:24:39 | INFO     | HIDS_ModelLoader | Loaded model contains 0 DetectionBlock layers — built from plain Keras layers.
2026-09-29 23:24:39 | INFO     | HIDS_ModelLoader | AI Detection Engine ready — input: (22,) output: (22,)
2026-09-29 23:24:39 | INFO     | HIDS_Evaluator | MinMaxScaler loaded successfully from models/scaler.pkl
2026-09-29 23:24:39 | INFO     | HIDS_Evaluator | Threshold parameters active — τ=0.500000 (μ=0.000000, σ=0.000000)
2026-09-29 23:24:39 | INFO     | HIDS_API | ============================================================
2026-09-29 23:24:39 | INFO     | HIDS_API | HIDS API starting up...
2026-09-29 23:24:39 | INFO     | HIDS_Database | Database schema verified / created / migrated.
2026-09-29 23:24:39 | INFO     | HIDS_API | Database schema verified.
2026-09-29 23:24:39 | INFO     | HIDS_Dependencies | Loading DetectionEvaluator (first request)...
2026-09-29 23:24:39 | INFO     | HIDS_Evaluator | MinMaxScaler loaded successfully from models/scaler.pkl
2026-09-29 23:24:39 | INFO     | HIDS_Evaluator | Threshold parameters active — τ=0.500000 (μ=0.000000, σ=0.000000)
2026-09-29 23:24:39 | INFO     | HIDS_Dependencies | DetectionEvaluator ready.
2026-09-29 23:24:39 | INFO     | HIDS_API | DetectionEvaluator warmed successfully.
2026-09-29 23:24:39 | INFO     | HIDS_API | HIDS API ready — accepting requests.
2026-09-29 23:24:39 | INFO     | HIDS_API | ============================================================
2026-09-29 23:24:39 | INFO     | httpx2 | HTTP Request: GET http://testserver/health "HTTP/1.1 200 OK"
2026-09-29 23:24:39 | INFO     | HIDS_API | HIDS API shutting down.
2026-09-29 23:24:39 | INFO     | HIDS_API | ============================================================
2026-09-29 23:24:39 | INFO     | HIDS_API | HIDS API starting up...
2026-09-29 23:24:39 | INFO     | HIDS_Database | Database schema verified / created / migrated.
2026-09-29 23:24:39 | INFO     | HIDS_API | Database schema verified.
2026-09-29 23:24:39 | INFO     | HIDS_API | DetectionEvaluator warmed successfully.
2026-09-29 23:24:39 | INFO     | HIDS_API | HIDS API ready — accepting requests.
2026-09-29 23:24:39 | INFO     | HIDS_API | ============================================================
2026-09-29 23:24:39 | INFO     | HIDS_ModelLoader | Validation metrics loaded from experiments/figures/training/validation_metrics.json
2026-09-29 23:24:39 | INFO     | httpx2 | HTTP Request: GET http://testserver/ready "HTTP/1.1 200 OK"
2026-09-29 23:24:39 | INFO     | HIDS_API | HIDS API shutting down.
2026-09-29 23:24:39 | INFO     | HIDS_API | ============================================================
2026-09-29 23:24:39 | INFO     | HIDS_API | HIDS API starting up...
2026-09-29 23:24:39 | INFO     | HIDS_Database | Database schema verified / created / migrated.
2026-09-29 23:24:39 | INFO     | HIDS_API | Database schema verified.
2026-09-29 23:24:39 | INFO     | HIDS_API | DetectionEvaluator warmed successfully.
2026-09-29 23:24:39 | INFO     | HIDS_API | HIDS API ready — accepting requests.
2026-09-29 23:24:39 | INFO     | HIDS_API | ============================================================
2026-09-29 23:24:39 | INFO     | HIDS_Dependencies | Loading scaler from models/scaler.pkl...
2026-09-29 23:24:39 | INFO     | HIDS_Dependencies | Scaler loaded and verified (22 features).
2026-09-29 23:24:39 | INFO     | HIDS_API | POST /detection/predict status=422 6.36ms
2026-09-29 23:24:39 | INFO     | httpx2 | HTTP Request: POST http://testserver/detection/predict "HTTP/1.1 422 Unprocessable Content"
2026-09-29 23:24:39 | INFO     | HIDS_API | HIDS API shutting down.
2026-09-29 23:24:39 | INFO     | HIDS_API | ============================================================
2026-09-29 23:24:39 | INFO     | HIDS_API | HIDS API starting up...
2026-09-29 23:24:39 | INFO     | HIDS_Database | Database schema verified / created / migrated.
2026-09-29 23:24:39 | INFO     | HIDS_API | Database schema verified.
2026-09-29 23:24:39 | INFO     | HIDS_API | DetectionEvaluator warmed successfully.
2026-09-29 23:24:39 | INFO     | HIDS_API | HIDS API ready — accepting requests.
2026-09-29 23:24:39 | INFO     | HIDS_API | ============================================================
2026-09-29 23:24:39 | INFO     | HIDS_API | POST /detection/predict status=422 2.38ms
2026-09-29 23:24:39 | INFO     | httpx2 | HTTP Request: POST http://testserver/detection/predict "HTTP/1.1 422 Unprocessable Content"
2026-09-29 23:24:39 | INFO     | HIDS_API | HIDS API shutting down.
2026-09-29 23:24:39 | INFO     | HIDS_API | ============================================================
2026-09-29 23:24:39 | INFO     | HIDS_API | HIDS API starting up...
2026-09-29 23:24:39 | INFO     | HIDS_Database | Database schema verified / created / migrated.
2026-09-29 23:24:39 | INFO     | HIDS_API | Database schema verified.
2026-09-29 23:24:39 | INFO     | HIDS_API | DetectionEvaluator warmed successfully.
2026-09-29 23:24:39 | INFO     | HIDS_API | HIDS API ready — accepting requests.
2026-09-29 23:24:39 | INFO     | HIDS_API | ============================================================
2026-09-29 23:24:39 | INFO     | HIDS_API | GET /alerts/ status=200 14.29ms
2026-09-29 23:24:39 | INFO     | httpx2 | HTTP Request: GET http://testserver/alerts/?limit=10&offset=0 "HTTP/1.1 200 OK"
2026-09-29 23:24:39 | INFO     | HIDS_API | HIDS API shutting down.
2026-09-29 23:24:39 | INFO     | HIDS_API | ============================================================
2026-09-29 23:24:39 | INFO     | HIDS_API | HIDS API starting up...
2026-09-29 23:24:39 | INFO     | HIDS_Database | Database schema verified / created / migrated.
2026-09-29 23:24:39 | INFO     | HIDS_API | Database schema verified.
2026-09-29 23:24:39 | INFO     | HIDS_API | DetectionEvaluator warmed successfully.
2026-09-29 23:24:39 | INFO     | HIDS_API | HIDS API ready — accepting requests.
2026-09-29 23:24:39 | INFO     | HIDS_API | ============================================================
2026-09-29 23:24:39 | INFO     | HIDS_API | GET /alerts/stats status=200 14.48ms
2026-09-29 23:24:39 | INFO     | httpx2 | HTTP Request: GET http://testserver/alerts/stats "HTTP/1.1 200 OK"
2026-09-29 23:24:39 | INFO     | HIDS_API | HIDS API shutting down.
2026-09-29 23:24:39 | INFO     | HIDS_API | ============================================================
2026-09-29 23:24:39 | INFO     | HIDS_API | HIDS API starting up...
2026-09-29 23:24:39 | INFO     | HIDS_Database | Database schema verified / created / migrated.
2026-09-29 23:24:39 | INFO     | HIDS_API | Database schema verified.
2026-09-29 23:24:39 | INFO     | HIDS_API | DetectionEvaluator warmed successfully.
2026-09-29 23:24:39 | INFO     | HIDS_API | HIDS API ready — accepting requests.
2026-09-29 23:24:39 | INFO     | HIDS_API | ============================================================
2026-09-29 23:24:39 | INFO     | HIDS_API | GET /alerts/999999 status=404 5.59ms
2026-09-29 23:24:39 | INFO     | httpx2 | HTTP Request: GET http://testserver/alerts/999999 "HTTP/1.1 404 Not Found"
2026-09-29 23:24:39 | INFO     | HIDS_API | HIDS API shutting down.
2026-09-29 20:24:54 | INFO     | uvicorn.access | 127.0.0.1:36016 - "GET /ready HTTP/1.1" 200
2026-09-29 20:25:24 | INFO     | uvicorn.access | 127.0.0.1:56410 - "GET /ready HTTP/1.1" 200
2026-09-29 20:25:54 | INFO     | uvicorn.access | 127.0.0.1:34548 - "GET /ready HTTP/1.1" 200
2026-09-29 20:26:24 | INFO     | uvicorn.access | 127.0.0.1:39008 - "GET /ready HTTP/1.1" 200
2026-09-29 20:26:54 | INFO     | uvicorn.access | 127.0.0.1:35746 - "GET /ready HTTP/1.1" 200
2026-09-29 20:27:24 | INFO     | uvicorn.access | 127.0.0.1:57354 - "GET /ready HTTP/1.1" 200
2026-09-29 20:27:54 | INFO     | uvicorn.access | 127.0.0.1:58892 - "GET /ready HTTP/1.1" 200
2026-09-29 20:28:24 | INFO     | uvicorn.access | 127.0.0.1:41898 - "GET /ready HTTP/1.1" 200
2026-09-29 20:28:54 | INFO     | uvicorn.access | 127.0.0.1:41870 - "GET /ready HTTP/1.1" 200
2026-09-29 20:29:25 | INFO     | uvicorn.access | 127.0.0.1:49112 - "GET /ready HTTP/1.1" 200
2026-09-29 20:29:55 | INFO     | uvicorn.access | 127.0.0.1:55316 - "GET /ready HTTP/1.1" 200
2026-09-29 20:30:25 | INFO     | uvicorn.access | 127.0.0.1:58950 - "GET /ready HTTP/1.1" 200
2026-09-29 23:30:34 | INFO     | HIDS_MonitorService | MonitorService ready — interface=wlo1 api=http://127.0.0.1:9000/detection/predict
2026-09-29 23:30:34 | INFO     | HIDS_Sniffer | Worker thread ready.
2026-09-29 23:30:34 | INFO     | HIDS_Sniffer | Sniff loop active on interface: wlo1
2026-09-29 23:30:34 | INFO     | HIDS_Sniffer | HIDS Engine Online — monitoring 'wlo1' in promiscuous mode.
2026-09-29 23:30:34 | ERROR    | HIDS_Sniffer | Sniff loop error: [Errno 1] Operation not permitted
2026-09-29 23:30:34 | INFO     | HIDS_MonitorService | HIDS engine started on interface 'wlo1'.
2026-09-29 23:30:37 | INFO     | HIDS_CRUD | Alert created — id=4462 severity=High score=3.000000 threshold=1.000000 encrypted=True is_fp=False
2026-09-29 23:30:37 | INFO     | HIDS_ModelLoader | Loaded model contains 0 DetectionBlock layers — built from plain Keras layers.
2026-09-29 23:30:37 | INFO     | HIDS_ModelLoader | AI Detection Engine ready — input: (22,) output: (22,)
2026-09-29 23:30:37 | INFO     | HIDS_Evaluator | MinMaxScaler loaded successfully from models/scaler.pkl
2026-09-29 23:30:37 | INFO     | HIDS_Evaluator | Threshold parameters active — τ=0.500000 (μ=0.000000, σ=0.000000)
2026-09-29 23:30:37 | INFO     | HIDS_API | ============================================================
2026-09-29 23:30:37 | INFO     | HIDS_API | HIDS API starting up...
2026-09-29 23:30:37 | INFO     | HIDS_Database | Database schema verified / created / migrated.
2026-09-29 23:30:37 | INFO     | HIDS_API | Database schema verified.
2026-09-29 23:30:37 | INFO     | HIDS_Dependencies | Loading DetectionEvaluator (first request)...
2026-09-29 23:30:37 | INFO     | HIDS_Evaluator | MinMaxScaler loaded successfully from models/scaler.pkl
2026-09-29 23:30:37 | INFO     | HIDS_Evaluator | Threshold parameters active — τ=0.500000 (μ=0.000000, σ=0.000000)
2026-09-29 23:30:37 | INFO     | HIDS_Dependencies | DetectionEvaluator ready.
2026-09-29 23:30:37 | INFO     | HIDS_API | DetectionEvaluator warmed successfully.
2026-09-29 23:30:37 | INFO     | HIDS_API | HIDS API ready — accepting requests.
2026-09-29 23:30:37 | INFO     | HIDS_API | ============================================================
2026-09-29 23:30:37 | INFO     | httpx2 | HTTP Request: GET http://testserver/health "HTTP/1.1 200 OK"
2026-09-29 23:30:37 | INFO     | HIDS_API | HIDS API shutting down.
2026-09-29 23:30:37 | INFO     | HIDS_API | ============================================================
2026-09-29 23:30:37 | INFO     | HIDS_API | HIDS API starting up...
2026-09-29 23:30:37 | INFO     | HIDS_Database | Database schema verified / created / migrated.
2026-09-29 23:30:37 | INFO     | HIDS_API | Database schema verified.
2026-09-29 23:30:37 | INFO     | HIDS_API | DetectionEvaluator warmed successfully.
2026-09-29 23:30:37 | INFO     | HIDS_API | HIDS API ready — accepting requests.
2026-09-29 23:30:37 | INFO     | HIDS_API | ============================================================
2026-09-29 23:30:37 | INFO     | HIDS_ModelLoader | Validation metrics loaded from experiments/figures/training/validation_metrics.json
2026-09-29 23:30:37 | INFO     | httpx2 | HTTP Request: GET http://testserver/ready "HTTP/1.1 200 OK"
2026-09-29 23:30:37 | INFO     | HIDS_API | HIDS API shutting down.
2026-09-29 23:30:37 | INFO     | HIDS_API | ============================================================
2026-09-29 23:30:37 | INFO     | HIDS_API | HIDS API starting up...
2026-09-29 23:30:37 | INFO     | HIDS_Database | Database schema verified / created / migrated.
2026-09-29 23:30:37 | INFO     | HIDS_API | Database schema verified.
2026-09-29 23:30:37 | INFO     | HIDS_API | DetectionEvaluator warmed successfully.
2026-09-29 23:30:37 | INFO     | HIDS_API | HIDS API ready — accepting requests.
2026-09-29 23:30:37 | INFO     | HIDS_API | ============================================================
2026-09-29 23:30:37 | INFO     | HIDS_Dependencies | Loading scaler from models/scaler.pkl...
2026-09-29 23:30:37 | INFO     | HIDS_Dependencies | Scaler loaded and verified (22 features).
2026-09-29 23:30:37 | INFO     | HIDS_API | POST /detection/predict status=422 8.15ms
2026-09-29 23:30:37 | INFO     | httpx2 | HTTP Request: POST http://testserver/detection/predict "HTTP/1.1 422 Unprocessable Content"
2026-09-29 23:30:37 | INFO     | HIDS_API | HIDS API shutting down.
2026-09-29 23:30:37 | INFO     | HIDS_API | ============================================================
2026-09-29 23:30:37 | INFO     | HIDS_API | HIDS API starting up...
2026-09-29 23:30:37 | INFO     | HIDS_Database | Database schema verified / created / migrated.
2026-09-29 23:30:37 | INFO     | HIDS_API | Database schema verified.
2026-09-29 23:30:37 | INFO     | HIDS_API | DetectionEvaluator warmed successfully.
2026-09-29 23:30:37 | INFO     | HIDS_API | HIDS API ready — accepting requests.
2026-09-29 23:30:37 | INFO     | HIDS_API | ============================================================
2026-09-29 23:30:37 | INFO     | HIDS_API | POST /detection/predict status=422 2.32ms
2026-09-29 23:30:37 | INFO     | httpx2 | HTTP Request: POST http://testserver/detection/predict "HTTP/1.1 422 Unprocessable Content"
2026-09-29 23:30:37 | INFO     | HIDS_API | HIDS API shutting down.
2026-09-29 23:30:37 | INFO     | HIDS_API | ============================================================
2026-09-29 23:30:37 | INFO     | HIDS_API | HIDS API starting up...
2026-09-29 23:30:37 | INFO     | HIDS_Database | Database schema verified / created / migrated.
2026-09-29 23:30:37 | INFO     | HIDS_API | Database schema verified.
2026-09-29 23:30:37 | INFO     | HIDS_API | DetectionEvaluator warmed successfully.
2026-09-29 23:30:37 | INFO     | HIDS_API | HIDS API ready — accepting requests.
2026-09-29 23:30:37 | INFO     | HIDS_API | ============================================================
2026-09-29 23:30:37 | INFO     | HIDS_API | GET /alerts/ status=200 11.02ms
2026-09-29 23:30:37 | INFO     | httpx2 | HTTP Request: GET http://testserver/alerts/?limit=10&offset=0 "HTTP/1.1 200 OK"
2026-09-29 23:30:37 | INFO     | HIDS_API | HIDS API shutting down.
2026-09-29 23:30:37 | INFO     | HIDS_API | ============================================================
2026-09-29 23:30:37 | INFO     | HIDS_API | HIDS API starting up...
2026-09-29 23:30:37 | INFO     | HIDS_Database | Database schema verified / created / migrated.
2026-09-29 23:30:37 | INFO     | HIDS_API | Database schema verified.
2026-09-29 23:30:37 | INFO     | HIDS_API | DetectionEvaluator warmed successfully.
2026-09-29 23:30:37 | INFO     | HIDS_API | HIDS API ready — accepting requests.
2026-09-29 23:30:37 | INFO     | HIDS_API | ============================================================
2026-09-29 23:30:37 | INFO     | HIDS_API | GET /alerts/stats status=200 16.82ms
2026-09-29 23:30:37 | INFO     | httpx2 | HTTP Request: GET http://testserver/alerts/stats "HTTP/1.1 200 OK"
2026-09-29 23:30:37 | INFO     | HIDS_API | HIDS API shutting down.
2026-09-29 23:30:37 | INFO     | HIDS_API | ============================================================
2026-09-29 23:30:37 | INFO     | HIDS_API | HIDS API starting up...
2026-09-29 23:30:37 | INFO     | HIDS_Database | Database schema verified / created / migrated.
2026-09-29 23:30:37 | INFO     | HIDS_API | Database schema verified.
2026-09-29 23:30:37 | INFO     | HIDS_API | DetectionEvaluator warmed successfully.
2026-09-29 23:30:37 | INFO     | HIDS_API | HIDS API ready — accepting requests.
2026-09-29 23:30:37 | INFO     | HIDS_API | ============================================================
2026-09-29 23:30:37 | INFO     | HIDS_API | GET /alerts/999999 status=404 5.02ms
2026-09-29 23:30:37 | INFO     | httpx2 | HTTP Request: GET http://testserver/alerts/999999 "HTTP/1.1 404 Not Found"
2026-09-29 23:30:37 | INFO     | HIDS_API | HIDS API shutting down.
2026-09-29 20:30:55 | INFO     | uvicorn.access | 127.0.0.1:37956 - "GET /ready HTTP/1.1" 200
2026-09-29 23:31:07 | INFO     | HIDS_MonitorService | MonitorService ready — interface=wlo1 api=http://127.0.0.1:9000/detection/predict
2026-09-29 23:31:07 | INFO     | HIDS_Sniffer | Worker thread ready.
2026-09-29 23:31:07 | INFO     | HIDS_Sniffer | Sniff loop active on interface: wlo1
2026-09-29 23:31:07 | INFO     | HIDS_Sniffer | HIDS Engine Online — monitoring 'wlo1' in promiscuous mode.
2026-09-29 23:31:07 | ERROR    | HIDS_Sniffer | Sniff loop error: [Errno 1] Operation not permitted
2026-09-29 23:31:07 | INFO     | HIDS_MonitorService | HIDS engine started on interface 'wlo1'.
2026-09-29 23:31:09 | INFO     | HIDS_CRUD | Alert created — id=4463 severity=High score=3.000000 threshold=1.000000 encrypted=True is_fp=False
2026-09-29 23:31:10 | INFO     | HIDS_ModelLoader | Loaded model contains 0 DetectionBlock layers — built from plain Keras layers.
2026-09-29 23:31:10 | INFO     | HIDS_ModelLoader | AI Detection Engine ready — input: (22,) output: (22,)
2026-09-29 23:31:10 | INFO     | HIDS_Evaluator | MinMaxScaler loaded successfully from models/scaler.pkl
2026-09-29 23:31:10 | INFO     | HIDS_Evaluator | Threshold parameters active — τ=0.500000 (μ=0.000000, σ=0.000000)
2026-09-29 23:31:10 | INFO     | HIDS_API | ============================================================
2026-09-29 23:31:10 | INFO     | HIDS_API | HIDS API starting up...
2026-09-29 23:31:10 | INFO     | HIDS_Database | Database schema verified / created / migrated.
2026-09-29 23:31:10 | INFO     | HIDS_API | Database schema verified.
2026-09-29 23:31:10 | INFO     | HIDS_Dependencies | Loading DetectionEvaluator (first request)...
2026-09-29 23:31:10 | INFO     | HIDS_Evaluator | MinMaxScaler loaded successfully from models/scaler.pkl
2026-09-29 23:31:10 | INFO     | HIDS_Evaluator | Threshold parameters active — τ=0.500000 (μ=0.000000, σ=0.000000)
2026-09-29 23:31:10 | INFO     | HIDS_Dependencies | DetectionEvaluator ready.
2026-09-29 23:31:10 | INFO     | HIDS_API | DetectionEvaluator warmed successfully.
2026-09-29 23:31:10 | INFO     | HIDS_API | HIDS API ready — accepting requests.
2026-09-29 23:31:10 | INFO     | HIDS_API | ============================================================
2026-09-29 23:31:10 | INFO     | httpx2 | HTTP Request: GET http://testserver/health "HTTP/1.1 200 OK"
2026-09-29 23:31:10 | INFO     | HIDS_API | HIDS API shutting down.
2026-09-29 23:31:10 | INFO     | HIDS_API | ============================================================
2026-09-29 23:31:10 | INFO     | HIDS_API | HIDS API starting up...
2026-09-29 23:31:10 | INFO     | HIDS_Database | Database schema verified / created / migrated.
2026-09-29 23:31:10 | INFO     | HIDS_API | Database schema verified.
2026-09-29 23:31:10 | INFO     | HIDS_API | DetectionEvaluator warmed successfully.
2026-09-29 23:31:10 | INFO     | HIDS_API | HIDS API ready — accepting requests.
2026-09-29 23:31:10 | INFO     | HIDS_API | ============================================================
2026-09-29 23:31:10 | INFO     | HIDS_ModelLoader | Validation metrics loaded from experiments/figures/training/validation_metrics.json
2026-09-29 23:31:10 | INFO     | httpx2 | HTTP Request: GET http://testserver/ready "HTTP/1.1 200 OK"
2026-09-29 23:31:10 | INFO     | HIDS_API | HIDS API shutting down.
2026-09-29 23:31:10 | INFO     | HIDS_API | ============================================================
2026-09-29 23:31:10 | INFO     | HIDS_API | HIDS API starting up...
2026-09-29 23:31:10 | INFO     | HIDS_Database | Database schema verified / created / migrated.
2026-09-29 23:31:10 | INFO     | HIDS_API | Database schema verified.
2026-09-29 23:31:10 | INFO     | HIDS_API | DetectionEvaluator warmed successfully.
2026-09-29 23:31:10 | INFO     | HIDS_API | HIDS API ready — accepting requests.
2026-09-29 23:31:10 | INFO     | HIDS_API | ============================================================
2026-09-29 23:31:10 | INFO     | HIDS_Dependencies | Loading scaler from models/scaler.pkl...
2026-09-29 23:31:10 | INFO     | HIDS_Dependencies | Scaler loaded and verified (22 features).
2026-09-29 23:31:10 | INFO     | HIDS_API | POST /detection/predict status=422 6.47ms
2026-09-29 23:31:10 | INFO     | httpx2 | HTTP Request: POST http://testserver/detection/predict "HTTP/1.1 422 Unprocessable Content"
2026-09-29 23:31:10 | INFO     | HIDS_API | HIDS API shutting down.
2026-09-29 23:31:10 | INFO     | HIDS_API | ============================================================
2026-09-29 23:31:10 | INFO     | HIDS_API | HIDS API starting up...
2026-09-29 23:31:10 | INFO     | HIDS_Database | Database schema verified / created / migrated.
2026-09-29 23:31:10 | INFO     | HIDS_API | Database schema verified.
2026-09-29 23:31:10 | INFO     | HIDS_API | DetectionEvaluator warmed successfully.
2026-09-29 23:31:10 | INFO     | HIDS_API | HIDS API ready — accepting requests.
2026-09-29 23:31:10 | INFO     | HIDS_API | ============================================================
2026-09-29 23:31:10 | INFO     | HIDS_API | POST /detection/predict status=422 3.27ms
2026-09-29 23:31:10 | INFO     | httpx2 | HTTP Request: POST http://testserver/detection/predict "HTTP/1.1 422 Unprocessable Content"
2026-09-29 23:31:10 | INFO     | HIDS_API | HIDS API shutting down.
2026-09-29 23:31:10 | INFO     | HIDS_API | ============================================================
2026-09-29 23:31:10 | INFO     | HIDS_API | HIDS API starting up...
2026-09-29 23:31:10 | INFO     | HIDS_Database | Database schema verified / created / migrated.
2026-09-29 23:31:10 | INFO     | HIDS_API | Database schema verified.
2026-09-29 23:31:10 | INFO     | HIDS_API | DetectionEvaluator warmed successfully.
2026-09-29 23:31:10 | INFO     | HIDS_API | HIDS API ready — accepting requests.
2026-09-29 23:31:10 | INFO     | HIDS_API | ============================================================
2026-09-29 23:31:10 | INFO     | HIDS_API | GET /alerts/ status=200 12.12ms
2026-09-29 23:31:10 | INFO     | httpx2 | HTTP Request: GET http://testserver/alerts/?limit=10&offset=0 "HTTP/1.1 200 OK"
2026-09-29 23:31:10 | INFO     | HIDS_API | HIDS API shutting down.
2026-09-29 23:31:10 | INFO     | HIDS_API | ============================================================
2026-09-29 23:31:10 | INFO     | HIDS_API | HIDS API starting up...
2026-09-29 23:31:10 | INFO     | HIDS_Database | Database schema verified / created / migrated.
2026-09-29 23:31:10 | INFO     | HIDS_API | Database schema verified.
2026-09-29 23:31:10 | INFO     | HIDS_API | DetectionEvaluator warmed successfully.
2026-09-29 23:31:10 | INFO     | HIDS_API | HIDS API ready — accepting requests.
2026-09-29 23:31:10 | INFO     | HIDS_API | ============================================================
2026-09-29 23:31:10 | INFO     | HIDS_API | GET /alerts/stats status=200 24.22ms
2026-09-29 23:31:10 | INFO     | httpx2 | HTTP Request: GET http://testserver/alerts/stats "HTTP/1.1 200 OK"
2026-09-29 23:31:10 | INFO     | HIDS_API | HIDS API shutting down.
2026-09-29 23:31:10 | INFO     | HIDS_API | ============================================================
2026-09-29 23:31:10 | INFO     | HIDS_API | HIDS API starting up...
2026-09-29 23:31:10 | INFO     | HIDS_Database | Database schema verified / created / migrated.
2026-09-29 23:31:10 | INFO     | HIDS_API | Database schema verified.
2026-09-29 23:31:10 | INFO     | HIDS_API | DetectionEvaluator warmed successfully.
2026-09-29 23:31:10 | INFO     | HIDS_API | HIDS API ready — accepting requests.
2026-09-29 23:31:10 | INFO     | HIDS_API | ============================================================
2026-09-29 23:31:10 | INFO     | HIDS_API | GET /alerts/999999 status=404 8.23ms
2026-09-29 23:31:10 | INFO     | httpx2 | HTTP Request: GET http://testserver/alerts/999999 "HTTP/1.1 404 Not Found"
2026-09-29 23:31:10 | INFO     | HIDS_API | HIDS API shutting down.
2026-09-29 20:31:25 | INFO     | uvicorn.access | 127.0.0.1:53212 - "GET /ready HTTP/1.1" 200
2026-09-29 20:31:55 | INFO     | uvicorn.access | 127.0.0.1:53506 - "GET /ready HTTP/1.1" 200
2026-09-29 20:32:25 | INFO     | uvicorn.access | 127.0.0.1:41680 - "GET /ready HTTP/1.1" 200
2026-09-29 20:32:55 | INFO     | uvicorn.access | 127.0.0.1:46004 - "GET /ready HTTP/1.1" 200
2026-09-29 20:33:25 | INFO     | uvicorn.access | 127.0.0.1:53448 - "GET /ready HTTP/1.1" 200
2026-09-29 20:33:55 | INFO     | uvicorn.access | 127.0.0.1:55530 - "GET /ready HTTP/1.1" 200
2026-09-29 20:34:25 | INFO     | uvicorn.access | 127.0.0.1:35458 - "GET /ready HTTP/1.1" 200
2026-09-29 23:34:26 | INFO     | HIDS_MonitorService | MonitorService ready — interface=wlo1 api=http://127.0.0.1:9000/detection/predict
2026-09-29 23:34:26 | INFO     | HIDS_Sniffer | Worker thread ready.
2026-09-29 23:34:26 | INFO     | HIDS_Sniffer | Sniff loop active on interface: wlo1
2026-09-29 23:34:26 | INFO     | HIDS_Sniffer | HIDS Engine Online — monitoring 'wlo1' in promiscuous mode.
2026-09-29 23:34:26 | ERROR    | HIDS_Sniffer | Sniff loop error: [Errno 1] Operation not permitted
2026-09-29 23:34:26 | INFO     | HIDS_MonitorService | HIDS engine started on interface 'wlo1'.
2026-09-29 23:34:28 | INFO     | HIDS_CRUD | Alert created — id=4464 severity=High score=3.000000 threshold=1.000000 encrypted=True is_fp=False
2026-09-29 23:34:29 | INFO     | HIDS_ModelLoader | Loaded model contains 0 DetectionBlock layers — built from plain Keras layers.
2026-09-29 23:34:29 | INFO     | HIDS_ModelLoader | AI Detection Engine ready — input: (22,) output: (22,)
2026-09-29 23:34:29 | INFO     | HIDS_Evaluator | MinMaxScaler loaded successfully from models/scaler.pkl
2026-09-29 23:34:29 | INFO     | HIDS_Evaluator | Threshold parameters active — τ=0.500000 (μ=0.000000, σ=0.000000)
2026-09-29 23:34:29 | INFO     | HIDS_API | ============================================================
2026-09-29 23:34:29 | INFO     | HIDS_API | HIDS API starting up...
2026-09-29 23:34:29 | INFO     | HIDS_Database | Database schema verified / created / migrated.
2026-09-29 23:34:29 | INFO     | HIDS_API | Database schema verified.
2026-09-29 23:34:29 | INFO     | HIDS_Dependencies | Loading DetectionEvaluator (first request)...
2026-09-29 23:34:29 | INFO     | HIDS_Evaluator | MinMaxScaler loaded successfully from models/scaler.pkl
2026-09-29 23:34:29 | INFO     | HIDS_Evaluator | Threshold parameters active — τ=0.500000 (μ=0.000000, σ=0.000000)
2026-09-29 23:34:29 | INFO     | HIDS_Dependencies | DetectionEvaluator ready.
2026-09-29 23:34:29 | INFO     | HIDS_API | DetectionEvaluator warmed successfully.
2026-09-29 23:34:29 | INFO     | HIDS_API | HIDS API ready — accepting requests.
2026-09-29 23:34:29 | INFO     | HIDS_API | ============================================================
2026-09-29 23:34:29 | INFO     | httpx2 | HTTP Request: GET http://testserver/health "HTTP/1.1 200 OK"
2026-09-29 23:34:29 | INFO     | HIDS_API | HIDS API shutting down.
2026-09-29 23:34:29 | INFO     | HIDS_API | ============================================================
2026-09-29 23:34:29 | INFO     | HIDS_API | HIDS API starting up...
2026-09-29 23:34:29 | INFO     | HIDS_Database | Database schema verified / created / migrated.
2026-09-29 23:34:29 | INFO     | HIDS_API | Database schema verified.
2026-09-29 23:34:29 | INFO     | HIDS_API | DetectionEvaluator warmed successfully.
2026-09-29 23:34:29 | INFO     | HIDS_API | HIDS API ready — accepting requests.
2026-09-29 23:34:29 | INFO     | HIDS_API | ============================================================
2026-09-29 23:34:29 | INFO     | HIDS_ModelLoader | Validation metrics loaded from experiments/figures/training/validation_metrics.json
2026-09-29 23:34:29 | INFO     | httpx2 | HTTP Request: GET http://testserver/ready "HTTP/1.1 200 OK"
2026-09-29 23:34:29 | INFO     | HIDS_API | HIDS API shutting down.
2026-09-29 23:34:29 | INFO     | HIDS_API | ============================================================
2026-09-29 23:34:29 | INFO     | HIDS_API | HIDS API starting up...
2026-09-29 23:34:29 | INFO     | HIDS_Database | Database schema verified / created / migrated.
2026-09-29 23:34:29 | INFO     | HIDS_API | Database schema verified.
2026-09-29 23:34:29 | INFO     | HIDS_API | DetectionEvaluator warmed successfully.
2026-09-29 23:34:29 | INFO     | HIDS_API | HIDS API ready — accepting requests.
2026-09-29 23:34:29 | INFO     | HIDS_API | ============================================================
2026-09-29 23:34:29 | INFO     | HIDS_Dependencies | Loading scaler from models/scaler.pkl...
2026-09-29 23:34:29 | INFO     | HIDS_Dependencies | Scaler loaded and verified (22 features).
2026-09-29 23:34:29 | INFO     | HIDS_API | POST /detection/predict status=422 5.29ms
2026-09-29 23:34:29 | INFO     | httpx2 | HTTP Request: POST http://testserver/detection/predict "HTTP/1.1 422 Unprocessable Content"
2026-09-29 23:34:29 | INFO     | HIDS_API | HIDS API shutting down.
2026-09-29 23:34:29 | INFO     | HIDS_API | ============================================================
2026-09-29 23:34:29 | INFO     | HIDS_API | HIDS API starting up...
2026-09-29 23:34:29 | INFO     | HIDS_Database | Database schema verified / created / migrated.
2026-09-29 23:34:29 | INFO     | HIDS_API | Database schema verified.
2026-09-29 23:34:29 | INFO     | HIDS_API | DetectionEvaluator warmed successfully.
2026-09-29 23:34:29 | INFO     | HIDS_API | HIDS API ready — accepting requests.
2026-09-29 23:34:29 | INFO     | HIDS_API | ============================================================
2026-09-29 23:34:29 | INFO     | HIDS_API | POST /detection/predict status=422 2.75ms
2026-09-29 23:34:29 | INFO     | httpx2 | HTTP Request: POST http://testserver/detection/predict "HTTP/1.1 422 Unprocessable Content"
2026-09-29 23:34:29 | INFO     | HIDS_API | HIDS API shutting down.
2026-09-29 23:34:29 | INFO     | HIDS_API | ============================================================
2026-09-29 23:34:29 | INFO     | HIDS_API | HIDS API starting up...
2026-09-29 23:34:29 | INFO     | HIDS_Database | Database schema verified / created / migrated.
2026-09-29 23:34:29 | INFO     | HIDS_API | Database schema verified.
2026-09-29 23:34:29 | INFO     | HIDS_API | DetectionEvaluator warmed successfully.
2026-09-29 23:34:29 | INFO     | HIDS_API | HIDS API ready — accepting requests.
2026-09-29 23:34:29 | INFO     | HIDS_API | ============================================================
2026-09-29 23:34:29 | INFO     | HIDS_API | GET /alerts/ status=200 10.61ms
2026-09-29 23:34:29 | INFO     | httpx2 | HTTP Request: GET http://testserver/alerts/?limit=10&offset=0 "HTTP/1.1 200 OK"
2026-09-29 23:34:29 | INFO     | HIDS_API | HIDS API shutting down.
2026-09-29 23:34:29 | INFO     | HIDS_API | ============================================================
2026-09-29 23:34:29 | INFO     | HIDS_API | HIDS API starting up...
2026-09-29 23:34:29 | INFO     | HIDS_Database | Database schema verified / created / migrated.
2026-09-29 23:34:29 | INFO     | HIDS_API | Database schema verified.
2026-09-29 23:34:29 | INFO     | HIDS_API | DetectionEvaluator warmed successfully.
2026-09-29 23:34:29 | INFO     | HIDS_API | HIDS API ready — accepting requests.
2026-09-29 23:34:29 | INFO     | HIDS_API | ============================================================
2026-09-29 23:34:29 | INFO     | HIDS_API | GET /alerts/stats status=200 14.74ms
2026-09-29 23:34:29 | INFO     | httpx2 | HTTP Request: GET http://testserver/alerts/stats "HTTP/1.1 200 OK"
2026-09-29 23:34:29 | INFO     | HIDS_API | HIDS API shutting down.
2026-09-29 23:34:29 | INFO     | HIDS_API | ============================================================
2026-09-29 23:34:29 | INFO     | HIDS_API | HIDS API starting up...
2026-09-29 23:34:29 | INFO     | HIDS_Database | Database schema verified / created / migrated.
2026-09-29 23:34:29 | INFO     | HIDS_API | Database schema verified.
2026-09-29 23:34:29 | INFO     | HIDS_API | DetectionEvaluator warmed successfully.
2026-09-29 23:34:29 | INFO     | HIDS_API | HIDS API ready — accepting requests.
2026-09-29 23:34:29 | INFO     | HIDS_API | ============================================================
2026-09-29 23:34:29 | INFO     | HIDS_API | GET /alerts/999999 status=404 4.63ms
2026-09-29 23:34:29 | INFO     | httpx2 | HTTP Request: GET http://testserver/alerts/999999 "HTTP/1.1 404 Not Found"
2026-09-29 23:34:29 | INFO     | HIDS_API | HIDS API shutting down.
2026-09-29 20:34:55 | INFO     | uvicorn.access | 127.0.0.1:47852 - "GET /ready HTTP/1.1" 200
2026-09-29 20:35:25 | INFO     | uvicorn.access | 127.0.0.1:49840 - "GET /ready HTTP/1.1" 200
2026-09-29 20:35:55 | INFO     | uvicorn.access | 127.0.0.1:44264 - "GET /ready HTTP/1.1" 200
2026-09-29 20:36:18 | INFO     | uvicorn.error | Shutting down
2026-09-29 20:36:18 | INFO     | uvicorn.error | Waiting for application shutdown.
2026-09-29 20:36:18 | INFO     | HIDS_API | HIDS API shutting down.
2026-09-29 20:36:18 | INFO     | uvicorn.error | Application shutdown complete.
2026-09-29 20:36:18 | INFO     | uvicorn.error | Finished server process [1]
2026-09-30 06:08:52 | INFO     | uvicorn.error | Started server process [1]
2026-09-30 06:08:52 | INFO     | uvicorn.error | Waiting for application startup.
2026-09-30 06:08:52 | INFO     | HIDS_API | ============================================================
2026-09-30 06:08:52 | INFO     | HIDS_API | HIDS API starting up...
2026-09-30 06:08:52 | INFO     | HIDS_Database | Database schema verified / created / migrated.
2026-09-30 06:08:52 | INFO     | HIDS_API | Database schema verified.
2026-09-30 06:08:52 | INFO     | HIDS_API | DetectionEvaluator warmed successfully.
2026-09-30 06:08:52 | INFO     | HIDS_API | HIDS API ready — accepting requests.
2026-09-30 06:08:52 | INFO     | HIDS_API | ============================================================
2026-09-30 06:08:52 | INFO     | uvicorn.error | Application startup complete.
2026-09-30 06:08:52 | INFO     | uvicorn.error | Uvicorn running on http://0.0.0.0:9000 (Press CTRL+C to quit)
2026-09-30 06:08:56 | WARNING  | HIDS_ModelLoader | validation_metrics.json not found at experiments/figures/training/validation_metrics.json.
2026-09-30 06:08:56 | INFO     | uvicorn.access | 127.0.0.1:52906 - "GET /ready HTTP/1.1" 200
2026-09-30 06:09:26 | INFO     | uvicorn.access | 127.0.0.1:41978 - "GET /ready HTTP/1.1" 200
2026-09-30 06:09:56 | INFO     | uvicorn.access | 127.0.0.1:34072 - "GET /ready HTTP/1.1" 200
2026-09-30 06:10:26 | INFO     | uvicorn.access | 127.0.0.1:40490 - "GET /ready HTTP/1.1" 200
2026-09-30 06:10:56 | INFO     | uvicorn.access | 127.0.0.1:44956 - "GET /ready HTTP/1.1" 200
2026-09-30 06:11:26 | INFO     | uvicorn.access | 127.0.0.1:35882 - "GET /ready HTTP/1.1" 200
2026-09-30 06:11:56 | INFO     | uvicorn.access | 127.0.0.1:60070 - "GET /ready HTTP/1.1" 200
2026-09-30 06:12:26 | INFO     | uvicorn.access | 127.0.0.1:60694 - "GET /ready HTTP/1.1" 200
2026-09-30 06:12:56 | INFO     | uvicorn.access | 127.0.0.1:37460 - "GET /ready HTTP/1.1" 200
2026-09-30 06:13:26 | INFO     | uvicorn.access | 127.0.0.1:59506 - "GET /ready HTTP/1.1" 200
2026-09-30 06:13:56 | INFO     | uvicorn.access | 127.0.0.1:36098 - "GET /ready HTTP/1.1" 200
2026-09-30 06:14:26 | INFO     | uvicorn.access | 127.0.0.1:39492 - "GET /ready HTTP/1.1" 200
2026-09-30 06:14:56 | INFO     | uvicorn.access | 127.0.0.1:48908 - "GET /ready HTTP/1.1" 200
2026-09-30 06:15:27 | INFO     | uvicorn.access | 127.0.0.1:44510 - "GET /ready HTTP/1.1" 200
2026-09-30 06:15:57 | INFO     | uvicorn.access | 127.0.0.1:37556 - "GET /ready HTTP/1.1" 200
2026-09-30 06:16:27 | INFO     | uvicorn.access | 127.0.0.1:56852 - "GET /ready HTTP/1.1" 200
2026-09-30 06:16:57 | INFO     | uvicorn.access | 127.0.0.1:54350 - "GET /ready HTTP/1.1" 200
2026-09-30 06:17:27 | INFO     | uvicorn.access | 127.0.0.1:40302 - "GET /ready HTTP/1.1" 200
2026-09-30 06:17:57 | INFO     | uvicorn.access | 127.0.0.1:33220 - "GET /ready HTTP/1.1" 200
2026-09-30 06:18:27 | INFO     | uvicorn.access | 127.0.0.1:48616 - "GET /ready HTTP/1.1" 200
2026-09-30 06:18:57 | INFO     | uvicorn.access | 127.0.0.1:34192 - "GET /ready HTTP/1.1" 200
2026-09-30 06:19:27 | INFO     | uvicorn.access | 127.0.0.1:59260 - "GET /ready HTTP/1.1" 200
2026-09-30 06:19:57 | INFO     | uvicorn.access | 127.0.0.1:51974 - "GET /ready HTTP/1.1" 200
2026-09-30 06:20:27 | INFO     | uvicorn.access | 127.0.0.1:60044 - "GET /ready HTTP/1.1" 200
2026-09-30 06:20:57 | INFO     | uvicorn.access | 127.0.0.1:47200 - "GET /ready HTTP/1.1" 200
2026-09-30 06:21:27 | INFO     | uvicorn.access | 127.0.0.1:38606 - "GET /ready HTTP/1.1" 200
2026-09-30 06:21:57 | INFO     | uvicorn.access | 127.0.0.1:42454 - "GET /ready HTTP/1.1" 200
2026-09-30 06:22:28 | INFO     | uvicorn.access | 127.0.0.1:51538 - "GET /ready HTTP/1.1" 200
2026-09-30 06:22:58 | INFO     | uvicorn.access | 127.0.0.1:37302 - "GET /ready HTTP/1.1" 200
2026-09-30 06:23:28 | INFO     | uvicorn.access | 127.0.0.1:41910 - "GET /ready HTTP/1.1" 200
2026-09-30 06:23:58 | INFO     | uvicorn.access | 127.0.0.1:34428 - "GET /ready HTTP/1.1" 200
2026-09-30 06:24:28 | INFO     | uvicorn.access | 127.0.0.1:36764 - "GET /ready HTTP/1.1" 200
2026-09-30 06:24:58 | INFO     | uvicorn.access | 127.0.0.1:49130 - "GET /ready HTTP/1.1" 200
2026-09-30 06:25:28 | INFO     | uvicorn.access | 127.0.0.1:55630 - "GET /ready HTTP/1.1" 200
2026-09-30 06:25:58 | INFO     | uvicorn.access | 127.0.0.1:57512 - "GET /ready HTTP/1.1" 200
2026-09-30 06:26:28 | INFO     | uvicorn.access | 127.0.0.1:60018 - "GET /ready HTTP/1.1" 200
2026-09-30 06:26:58 | INFO     | uvicorn.access | 127.0.0.1:35004 - "GET /ready HTTP/1.1" 200
2026-09-30 06:27:28 | INFO     | uvicorn.access | 127.0.0.1:35890 - "GET /ready HTTP/1.1" 200
2026-09-30 06:27:58 | INFO     | uvicorn.access | 127.0.0.1:60854 - "GET /ready HTTP/1.1" 200
2026-09-30 06:28:28 | INFO     | uvicorn.access | 127.0.0.1:39234 - "GET /ready HTTP/1.1" 200
2026-09-30 06:28:58 | INFO     | uvicorn.access | 127.0.0.1:60640 - "GET /ready HTTP/1.1" 200
2026-09-30 06:29:28 | INFO     | uvicorn.access | 127.0.0.1:37162 - "GET /ready HTTP/1.1" 200
2026-09-30 06:29:58 | INFO     | uvicorn.access | 127.0.0.1:59488 - "GET /ready HTTP/1.1" 200
2026-09-30 06:30:29 | INFO     | uvicorn.access | 127.0.0.1:59784 - "GET /ready HTTP/1.1" 200
2026-09-30 06:30:59 | INFO     | uvicorn.access | 127.0.0.1:54676 - "GET /ready HTTP/1.1" 200
2026-09-30 06:31:29 | INFO     | uvicorn.access | 127.0.0.1:48232 - "GET /ready HTTP/1.1" 200
2026-09-30 06:31:59 | INFO     | uvicorn.access | 127.0.0.1:56600 - "GET /ready HTTP/1.1" 200
2026-09-30 06:32:29 | INFO     | uvicorn.access | 127.0.0.1:60682 - "GET /ready HTTP/1.1" 200
2026-09-30 06:32:59 | INFO     | uvicorn.access | 127.0.0.1:35490 - "GET /ready HTTP/1.1" 200
2026-09-30 06:33:29 | INFO     | uvicorn.access | 127.0.0.1:60450 - "GET /ready HTTP/1.1" 200
2026-09-30 06:33:59 | INFO     | uvicorn.access | 127.0.0.1:48650 - "GET /ready HTTP/1.1" 200
2026-09-30 06:34:29 | INFO     | uvicorn.access | 127.0.0.1:48032 - "GET /ready HTTP/1.1" 200
2026-09-30 06:34:59 | INFO     | uvicorn.access | 127.0.0.1:51716 - "GET /ready HTTP/1.1" 200
2026-09-30 06:35:29 | INFO     | uvicorn.access | 127.0.0.1:33174 - "GET /ready HTTP/1.1" 200
2026-09-30 06:35:59 | INFO     | uvicorn.access | 127.0.0.1:43848 - "GET /ready HTTP/1.1" 200
2026-09-30 06:36:29 | INFO     | uvicorn.access | 127.0.0.1:60566 - "GET /ready HTTP/1.1" 200
2026-09-30 06:36:59 | INFO     | uvicorn.access | 127.0.0.1:41718 - "GET /ready HTTP/1.1" 200
2026-09-30 06:37:29 | INFO     | uvicorn.access | 127.0.0.1:39830 - "GET /ready HTTP/1.1" 200
2026-09-30 06:37:59 | INFO     | uvicorn.access | 127.0.0.1:42468 - "GET /ready HTTP/1.1" 200
2026-09-30 06:38:30 | INFO     | uvicorn.access | 127.0.0.1:45448 - "GET /ready HTTP/1.1" 200
2026-09-30 06:39:00 | INFO     | uvicorn.access | 127.0.0.1:48224 - "GET /ready HTTP/1.1" 200
2026-09-30 06:39:30 | INFO     | uvicorn.access | 127.0.0.1:58464 - "GET /ready HTTP/1.1" 200
2026-09-30 06:40:00 | INFO     | uvicorn.access | 127.0.0.1:36194 - "GET /ready HTTP/1.1" 200
2026-09-30 06:40:30 | INFO     | uvicorn.access | 127.0.0.1:50102 - "GET /ready HTTP/1.1" 200
2026-09-30 06:41:00 | INFO     | uvicorn.access | 127.0.0.1:37196 - "GET /ready HTTP/1.1" 200
2026-09-30 06:41:30 | INFO     | uvicorn.access | 127.0.0.1:59832 - "GET /ready HTTP/1.1" 200
2026-09-30 06:42:00 | INFO     | uvicorn.access | 127.0.0.1:56462 - "GET /ready HTTP/1.1" 200
2026-09-30 06:42:30 | INFO     | uvicorn.access | 127.0.0.1:47622 - "GET /ready HTTP/1.1" 200
2026-09-30 06:43:00 | INFO     | uvicorn.access | 127.0.0.1:57726 - "GET /ready HTTP/1.1" 200
2026-09-30 06:43:30 | INFO     | uvicorn.access | 127.0.0.1:38518 - "GET /ready HTTP/1.1" 200
2026-09-30 06:44:00 | INFO     | uvicorn.access | 127.0.0.1:47396 - "GET /ready HTTP/1.1" 200
2026-09-30 06:44:30 | INFO     | uvicorn.access | 127.0.0.1:37734 - "GET /ready HTTP/1.1" 200
2026-09-30 06:45:00 | INFO     | uvicorn.access | 127.0.0.1:36530 - "GET /ready HTTP/1.1" 200
2026-09-30 06:45:30 | INFO     | uvicorn.access | 127.0.0.1:47854 - "GET /ready HTTP/1.1" 200
2026-09-30 06:46:00 | INFO     | uvicorn.access | 127.0.0.1:38804 - "GET /ready HTTP/1.1" 200
2026-09-30 06:46:31 | INFO     | uvicorn.access | 127.0.0.1:43514 - "GET /ready HTTP/1.1" 200
2026-09-30 06:47:01 | INFO     | uvicorn.access | 127.0.0.1:49398 - "GET /ready HTTP/1.1" 200
2026-09-30 06:47:31 | INFO     | uvicorn.access | 127.0.0.1:57234 - "GET /ready HTTP/1.1" 200
2026-09-30 06:48:01 | INFO     | uvicorn.access | 127.0.0.1:48390 - "GET /ready HTTP/1.1" 200
2026-09-30 06:48:31 | INFO     | uvicorn.access | 127.0.0.1:60232 - "GET /ready HTTP/1.1" 200
2026-09-30 06:49:01 | INFO     | uvicorn.access | 127.0.0.1:43578 - "GET /ready HTTP/1.1" 200
2026-09-30 06:49:31 | INFO     | uvicorn.access | 127.0.0.1:53018 - "GET /ready HTTP/1.1" 200
2026-09-30 06:50:01 | INFO     | uvicorn.access | 127.0.0.1:44460 - "GET /ready HTTP/1.1" 200
2026-09-30 06:50:31 | INFO     | uvicorn.access | 127.0.0.1:50470 - "GET /ready HTTP/1.1" 200
2026-09-30 06:51:01 | INFO     | uvicorn.access | 127.0.0.1:46396 - "GET /ready HTTP/1.1" 200
2026-09-30 06:51:31 | INFO     | uvicorn.access | 127.0.0.1:38928 - "GET /ready HTTP/1.1" 200
2026-09-30 06:52:01 | INFO     | uvicorn.access | 127.0.0.1:35388 - "GET /ready HTTP/1.1" 200
2026-09-30 06:52:31 | INFO     | uvicorn.access | 127.0.0.1:60434 - "GET /ready HTTP/1.1" 200
2026-09-30 06:53:01 | INFO     | uvicorn.access | 127.0.0.1:51518 - "GET /ready HTTP/1.1" 200
2026-09-30 06:53:31 | INFO     | uvicorn.access | 127.0.0.1:43866 - "GET /ready HTTP/1.1" 200
2026-09-30 06:54:02 | INFO     | uvicorn.access | 127.0.0.1:56720 - "GET /ready HTTP/1.1" 200
2026-09-30 06:54:32 | INFO     | uvicorn.access | 127.0.0.1:54440 - "GET /ready HTTP/1.1" 200
2026-09-30 06:55:02 | INFO     | uvicorn.access | 127.0.0.1:46062 - "GET /ready HTTP/1.1" 200
2026-09-30 06:55:32 | INFO     | uvicorn.access | 127.0.0.1:52862 - "GET /ready HTTP/1.1" 200
2026-09-30 06:56:02 | INFO     | uvicorn.access | 127.0.0.1:56846 - "GET /ready HTTP/1.1" 200
2026-09-30 06:56:32 | INFO     | uvicorn.access | 127.0.0.1:53992 - "GET /ready HTTP/1.1" 200
2026-09-30 06:57:02 | INFO     | uvicorn.access | 127.0.0.1:54120 - "GET /ready HTTP/1.1" 200
2026-09-30 06:57:32 | INFO     | uvicorn.access | 127.0.0.1:35672 - "GET /ready HTTP/1.1" 200
2026-09-30 06:58:02 | INFO     | uvicorn.access | 127.0.0.1:37978 - "GET /ready HTTP/1.1" 200
2026-09-30 06:58:32 | INFO     | uvicorn.access | 127.0.0.1:40092 - "GET /ready HTTP/1.1" 200
2026-09-30 06:59:02 | INFO     | uvicorn.access | 127.0.0.1:59100 - "GET /ready HTTP/1.1" 200
2026-09-30 06:59:32 | INFO     | uvicorn.access | 127.0.0.1:38986 - "GET /ready HTTP/1.1" 200
2026-09-30 07:00:02 | INFO     | uvicorn.access | 127.0.0.1:48732 - "GET /ready HTTP/1.1" 200
2026-09-30 07:00:32 | INFO     | uvicorn.access | 127.0.0.1:38648 - "GET /ready HTTP/1.1" 200
2026-09-30 07:01:02 | INFO     | uvicorn.access | 127.0.0.1:50488 - "GET /ready HTTP/1.1" 200
2026-09-30 07:01:32 | INFO     | uvicorn.access | 127.0.0.1:49352 - "GET /ready HTTP/1.1" 200
2026-09-30 07:02:03 | INFO     | uvicorn.access | 127.0.0.1:49510 - "GET /ready HTTP/1.1" 200
2026-09-30 07:02:33 | INFO     | uvicorn.access | 127.0.0.1:41776 - "GET /ready HTTP/1.1" 200
2026-09-30 07:03:03 | INFO     | uvicorn.access | 127.0.0.1:34962 - "GET /ready HTTP/1.1" 200
2026-09-30 07:03:33 | INFO     | uvicorn.access | 127.0.0.1:49666 - "GET /ready HTTP/1.1" 200
2026-09-30 07:04:03 | INFO     | uvicorn.access | 127.0.0.1:52772 - "GET /ready HTTP/1.1" 200
2026-09-30 07:04:33 | INFO     | uvicorn.access | 127.0.0.1:33738 - "GET /ready HTTP/1.1" 200
2026-09-30 07:05:03 | INFO     | uvicorn.access | 127.0.0.1:51480 - "GET /ready HTTP/1.1" 200
2026-09-30 07:05:33 | INFO     | uvicorn.access | 127.0.0.1:56664 - "GET /ready HTTP/1.1" 200
2026-09-30 07:06:03 | INFO     | uvicorn.access | 127.0.0.1:49432 - "GET /ready HTTP/1.1" 200
2026-09-30 07:06:33 | INFO     | uvicorn.access | 127.0.0.1:46980 - "GET /ready HTTP/1.1" 200
2026-09-30 07:07:03 | INFO     | uvicorn.access | 127.0.0.1:36168 - "GET /ready HTTP/1.1" 200
2026-09-30 07:07:33 | INFO     | uvicorn.access | 127.0.0.1:45322 - "GET /ready HTTP/1.1" 200
2026-09-30 07:08:03 | INFO     | uvicorn.access | 127.0.0.1:47638 - "GET /ready HTTP/1.1" 200
2026-09-30 07:08:33 | INFO     | uvicorn.access | 127.0.0.1:59390 - "GET /ready HTTP/1.1" 200
2026-09-30 07:09:03 | INFO     | uvicorn.access | 127.0.0.1:59820 - "GET /ready HTTP/1.1" 200
2026-09-30 07:09:33 | INFO     | uvicorn.access | 127.0.0.1:49400 - "GET /ready HTTP/1.1" 200
2026-09-30 07:10:04 | INFO     | uvicorn.access | 127.0.0.1:42458 - "GET /ready HTTP/1.1" 200
2026-09-30 07:10:34 | INFO     | uvicorn.access | 127.0.0.1:44766 - "GET /ready HTTP/1.1" 200
2026-09-30 07:11:04 | INFO     | uvicorn.access | 127.0.0.1:47748 - "GET /ready HTTP/1.1" 200
2026-09-30 07:11:34 | INFO     | uvicorn.access | 127.0.0.1:33340 - "GET /ready HTTP/1.1" 200
2026-09-30 07:12:04 | INFO     | uvicorn.access | 127.0.0.1:35922 - "GET /ready HTTP/1.1" 200
2026-09-30 07:12:34 | INFO     | uvicorn.access | 127.0.0.1:60186 - "GET /ready HTTP/1.1" 200
2026-09-30 07:13:04 | INFO     | uvicorn.access | 127.0.0.1:34484 - "GET /ready HTTP/1.1" 200
2026-09-30 07:13:34 | INFO     | uvicorn.access | 127.0.0.1:52010 - "GET /ready HTTP/1.1" 200
2026-09-30 07:14:04 | INFO     | uvicorn.access | 127.0.0.1:59434 - "GET /ready HTTP/1.1" 200
2026-09-30 07:14:34 | INFO     | uvicorn.access | 127.0.0.1:38372 - "GET /ready HTTP/1.1" 200
2026-09-30 07:15:04 | INFO     | uvicorn.access | 127.0.0.1:52818 - "GET /ready HTTP/1.1" 200
2026-09-30 07:15:34 | INFO     | uvicorn.access | 127.0.0.1:37292 - "GET /ready HTTP/1.1" 200
2026-09-30 07:16:04 | INFO     | uvicorn.access | 127.0.0.1:40672 - "GET /ready HTTP/1.1" 200
2026-09-30 07:16:34 | INFO     | uvicorn.access | 127.0.0.1:35642 - "GET /ready HTTP/1.1" 200
2026-09-30 07:17:04 | INFO     | uvicorn.access | 127.0.0.1:58652 - "GET /ready HTTP/1.1" 200
2026-09-30 07:17:34 | INFO     | uvicorn.access | 127.0.0.1:58544 - "GET /ready HTTP/1.1" 200
2026-09-30 07:18:05 | INFO     | uvicorn.access | 127.0.0.1:46348 - "GET /ready HTTP/1.1" 200
2026-09-30 07:18:35 | INFO     | uvicorn.access | 127.0.0.1:39226 - "GET /ready HTTP/1.1" 200
2026-09-30 07:19:05 | INFO     | uvicorn.access | 127.0.0.1:41122 - "GET /ready HTTP/1.1" 200
2026-09-30 07:19:35 | INFO     | uvicorn.access | 127.0.0.1:34516 - "GET /ready HTTP/1.1" 200
2026-09-30 07:20:05 | INFO     | uvicorn.access | 127.0.0.1:44244 - "GET /ready HTTP/1.1" 200
2026-09-30 07:20:35 | INFO     | uvicorn.access | 127.0.0.1:46206 - "GET /ready HTTP/1.1" 200
2026-09-30 07:21:05 | INFO     | uvicorn.access | 127.0.0.1:48146 - "GET /ready HTTP/1.1" 200
2026-09-30 07:21:35 | INFO     | uvicorn.access | 127.0.0.1:40966 - "GET /ready HTTP/1.1" 200
2026-09-30 07:22:05 | INFO     | uvicorn.access | 127.0.0.1:36440 - "GET /ready HTTP/1.1" 200
2026-09-30 07:22:35 | INFO     | uvicorn.access | 127.0.0.1:54788 - "GET /ready HTTP/1.1" 200
2026-09-30 07:23:05 | INFO     | uvicorn.access | 127.0.0.1:45638 - "GET /ready HTTP/1.1" 200
2026-09-30 07:23:35 | INFO     | uvicorn.access | 127.0.0.1:47810 - "GET /ready HTTP/1.1" 200
2026-09-30 07:24:05 | INFO     | uvicorn.access | 127.0.0.1:41422 - "GET /ready HTTP/1.1" 200
2026-09-30 07:24:35 | INFO     | uvicorn.access | 127.0.0.1:42082 - "GET /ready HTTP/1.1" 200
2026-09-30 07:25:05 | INFO     | uvicorn.access | 127.0.0.1:39248 - "GET /ready HTTP/1.1" 200
2026-09-30 07:25:35 | INFO     | uvicorn.access | 127.0.0.1:51556 - "GET /ready HTTP/1.1" 200
2026-09-30 07:26:06 | INFO     | uvicorn.access | 127.0.0.1:34408 - "GET /ready HTTP/1.1" 200
2026-09-30 07:26:36 | INFO     | uvicorn.access | 127.0.0.1:58722 - "GET /ready HTTP/1.1" 200
2026-09-30 07:27:06 | INFO     | uvicorn.access | 127.0.0.1:52152 - "GET /ready HTTP/1.1" 200
2026-09-30 07:27:36 | INFO     | uvicorn.access | 127.0.0.1:42410 - "GET /ready HTTP/1.1" 200
2026-09-30 07:28:06 | INFO     | uvicorn.access | 127.0.0.1:44998 - "GET /ready HTTP/1.1" 200
2026-09-30 07:28:36 | INFO     | uvicorn.access | 127.0.0.1:44792 - "GET /ready HTTP/1.1" 200
2026-09-30 07:29:06 | INFO     | uvicorn.access | 127.0.0.1:39530 - "GET /ready HTTP/1.1" 200
2026-09-30 07:29:36 | INFO     | uvicorn.access | 127.0.0.1:57256 - "GET /ready HTTP/1.1" 200
2026-09-30 07:30:06 | INFO     | uvicorn.access | 127.0.0.1:46840 - "GET /ready HTTP/1.1" 200
2026-09-30 07:30:36 | INFO     | uvicorn.access | 127.0.0.1:52006 - "GET /ready HTTP/1.1" 200
2026-09-30 07:31:06 | INFO     | uvicorn.access | 127.0.0.1:56374 - "GET /ready HTTP/1.1" 200
2026-09-30 07:31:36 | INFO     | uvicorn.access | 127.0.0.1:55696 - "GET /ready HTTP/1.1" 200
2026-09-30 07:32:06 | INFO     | uvicorn.access | 127.0.0.1:53860 - "GET /ready HTTP/1.1" 200
2026-09-30 07:32:36 | INFO     | uvicorn.access | 127.0.0.1:48446 - "GET /ready HTTP/1.1" 200
2026-09-30 07:33:07 | INFO     | uvicorn.access | 127.0.0.1:36116 - "GET /ready HTTP/1.1" 200
2026-09-30 07:33:37 | INFO     | uvicorn.access | 127.0.0.1:50340 - "GET /ready HTTP/1.1" 200
2026-09-30 07:34:07 | INFO     | uvicorn.access | 127.0.0.1:57408 - "GET /ready HTTP/1.1" 200
2026-09-30 07:34:37 | INFO     | uvicorn.access | 127.0.0.1:39886 - "GET /ready HTTP/1.1" 200
2026-09-30 07:35:07 | INFO     | uvicorn.access | 127.0.0.1:59844 - "GET /ready HTTP/1.1" 200
2026-09-30 07:35:37 | INFO     | uvicorn.access | 127.0.0.1:49362 - "GET /ready HTTP/1.1" 200
2026-09-30 07:36:07 | INFO     | uvicorn.access | 127.0.0.1:60958 - "GET /ready HTTP/1.1" 200
2026-09-30 07:36:37 | INFO     | uvicorn.access | 127.0.0.1:45340 - "GET /ready HTTP/1.1" 200
2026-09-30 07:37:07 | INFO     | uvicorn.access | 127.0.0.1:57422 - "GET /ready HTTP/1.1" 200
2026-09-30 07:37:37 | INFO     | uvicorn.access | 127.0.0.1:44246 - "GET /ready HTTP/1.1" 200
2026-09-30 07:38:07 | INFO     | uvicorn.access | 127.0.0.1:37752 - "GET /ready HTTP/1.1" 200
2026-09-30 07:38:37 | INFO     | uvicorn.access | 127.0.0.1:53976 - "GET /ready HTTP/1.1" 200
2026-09-30 07:39:08 | INFO     | uvicorn.access | 127.0.0.1:56186 - "GET /ready HTTP/1.1" 200
2026-09-30 07:39:38 | INFO     | uvicorn.access | 127.0.0.1:43394 - "GET /ready HTTP/1.1" 200
2026-09-30 07:40:08 | INFO     | uvicorn.access | 127.0.0.1:40638 - "GET /ready HTTP/1.1" 200
2026-09-30 07:40:38 | INFO     | uvicorn.access | 127.0.0.1:40984 - "GET /ready HTTP/1.1" 200
2026-09-30 07:41:08 | INFO     | uvicorn.access | 127.0.0.1:37264 - "GET /ready HTTP/1.1" 200
2026-09-30 07:41:38 | INFO     | uvicorn.access | 127.0.0.1:47868 - "GET /ready HTTP/1.1" 200
2026-09-30 07:42:08 | INFO     | uvicorn.access | 127.0.0.1:40030 - "GET /ready HTTP/1.1" 200
2026-09-30 07:42:38 | INFO     | uvicorn.access | 127.0.0.1:36618 - "GET /ready HTTP/1.1" 200
2026-09-30 07:43:08 | INFO     | uvicorn.access | 127.0.0.1:40468 - "GET /ready HTTP/1.1" 200
2026-09-30 07:43:38 | INFO     | uvicorn.access | 127.0.0.1:34022 - "GET /ready HTTP/1.1" 200
2026-09-30 07:44:08 | INFO     | uvicorn.access | 127.0.0.1:60314 - "GET /ready HTTP/1.1" 200
2026-09-30 07:44:38 | INFO     | uvicorn.access | 127.0.0.1:41012 - "GET /ready HTTP/1.1" 200
2026-09-30 07:45:08 | INFO     | uvicorn.access | 127.0.0.1:33686 - "GET /ready HTTP/1.1" 200
2026-09-30 07:45:39 | INFO     | uvicorn.access | 127.0.0.1:51262 - "GET /ready HTTP/1.1" 200
2026-09-30 07:46:09 | INFO     | uvicorn.access | 127.0.0.1:37780 - "GET /ready HTTP/1.1" 200
2026-09-30 07:46:39 | INFO     | uvicorn.access | 127.0.0.1:38264 - "GET /ready HTTP/1.1" 200
2026-09-30 07:47:09 | INFO     | uvicorn.access | 127.0.0.1:39722 - "GET /ready HTTP/1.1" 200
2026-09-30 07:47:39 | INFO     | uvicorn.access | 127.0.0.1:45878 - "GET /ready HTTP/1.1" 200
2026-09-30 07:48:09 | INFO     | uvicorn.access | 127.0.0.1:49892 - "GET /ready HTTP/1.1" 200
2026-09-30 07:48:39 | INFO     | uvicorn.access | 127.0.0.1:46458 - "GET /ready HTTP/1.1" 200
2026-09-30 07:49:09 | INFO     | uvicorn.access | 127.0.0.1:45620 - "GET /ready HTTP/1.1" 200
2026-09-30 07:49:39 | INFO     | uvicorn.access | 127.0.0.1:54752 - "GET /ready HTTP/1.1" 200
2026-09-30 07:50:09 | INFO     | uvicorn.access | 127.0.0.1:33294 - "GET /ready HTTP/1.1" 200
2026-09-30 07:50:39 | INFO     | uvicorn.access | 127.0.0.1:60084 - "GET /ready HTTP/1.1" 200
2026-09-30 07:51:09 | INFO     | uvicorn.access | 127.0.0.1:54414 - "GET /ready HTTP/1.1" 200
2026-09-30 07:51:39 | INFO     | uvicorn.access | 127.0.0.1:37630 - "GET /ready HTTP/1.1" 200
2026-09-30 07:52:09 | INFO     | uvicorn.access | 127.0.0.1:33324 - "GET /ready HTTP/1.1" 200
2026-09-30 07:52:39 | INFO     | uvicorn.access | 127.0.0.1:37360 - "GET /ready HTTP/1.1" 200
2026-09-30 07:53:09 | INFO     | uvicorn.access | 127.0.0.1:46306 - "GET /ready HTTP/1.1" 200
2026-09-30 07:53:39 | INFO     | uvicorn.access | 127.0.0.1:54158 - "GET /ready HTTP/1.1" 200
2026-09-30 07:54:10 | INFO     | uvicorn.access | 127.0.0.1:39604 - "GET /ready HTTP/1.1" 200
2026-09-30 07:54:40 | INFO     | uvicorn.access | 127.0.0.1:55850 - "GET /ready HTTP/1.1" 200
2026-09-30 07:55:10 | INFO     | uvicorn.access | 127.0.0.1:45058 - "GET /ready HTTP/1.1" 200
2026-09-30 07:55:40 | INFO     | uvicorn.access | 127.0.0.1:35764 - "GET /ready HTTP/1.1" 200
2026-09-30 07:56:10 | INFO     | uvicorn.access | 127.0.0.1:51028 - "GET /ready HTTP/1.1" 200
2026-09-30 07:56:40 | INFO     | uvicorn.access | 127.0.0.1:58362 - "GET /ready HTTP/1.1" 200
2026-09-30 07:57:10 | INFO     | uvicorn.access | 127.0.0.1:45024 - "GET /ready HTTP/1.1" 200
2026-09-30 07:57:40 | INFO     | uvicorn.access | 127.0.0.1:49570 - "GET /ready HTTP/1.1" 200
2026-09-30 07:58:10 | INFO     | uvicorn.access | 127.0.0.1:40286 - "GET /ready HTTP/1.1" 200
2026-09-30 07:58:40 | INFO     | uvicorn.access | 127.0.0.1:33974 - "GET /ready HTTP/1.1" 200
2026-09-30 07:59:10 | INFO     | uvicorn.access | 127.0.0.1:37556 - "GET /ready HTTP/1.1" 200
2026-09-30 07:59:40 | INFO     | uvicorn.access | 127.0.0.1:40416 - "GET /ready HTTP/1.1" 200
2026-09-30 08:00:10 | INFO     | uvicorn.access | 127.0.0.1:52868 - "GET /ready HTTP/1.1" 200
2026-09-30 08:00:40 | INFO     | uvicorn.access | 127.0.0.1:53584 - "GET /ready HTTP/1.1" 200
2026-09-30 08:01:10 | INFO     | uvicorn.access | 127.0.0.1:58982 - "GET /ready HTTP/1.1" 200
2026-09-30 08:01:40 | INFO     | uvicorn.access | 127.0.0.1:46870 - "GET /ready HTTP/1.1" 200
2026-09-30 08:02:11 | INFO     | uvicorn.access | 127.0.0.1:47634 - "GET /ready HTTP/1.1" 200
2026-09-30 08:02:41 | INFO     | uvicorn.access | 127.0.0.1:36964 - "GET /ready HTTP/1.1" 200
2026-09-30 08:03:11 | INFO     | uvicorn.access | 127.0.0.1:45066 - "GET /ready HTTP/1.1" 200
2026-09-30 08:03:41 | INFO     | uvicorn.access | 127.0.0.1:47262 - "GET /ready HTTP/1.1" 200
2026-09-30 08:04:11 | INFO     | uvicorn.access | 127.0.0.1:53646 - "GET /ready HTTP/1.1" 200
2026-09-30 08:04:41 | INFO     | uvicorn.access | 127.0.0.1:35644 - "GET /ready HTTP/1.1" 200
2026-09-30 08:05:11 | INFO     | uvicorn.access | 127.0.0.1:32852 - "GET /ready HTTP/1.1" 200
2026-09-30 08:05:41 | INFO     | uvicorn.access | 127.0.0.1:43716 - "GET /ready HTTP/1.1" 200
2026-09-30 08:06:11 | INFO     | uvicorn.access | 127.0.0.1:46288 - "GET /ready HTTP/1.1" 200
2026-09-30 08:06:41 | INFO     | uvicorn.access | 127.0.0.1:45324 - "GET /ready HTTP/1.1" 200
2026-09-30 08:07:11 | INFO     | uvicorn.access | 127.0.0.1:46950 - "GET /ready HTTP/1.1" 200
2026-09-30 08:07:41 | INFO     | uvicorn.access | 127.0.0.1:46898 - "GET /ready HTTP/1.1" 200
2026-09-30 08:08:11 | INFO     | uvicorn.access | 127.0.0.1:60026 - "GET /ready HTTP/1.1" 200
2026-09-30 08:08:41 | INFO     | uvicorn.access | 127.0.0.1:55210 - "GET /ready HTTP/1.1" 200
2026-09-30 08:09:11 | INFO     | uvicorn.access | 127.0.0.1:50970 - "GET /ready HTTP/1.1" 200
2026-09-30 08:09:41 | INFO     | uvicorn.access | 127.0.0.1:34166 - "GET /ready HTTP/1.1" 200
2026-09-30 08:10:11 | INFO     | uvicorn.access | 127.0.0.1:43158 - "GET /ready HTTP/1.1" 200
2026-09-30 08:10:42 | INFO     | uvicorn.access | 127.0.0.1:36718 - "GET /ready HTTP/1.1" 200
2026-09-30 08:11:12 | INFO     | uvicorn.access | 127.0.0.1:51610 - "GET /ready HTTP/1.1" 200
2026-09-30 08:11:42 | INFO     | uvicorn.access | 127.0.0.1:35500 - "GET /ready HTTP/1.1" 200
2026-09-30 08:12:12 | INFO     | uvicorn.access | 127.0.0.1:57060 - "GET /ready HTTP/1.1" 200
2026-09-30 08:12:42 | INFO     | uvicorn.access | 127.0.0.1:60930 - "GET /ready HTTP/1.1" 200
2026-09-30 08:13:12 | INFO     | uvicorn.access | 127.0.0.1:34546 - "GET /ready HTTP/1.1" 200
2026-09-30 08:13:42 | INFO     | uvicorn.access | 127.0.0.1:47080 - "GET /ready HTTP/1.1" 200
2026-09-30 08:14:12 | INFO     | uvicorn.access | 127.0.0.1:35766 - "GET /ready HTTP/1.1" 200
2026-09-30 08:14:42 | INFO     | uvicorn.access | 127.0.0.1:60026 - "GET /ready HTTP/1.1" 200
2026-09-30 08:15:12 | INFO     | uvicorn.access | 127.0.0.1:55036 - "GET /ready HTTP/1.1" 200
2026-09-30 08:15:42 | INFO     | uvicorn.access | 127.0.0.1:58606 - "GET /ready HTTP/1.1" 200
2026-09-30 08:16:12 | INFO     | uvicorn.access | 127.0.0.1:47268 - "GET /ready HTTP/1.1" 200
2026-09-30 08:16:42 | INFO     | uvicorn.access | 127.0.0.1:36090 - "GET /ready HTTP/1.1" 200
2026-09-30 08:17:12 | INFO     | uvicorn.access | 127.0.0.1:50948 - "GET /ready HTTP/1.1" 200
2026-09-30 08:17:42 | INFO     | uvicorn.access | 127.0.0.1:35442 - "GET /ready HTTP/1.1" 200
2026-09-30 08:18:12 | INFO     | uvicorn.access | 127.0.0.1:56130 - "GET /ready HTTP/1.1" 200
2026-09-30 08:18:43 | INFO     | uvicorn.access | 127.0.0.1:38230 - "GET /ready HTTP/1.1" 200
2026-09-30 08:19:13 | INFO     | uvicorn.access | 127.0.0.1:43888 - "GET /ready HTTP/1.1" 200
2026-09-30 08:19:43 | INFO     | uvicorn.access | 127.0.0.1:51596 - "GET /ready HTTP/1.1" 200
2026-09-30 08:20:13 | INFO     | uvicorn.access | 127.0.0.1:59760 - "GET /ready HTTP/1.1" 200
2026-09-30 08:20:43 | INFO     | uvicorn.access | 127.0.0.1:54912 - "GET /ready HTTP/1.1" 200
2026-09-30 08:21:13 | INFO     | uvicorn.access | 127.0.0.1:48574 - "GET /ready HTTP/1.1" 200
2026-09-30 08:21:43 | INFO     | uvicorn.access | 127.0.0.1:60300 - "GET /ready HTTP/1.1" 200
2026-09-30 08:22:13 | INFO     | uvicorn.access | 127.0.0.1:51562 - "GET /ready HTTP/1.1" 200
2026-09-30 08:22:43 | INFO     | uvicorn.access | 127.0.0.1:39374 - "GET /ready HTTP/1.1" 200
2026-09-30 08:23:13 | INFO     | uvicorn.access | 127.0.0.1:47220 - "GET /ready HTTP/1.1" 200
2026-09-30 08:23:43 | INFO     | uvicorn.access | 127.0.0.1:35522 - "GET /ready HTTP/1.1" 200
2026-09-30 08:24:13 | INFO     | uvicorn.access | 127.0.0.1:50628 - "GET /ready HTTP/1.1" 200
2026-09-30 08:24:43 | INFO     | uvicorn.access | 127.0.0.1:58684 - "GET /ready HTTP/1.1" 200
2026-09-30 08:25:13 | INFO     | uvicorn.access | 127.0.0.1:53184 - "GET /ready HTTP/1.1" 200
2026-09-30 08:25:43 | INFO     | uvicorn.access | 127.0.0.1:35666 - "GET /ready HTTP/1.1" 200
2026-09-30 08:26:13 | INFO     | uvicorn.access | 127.0.0.1:39404 - "GET /ready HTTP/1.1" 200
2026-09-30 08:26:44 | INFO     | uvicorn.access | 127.0.0.1:53960 - "GET /ready HTTP/1.1" 200
2026-09-30 08:27:14 | INFO     | uvicorn.access | 127.0.0.1:36096 - "GET /ready HTTP/1.1" 200
2026-09-30 08:27:44 | INFO     | uvicorn.access | 127.0.0.1:34634 - "GET /ready HTTP/1.1" 200
2026-09-30 08:28:14 | INFO     | uvicorn.access | 127.0.0.1:59660 - "GET /ready HTTP/1.1" 200
2026-09-30 08:28:44 | INFO     | uvicorn.access | 127.0.0.1:33276 - "GET /ready HTTP/1.1" 200
2026-09-30 08:29:14 | INFO     | uvicorn.access | 127.0.0.1:60460 - "GET /ready HTTP/1.1" 200
2026-09-30 08:29:44 | INFO     | uvicorn.access | 127.0.0.1:55178 - "GET /ready HTTP/1.1" 200
2026-09-30 08:30:14 | INFO     | uvicorn.access | 127.0.0.1:44442 - "GET /ready HTTP/1.1" 200
2026-09-30 08:30:44 | INFO     | uvicorn.access | 127.0.0.1:47372 - "GET /ready HTTP/1.1" 200
2026-09-30 08:31:14 | INFO     | uvicorn.access | 127.0.0.1:52742 - "GET /ready HTTP/1.1" 200
2026-09-30 08:31:44 | INFO     | uvicorn.access | 127.0.0.1:39788 - "GET /ready HTTP/1.1" 200
2026-09-30 08:32:14 | INFO     | uvicorn.access | 127.0.0.1:54956 - "GET /ready HTTP/1.1" 200
2026-09-30 08:32:44 | INFO     | uvicorn.access | 127.0.0.1:35630 - "GET /ready HTTP/1.1" 200
2026-09-30 08:33:14 | INFO     | uvicorn.access | 127.0.0.1:44996 - "GET /ready HTTP/1.1" 200
2026-09-30 08:33:44 | INFO     | uvicorn.access | 127.0.0.1:56356 - "GET /ready HTTP/1.1" 200
2026-09-30 08:34:14 | INFO     | uvicorn.access | 127.0.0.1:39098 - "GET /ready HTTP/1.1" 200
2026-09-30 08:34:45 | INFO     | uvicorn.access | 127.0.0.1:49918 - "GET /ready HTTP/1.1" 200
2026-09-30 08:35:15 | INFO     | uvicorn.access | 127.0.0.1:46158 - "GET /ready HTTP/1.1" 200
2026-09-30 08:35:45 | INFO     | uvicorn.access | 127.0.0.1:37590 - "GET /ready HTTP/1.1" 200
2026-09-30 08:36:15 | INFO     | uvicorn.access | 127.0.0.1:56950 - "GET /ready HTTP/1.1" 200
2026-09-30 08:36:45 | INFO     | uvicorn.access | 127.0.0.1:53598 - "GET /ready HTTP/1.1" 200
2026-09-30 08:37:15 | INFO     | uvicorn.access | 127.0.0.1:39298 - "GET /ready HTTP/1.1" 200
2026-09-30 08:37:45 | INFO     | uvicorn.access | 127.0.0.1:44590 - "GET /ready HTTP/1.1" 200
2026-09-30 08:38:15 | INFO     | uvicorn.access | 127.0.0.1:51592 - "GET /ready HTTP/1.1" 200
2026-09-30 08:38:45 | INFO     | uvicorn.access | 127.0.0.1:47712 - "GET /ready HTTP/1.1" 200
2026-09-30 08:39:15 | INFO     | uvicorn.access | 127.0.0.1:45874 - "GET /ready HTTP/1.1" 200
2026-09-30 08:39:45 | INFO     | uvicorn.access | 127.0.0.1:51186 - "GET /ready HTTP/1.1" 200
2026-09-30 08:40:15 | INFO     | uvicorn.access | 127.0.0.1:58610 - "GET /ready HTTP/1.1" 200
2026-09-30 08:40:45 | INFO     | uvicorn.access | 127.0.0.1:44398 - "GET /ready HTTP/1.1" 200
2026-09-30 08:41:15 | INFO     | uvicorn.access | 127.0.0.1:60576 - "GET /ready HTTP/1.1" 200
2026-09-30 08:41:45 | INFO     | uvicorn.access | 127.0.0.1:54872 - "GET /ready HTTP/1.1" 200
2026-09-30 08:42:15 | INFO     | uvicorn.access | 127.0.0.1:48766 - "GET /ready HTTP/1.1" 200
2026-09-30 08:42:46 | INFO     | uvicorn.access | 127.0.0.1:36084 - "GET /ready HTTP/1.1" 200
2026-09-30 08:43:16 | INFO     | uvicorn.access | 127.0.0.1:43912 - "GET /ready HTTP/1.1" 200
2026-09-30 08:43:46 | INFO     | uvicorn.access | 127.0.0.1:36968 - "GET /ready HTTP/1.1" 200
2026-09-30 08:44:16 | INFO     | uvicorn.access | 127.0.0.1:40468 - "GET /ready HTTP/1.1" 200
2026-09-30 08:44:46 | INFO     | uvicorn.access | 127.0.0.1:42322 - "GET /ready HTTP/1.1" 200
2026-09-30 08:45:16 | INFO     | uvicorn.access | 127.0.0.1:42536 - "GET /ready HTTP/1.1" 200
2026-09-30 08:45:46 | INFO     | uvicorn.access | 127.0.0.1:38578 - "GET /ready HTTP/1.1" 200
2026-09-30 08:46:16 | INFO     | uvicorn.access | 127.0.0.1:42936 - "GET /ready HTTP/1.1" 200
2026-09-30 08:46:46 | INFO     | uvicorn.access | 127.0.0.1:50674 - "GET /ready HTTP/1.1" 200
2026-09-30 08:47:16 | INFO     | uvicorn.access | 127.0.0.1:42088 - "GET /ready HTTP/1.1" 200
2026-09-30 08:47:46 | INFO     | uvicorn.access | 127.0.0.1:43028 - "GET /ready HTTP/1.1" 200
2026-09-30 08:48:16 | INFO     | uvicorn.access | 127.0.0.1:53500 - "GET /ready HTTP/1.1" 200
2026-09-30 08:48:46 | INFO     | uvicorn.access | 127.0.0.1:58626 - "GET /ready HTTP/1.1" 200
2026-09-30 08:49:16 | INFO     | uvicorn.access | 127.0.0.1:33034 - "GET /ready HTTP/1.1" 200
2026-09-30 08:49:46 | INFO     | uvicorn.access | 127.0.0.1:40434 - "GET /ready HTTP/1.1" 200
2026-09-30 08:50:16 | INFO     | uvicorn.access | 127.0.0.1:60606 - "GET /ready HTTP/1.1" 200
2026-09-30 08:50:47 | INFO     | uvicorn.access | 127.0.0.1:51938 - "GET /ready HTTP/1.1" 200
2026-09-30 08:51:17 | INFO     | uvicorn.access | 127.0.0.1:34426 - "GET /ready HTTP/1.1" 200
2026-09-30 08:51:47 | INFO     | uvicorn.access | 127.0.0.1:43406 - "GET /ready HTTP/1.1" 200
2026-09-30 08:52:17 | INFO     | uvicorn.access | 127.0.0.1:60440 - "GET /ready HTTP/1.1" 200
2026-09-30 08:52:47 | INFO     | uvicorn.access | 127.0.0.1:56610 - "GET /ready HTTP/1.1" 200
2026-09-30 08:53:17 | INFO     | uvicorn.access | 127.0.0.1:52232 - "GET /ready HTTP/1.1" 200
2026-09-30 08:53:47 | INFO     | uvicorn.access | 127.0.0.1:49554 - "GET /ready HTTP/1.1" 200
2026-09-30 08:54:17 | INFO     | uvicorn.access | 127.0.0.1:45044 - "GET /ready HTTP/1.1" 200
2026-09-30 08:54:47 | INFO     | uvicorn.access | 127.0.0.1:34308 - "GET /ready HTTP/1.1" 200
2026-09-30 08:55:17 | INFO     | uvicorn.access | 127.0.0.1:43740 - "GET /ready HTTP/1.1" 200
2026-09-30 08:55:47 | INFO     | uvicorn.access | 127.0.0.1:37050 - "GET /ready HTTP/1.1" 200
2026-09-30 08:56:17 | INFO     | uvicorn.access | 127.0.0.1:57102 - "GET /ready HTTP/1.1" 200
2026-09-30 08:56:47 | INFO     | uvicorn.access | 127.0.0.1:40608 - "GET /ready HTTP/1.1" 200
2026-09-30 08:57:17 | INFO     | uvicorn.access | 127.0.0.1:58930 - "GET /ready HTTP/1.1" 200
2026-09-30 08:57:47 | INFO     | uvicorn.access | 127.0.0.1:48378 - "GET /ready HTTP/1.1" 200
2026-09-30 08:58:18 | INFO     | uvicorn.access | 127.0.0.1:37940 - "GET /ready HTTP/1.1" 200
2026-09-30 08:58:48 | INFO     | uvicorn.access | 127.0.0.1:34360 - "GET /ready HTTP/1.1" 200
2026-09-30 08:59:18 | INFO     | uvicorn.access | 127.0.0.1:52180 - "GET /ready HTTP/1.1" 200
2026-09-30 08:59:48 | INFO     | uvicorn.access | 127.0.0.1:53566 - "GET /ready HTTP/1.1" 200
2026-09-30 09:00:18 | INFO     | uvicorn.access | 127.0.0.1:47600 - "GET /ready HTTP/1.1" 200
2026-09-30 09:00:48 | INFO     | uvicorn.access | 127.0.0.1:59854 - "GET /ready HTTP/1.1" 200
2026-09-30 09:01:18 | INFO     | uvicorn.access | 127.0.0.1:44890 - "GET /ready HTTP/1.1" 200
2026-09-30 09:01:48 | INFO     | uvicorn.access | 127.0.0.1:36780 - "GET /ready HTTP/1.1" 200
2026-09-30 09:02:18 | INFO     | uvicorn.access | 127.0.0.1:45144 - "GET /ready HTTP/1.1" 200
2026-09-30 09:02:48 | INFO     | uvicorn.access | 127.0.0.1:41936 - "GET /ready HTTP/1.1" 200
2026-09-30 09:03:18 | INFO     | uvicorn.access | 127.0.0.1:52168 - "GET /ready HTTP/1.1" 200
2026-09-30 09:03:48 | INFO     | uvicorn.access | 127.0.0.1:39136 - "GET /ready HTTP/1.1" 200
2026-09-30 09:04:18 | INFO     | uvicorn.access | 127.0.0.1:55750 - "GET /ready HTTP/1.1" 200
2026-09-30 09:04:48 | INFO     | uvicorn.access | 127.0.0.1:51612 - "GET /ready HTTP/1.1" 200
2026-09-30 09:05:18 | INFO     | uvicorn.access | 127.0.0.1:35304 - "GET /ready HTTP/1.1" 200
2026-09-30 09:05:49 | INFO     | uvicorn.access | 127.0.0.1:37236 - "GET /ready HTTP/1.1" 200
2026-09-30 09:06:19 | INFO     | uvicorn.access | 127.0.0.1:34596 - "GET /ready HTTP/1.1" 200
2026-09-30 09:06:49 | INFO     | uvicorn.access | 127.0.0.1:44190 - "GET /ready HTTP/1.1" 200
2026-09-30 09:07:19 | INFO     | uvicorn.access | 127.0.0.1:60888 - "GET /ready HTTP/1.1" 200
2026-09-30 09:07:49 | INFO     | uvicorn.access | 127.0.0.1:46806 - "GET /ready HTTP/1.1" 200
2026-09-30 09:08:19 | INFO     | uvicorn.access | 127.0.0.1:58878 - "GET /ready HTTP/1.1" 200
2026-09-30 09:08:49 | INFO     | uvicorn.access | 127.0.0.1:42964 - "GET /ready HTTP/1.1" 200
2026-09-30 09:09:19 | INFO     | uvicorn.access | 127.0.0.1:42446 - "GET /ready HTTP/1.1" 200
2026-09-30 09:09:49 | INFO     | uvicorn.access | 127.0.0.1:49826 - "GET /ready HTTP/1.1" 200
2026-09-30 09:10:19 | INFO     | uvicorn.access | 127.0.0.1:48262 - "GET /ready HTTP/1.1" 200
2026-09-30 09:10:49 | INFO     | uvicorn.access | 127.0.0.1:56384 - "GET /ready HTTP/1.1" 200
2026-09-30 09:11:19 | INFO     | uvicorn.access | 127.0.0.1:46382 - "GET /ready HTTP/1.1" 200
2026-09-30 09:11:49 | INFO     | uvicorn.access | 127.0.0.1:52108 - "GET /ready HTTP/1.1" 200
2026-09-30 09:12:19 | INFO     | uvicorn.access | 127.0.0.1:35510 - "GET /ready HTTP/1.1" 200
2026-09-30 09:12:49 | INFO     | uvicorn.access | 127.0.0.1:56734 - "GET /ready HTTP/1.1" 200
2026-09-30 09:13:19 | INFO     | uvicorn.access | 127.0.0.1:59232 - "GET /ready HTTP/1.1" 200
2026-09-30 09:13:50 | INFO     | uvicorn.access | 127.0.0.1:43056 - "GET /ready HTTP/1.1" 200
2026-09-30 09:14:20 | INFO     | uvicorn.access | 127.0.0.1:45824 - "GET /ready HTTP/1.1" 200
2026-09-30 09:14:50 | INFO     | uvicorn.access | 127.0.0.1:35664 - "GET /ready HTTP/1.1" 200
2026-09-30 09:15:20 | INFO     | uvicorn.access | 127.0.0.1:35004 - "GET /ready HTTP/1.1" 200
2026-09-30 09:15:50 | INFO     | uvicorn.access | 127.0.0.1:60638 - "GET /ready HTTP/1.1" 200
2026-09-30 09:16:20 | INFO     | uvicorn.access | 127.0.0.1:58428 - "GET /ready HTTP/1.1" 200
2026-09-30 09:16:50 | INFO     | uvicorn.access | 127.0.0.1:35092 - "GET /ready HTTP/1.1" 200
2026-09-30 09:17:20 | INFO     | uvicorn.access | 127.0.0.1:52670 - "GET /ready HTTP/1.1" 200
2026-09-30 09:17:50 | INFO     | uvicorn.access | 127.0.0.1:54074 - "GET /ready HTTP/1.1" 200
2026-09-30 09:18:20 | INFO     | uvicorn.access | 127.0.0.1:59464 - "GET /ready HTTP/1.1" 200
2026-09-30 09:18:50 | INFO     | uvicorn.access | 127.0.0.1:39040 - "GET /ready HTTP/1.1" 200
2026-09-30 09:19:20 | INFO     | uvicorn.access | 127.0.0.1:53988 - "GET /ready HTTP/1.1" 200
2026-09-30 09:19:50 | INFO     | uvicorn.access | 127.0.0.1:39116 - "GET /ready HTTP/1.1" 200
2026-09-30 09:20:20 | INFO     | uvicorn.access | 127.0.0.1:35402 - "GET /ready HTTP/1.1" 200
2026-09-30 09:20:50 | INFO     | uvicorn.access | 127.0.0.1:38934 - "GET /ready HTTP/1.1" 200
2026-09-30 09:21:20 | INFO     | uvicorn.access | 127.0.0.1:36618 - "GET /ready HTTP/1.1" 200
2026-09-30 09:21:50 | INFO     | uvicorn.access | 127.0.0.1:55108 - "GET /ready HTTP/1.1" 200
2026-09-30 09:22:21 | INFO     | uvicorn.access | 127.0.0.1:48772 - "GET /ready HTTP/1.1" 200
2026-09-30 09:22:51 | INFO     | uvicorn.access | 127.0.0.1:49336 - "GET /ready HTTP/1.1" 200
2026-09-30 09:23:21 | INFO     | uvicorn.access | 127.0.0.1:34796 - "GET /ready HTTP/1.1" 200
2026-09-30 09:23:51 | INFO     | uvicorn.access | 127.0.0.1:54024 - "GET /ready HTTP/1.1" 200
2026-09-30 09:24:21 | INFO     | uvicorn.access | 127.0.0.1:42204 - "GET /ready HTTP/1.1" 200
2026-09-30 09:24:51 | INFO     | uvicorn.access | 127.0.0.1:55592 - "GET /ready HTTP/1.1" 200
2026-09-30 09:25:21 | INFO     | uvicorn.access | 127.0.0.1:49872 - "GET /ready HTTP/1.1" 200
2026-09-30 09:25:51 | INFO     | uvicorn.access | 127.0.0.1:57492 - "GET /ready HTTP/1.1" 200
2026-09-30 09:26:21 | INFO     | uvicorn.access | 127.0.0.1:50360 - "GET /ready HTTP/1.1" 200
2026-09-30 09:26:51 | INFO     | uvicorn.access | 127.0.0.1:40570 - "GET /ready HTTP/1.1" 200
2026-09-30 09:27:21 | INFO     | uvicorn.access | 127.0.0.1:41374 - "GET /ready HTTP/1.1" 200
2026-09-30 09:27:51 | INFO     | uvicorn.access | 127.0.0.1:45864 - "GET /ready HTTP/1.1" 200
2026-09-30 09:28:21 | INFO     | uvicorn.access | 127.0.0.1:44346 - "GET /ready HTTP/1.1" 200
2026-09-30 09:28:51 | INFO     | uvicorn.access | 127.0.0.1:53616 - "GET /ready HTTP/1.1" 200
2026-09-30 09:29:21 | INFO     | uvicorn.access | 127.0.0.1:39078 - "GET /ready HTTP/1.1" 200
2026-09-30 09:29:52 | INFO     | uvicorn.access | 127.0.0.1:46612 - "GET /ready HTTP/1.1" 200
2026-09-30 09:30:22 | INFO     | uvicorn.access | 127.0.0.1:34660 - "GET /ready HTTP/1.1" 200
2026-09-30 09:30:52 | INFO     | uvicorn.access | 127.0.0.1:54276 - "GET /ready HTTP/1.1" 200
2026-09-30 09:31:22 | INFO     | uvicorn.access | 127.0.0.1:58050 - "GET /ready HTTP/1.1" 200
2026-09-30 09:31:52 | INFO     | uvicorn.access | 127.0.0.1:39174 - "GET /ready HTTP/1.1" 200
2026-09-30 09:32:22 | INFO     | uvicorn.access | 127.0.0.1:36034 - "GET /ready HTTP/1.1" 200
2026-09-30 09:32:52 | INFO     | uvicorn.access | 127.0.0.1:44654 - "GET /ready HTTP/1.1" 200
2026-09-30 09:33:22 | INFO     | uvicorn.access | 127.0.0.1:52896 - "GET /ready HTTP/1.1" 200
2026-09-30 09:33:52 | INFO     | uvicorn.access | 127.0.0.1:46544 - "GET /ready HTTP/1.1" 200
2026-09-30 09:34:22 | INFO     | uvicorn.access | 127.0.0.1:39688 - "GET /ready HTTP/1.1" 200
2026-09-30 09:34:52 | INFO     | uvicorn.access | 127.0.0.1:56812 - "GET /ready HTTP/1.1" 200
2026-09-30 09:35:22 | INFO     | uvicorn.access | 127.0.0.1:35562 - "GET /ready HTTP/1.1" 200
2026-09-30 09:35:52 | INFO     | uvicorn.access | 127.0.0.1:35018 - "GET /ready HTTP/1.1" 200
2026-09-30 09:36:22 | INFO     | uvicorn.access | 127.0.0.1:54558 - "GET /ready HTTP/1.1" 200
2026-09-30 09:36:53 | INFO     | uvicorn.access | 127.0.0.1:43250 - "GET /ready HTTP/1.1" 200
2026-09-30 09:37:23 | INFO     | uvicorn.access | 127.0.0.1:41672 - "GET /ready HTTP/1.1" 200
2026-09-30 09:37:53 | INFO     | uvicorn.access | 127.0.0.1:60394 - "GET /ready HTTP/1.1" 200
2026-09-30 09:38:23 | INFO     | uvicorn.access | 127.0.0.1:51618 - "GET /ready HTTP/1.1" 200
2026-09-30 09:38:53 | INFO     | uvicorn.access | 127.0.0.1:57874 - "GET /ready HTTP/1.1" 200
2026-09-30 09:39:23 | INFO     | uvicorn.access | 127.0.0.1:47262 - "GET /ready HTTP/1.1" 200
2026-09-30 09:39:53 | INFO     | uvicorn.access | 127.0.0.1:51320 - "GET /ready HTTP/1.1" 200
2026-09-30 09:40:23 | INFO     | uvicorn.access | 127.0.0.1:42486 - "GET /ready HTTP/1.1" 200
2026-09-30 09:40:53 | INFO     | uvicorn.access | 127.0.0.1:56166 - "GET /ready HTTP/1.1" 200
2026-09-30 09:41:23 | INFO     | uvicorn.access | 127.0.0.1:59302 - "GET /ready HTTP/1.1" 200
2026-09-30 09:41:53 | INFO     | uvicorn.access | 127.0.0.1:58370 - "GET /ready HTTP/1.1" 200
2026-09-30 09:42:23 | INFO     | uvicorn.access | 127.0.0.1:36070 - "GET /ready HTTP/1.1" 200
2026-09-30 09:42:53 | INFO     | uvicorn.access | 127.0.0.1:45684 - "GET /ready HTTP/1.1" 200
2026-09-30 09:43:24 | INFO     | uvicorn.access | 127.0.0.1:33678 - "GET /ready HTTP/1.1" 200
2026-09-30 09:43:54 | INFO     | uvicorn.access | 127.0.0.1:60708 - "GET /ready HTTP/1.1" 200
2026-09-30 09:44:24 | INFO     | uvicorn.access | 127.0.0.1:35210 - "GET /ready HTTP/1.1" 200
2026-09-30 09:44:54 | INFO     | uvicorn.access | 127.0.0.1:45530 - "GET /ready HTTP/1.1" 200
2026-09-30 09:45:24 | INFO     | uvicorn.access | 127.0.0.1:58338 - "GET /ready HTTP/1.1" 200
2026-09-30 09:45:54 | INFO     | uvicorn.access | 127.0.0.1:58010 - "GET /ready HTTP/1.1" 200
2026-09-30 09:46:24 | INFO     | uvicorn.access | 127.0.0.1:33132 - "GET /ready HTTP/1.1" 200
2026-09-30 09:46:54 | INFO     | uvicorn.access | 127.0.0.1:45184 - "GET /ready HTTP/1.1" 200
2026-09-30 09:47:24 | INFO     | uvicorn.access | 127.0.0.1:56904 - "GET /ready HTTP/1.1" 200
2026-09-30 09:47:54 | INFO     | uvicorn.access | 127.0.0.1:49078 - "GET /ready HTTP/1.1" 200
2026-09-30 09:48:24 | INFO     | uvicorn.access | 127.0.0.1:52814 - "GET /ready HTTP/1.1" 200
2026-09-30 09:48:54 | INFO     | uvicorn.access | 127.0.0.1:33616 - "GET /ready HTTP/1.1" 200
2026-09-30 09:49:24 | INFO     | uvicorn.access | 127.0.0.1:34244 - "GET /ready HTTP/1.1" 200
2026-09-30 09:49:54 | INFO     | uvicorn.access | 127.0.0.1:34708 - "GET /ready HTTP/1.1" 200
2026-09-30 09:50:24 | INFO     | uvicorn.access | 127.0.0.1:53908 - "GET /ready HTTP/1.1" 200
2026-09-30 09:50:55 | INFO     | uvicorn.access | 127.0.0.1:35252 - "GET /ready HTTP/1.1" 200
2026-09-30 09:51:25 | INFO     | uvicorn.access | 127.0.0.1:42438 - "GET /ready HTTP/1.1" 200
2026-09-30 09:51:55 | INFO     | uvicorn.access | 127.0.0.1:34064 - "GET /ready HTTP/1.1" 200
2026-09-30 09:52:25 | INFO     | uvicorn.access | 127.0.0.1:60620 - "GET /ready HTTP/1.1" 200
2026-09-30 09:52:55 | INFO     | uvicorn.access | 127.0.0.1:47584 - "GET /ready HTTP/1.1" 200
2026-09-30 09:53:25 | INFO     | uvicorn.access | 127.0.0.1:53280 - "GET /ready HTTP/1.1" 200
2026-09-30 09:53:55 | INFO     | uvicorn.access | 127.0.0.1:49888 - "GET /ready HTTP/1.1" 200
2026-09-30 09:54:25 | INFO     | uvicorn.access | 127.0.0.1:39810 - "GET /ready HTTP/1.1" 200
2026-09-30 09:54:55 | INFO     | uvicorn.access | 127.0.0.1:43818 - "GET /ready HTTP/1.1" 200
2026-09-30 09:55:25 | INFO     | uvicorn.access | 127.0.0.1:38292 - "GET /ready HTTP/1.1" 200
2026-09-30 09:55:55 | INFO     | uvicorn.access | 127.0.0.1:47056 - "GET /ready HTTP/1.1" 200
2026-09-30 09:56:25 | INFO     | uvicorn.access | 127.0.0.1:40072 - "GET /ready HTTP/1.1" 200
2026-09-30 09:56:55 | INFO     | uvicorn.access | 127.0.0.1:58626 - "GET /ready HTTP/1.1" 200
2026-09-30 09:57:26 | INFO     | uvicorn.access | 127.0.0.1:45392 - "GET /ready HTTP/1.1" 200
2026-09-30 09:57:56 | INFO     | uvicorn.access | 127.0.0.1:34346 - "GET /ready HTTP/1.1" 200
2026-09-30 09:58:26 | INFO     | uvicorn.access | 127.0.0.1:44312 - "GET /ready HTTP/1.1" 200
2026-09-30 09:58:56 | INFO     | uvicorn.access | 127.0.0.1:36620 - "GET /ready HTTP/1.1" 200
2026-09-30 09:59:26 | INFO     | uvicorn.access | 127.0.0.1:35166 - "GET /ready HTTP/1.1" 200
2026-09-30 09:59:56 | INFO     | uvicorn.access | 127.0.0.1:59968 - "GET /ready HTTP/1.1" 200
2026-09-30 10:00:26 | INFO     | uvicorn.access | 127.0.0.1:34102 - "GET /ready HTTP/1.1" 200
2026-09-30 10:00:56 | INFO     | uvicorn.access | 127.0.0.1:50250 - "GET /ready HTTP/1.1" 200
2026-09-30 10:01:26 | INFO     | uvicorn.access | 127.0.0.1:35318 - "GET /ready HTTP/1.1" 200
2026-09-30 10:01:56 | INFO     | uvicorn.access | 127.0.0.1:48450 - "GET /ready HTTP/1.1" 200
2026-09-30 10:02:26 | INFO     | uvicorn.access | 127.0.0.1:45628 - "GET /ready HTTP/1.1" 200
2026-09-30 10:02:56 | INFO     | uvicorn.access | 127.0.0.1:56644 - "GET /ready HTTP/1.1" 200
2026-09-30 10:03:26 | INFO     | uvicorn.access | 127.0.0.1:45654 - "GET /ready HTTP/1.1" 200
2026-09-30 10:03:56 | INFO     | uvicorn.access | 127.0.0.1:37662 - "GET /ready HTTP/1.1" 200
2026-09-30 10:04:26 | INFO     | uvicorn.access | 127.0.0.1:34854 - "GET /ready HTTP/1.1" 200
2026-09-30 10:04:56 | INFO     | uvicorn.access | 127.0.0.1:46806 - "GET /ready HTTP/1.1" 200
2026-09-30 10:05:27 | INFO     | uvicorn.access | 127.0.0.1:52880 - "GET /ready HTTP/1.1" 200
2026-09-30 10:05:57 | INFO     | uvicorn.access | 127.0.0.1:35304 - "GET /ready HTTP/1.1" 200
2026-09-30 10:06:27 | INFO     | uvicorn.access | 127.0.0.1:40442 - "GET /ready HTTP/1.1" 200
2026-09-30 10:06:57 | INFO     | uvicorn.access | 127.0.0.1:44418 - "GET /ready HTTP/1.1" 200
2026-09-30 10:07:27 | INFO     | uvicorn.access | 127.0.0.1:36998 - "GET /ready HTTP/1.1" 200
2026-09-30 10:07:57 | INFO     | uvicorn.access | 127.0.0.1:54838 - "GET /ready HTTP/1.1" 200
2026-09-30 10:08:27 | INFO     | uvicorn.access | 127.0.0.1:45402 - "GET /ready HTTP/1.1" 200
2026-09-30 10:08:57 | INFO     | uvicorn.access | 127.0.0.1:41652 - "GET /ready HTTP/1.1" 200
2026-09-30 10:09:27 | INFO     | uvicorn.access | 127.0.0.1:57300 - "GET /ready HTTP/1.1" 200
2026-09-30 10:09:57 | INFO     | uvicorn.access | 127.0.0.1:54480 - "GET /ready HTTP/1.1" 200
2026-09-30 10:10:27 | INFO     | uvicorn.access | 127.0.0.1:53814 - "GET /ready HTTP/1.1" 200
2026-09-30 10:10:57 | INFO     | uvicorn.access | 127.0.0.1:48020 - "GET /ready HTTP/1.1" 200
2026-09-30 10:11:27 | INFO     | uvicorn.access | 127.0.0.1:50836 - "GET /ready HTTP/1.1" 200
2026-09-30 10:11:57 | INFO     | uvicorn.access | 127.0.0.1:38004 - "GET /ready HTTP/1.1" 200
2026-09-30 10:12:27 | INFO     | uvicorn.access | 127.0.0.1:36060 - "GET /ready HTTP/1.1" 200
2026-09-30 10:12:57 | INFO     | uvicorn.access | 127.0.0.1:44010 - "GET /ready HTTP/1.1" 200
2026-09-30 10:13:28 | INFO     | uvicorn.access | 127.0.0.1:58024 - "GET /ready HTTP/1.1" 200
2026-09-30 10:13:58 | INFO     | uvicorn.access | 127.0.0.1:48040 - "GET /ready HTTP/1.1" 200
2026-09-30 10:14:28 | INFO     | uvicorn.access | 127.0.0.1:35142 - "GET /ready HTTP/1.1" 200
2026-09-30 10:14:58 | INFO     | uvicorn.access | 127.0.0.1:52086 - "GET /ready HTTP/1.1" 200
2026-09-30 10:15:28 | INFO     | uvicorn.access | 127.0.0.1:56624 - "GET /ready HTTP/1.1" 200
2026-09-30 10:15:58 | INFO     | uvicorn.access | 127.0.0.1:45432 - "GET /ready HTTP/1.1" 200
2026-09-30 10:16:28 | INFO     | uvicorn.access | 127.0.0.1:46434 - "GET /ready HTTP/1.1" 200
2026-09-30 10:16:58 | INFO     | uvicorn.access | 127.0.0.1:56092 - "GET /ready HTTP/1.1" 200
2026-09-30 10:17:28 | INFO     | uvicorn.access | 127.0.0.1:57252 - "GET /ready HTTP/1.1" 200
2026-09-30 10:17:58 | INFO     | uvicorn.access | 127.0.0.1:44234 - "GET /ready HTTP/1.1" 200
2026-09-30 10:18:28 | INFO     | uvicorn.access | 127.0.0.1:36342 - "GET /ready HTTP/1.1" 200
2026-09-30 10:18:58 | INFO     | uvicorn.access | 127.0.0.1:40840 - "GET /ready HTTP/1.1" 200
2026-09-30 10:19:28 | INFO     | uvicorn.access | 127.0.0.1:44454 - "GET /ready HTTP/1.1" 200
2026-09-30 10:19:58 | INFO     | uvicorn.access | 127.0.0.1:38184 - "GET /ready HTTP/1.1" 200
2026-09-30 10:20:28 | INFO     | uvicorn.access | 127.0.0.1:48712 - "GET /ready HTTP/1.1" 200
2026-09-30 10:20:59 | INFO     | uvicorn.access | 127.0.0.1:56132 - "GET /ready HTTP/1.1" 200
2026-09-30 10:21:29 | INFO     | uvicorn.access | 127.0.0.1:57516 - "GET /ready HTTP/1.1" 200
2026-09-30 10:21:59 | INFO     | uvicorn.access | 127.0.0.1:41918 - "GET /ready HTTP/1.1" 200
2026-09-30 10:22:29 | INFO     | uvicorn.access | 127.0.0.1:55024 - "GET /ready HTTP/1.1" 200
2026-09-30 10:22:59 | INFO     | uvicorn.access | 127.0.0.1:56716 - "GET /ready HTTP/1.1" 200
2026-09-30 10:23:29 | INFO     | uvicorn.access | 127.0.0.1:50800 - "GET /ready HTTP/1.1" 200
2026-09-30 10:23:59 | INFO     | uvicorn.access | 127.0.0.1:33176 - "GET /ready HTTP/1.1" 200
2026-09-30 10:24:29 | INFO     | uvicorn.access | 127.0.0.1:41666 - "GET /ready HTTP/1.1" 200
2026-09-30 10:24:59 | INFO     | uvicorn.access | 127.0.0.1:58848 - "GET /ready HTTP/1.1" 200
2026-09-30 10:25:29 | INFO     | uvicorn.access | 127.0.0.1:48484 - "GET /ready HTTP/1.1" 200
2026-09-30 10:25:59 | INFO     | uvicorn.access | 127.0.0.1:35428 - "GET /ready HTTP/1.1" 200
2026-09-30 10:26:29 | INFO     | uvicorn.access | 127.0.0.1:49248 - "GET /ready HTTP/1.1" 200
2026-09-30 10:26:59 | INFO     | uvicorn.access | 127.0.0.1:44350 - "GET /ready HTTP/1.1" 200
2026-09-30 10:27:29 | INFO     | uvicorn.access | 127.0.0.1:40800 - "GET /ready HTTP/1.1" 200
2026-09-30 10:27:59 | INFO     | uvicorn.access | 127.0.0.1:55496 - "GET /ready HTTP/1.1" 200
2026-09-30 10:28:30 | INFO     | uvicorn.access | 127.0.0.1:37276 - "GET /ready HTTP/1.1" 200
2026-09-30 10:29:00 | INFO     | uvicorn.access | 127.0.0.1:57206 - "GET /ready HTTP/1.1" 200
2026-09-30 10:29:30 | INFO     | uvicorn.access | 127.0.0.1:34518 - "GET /ready HTTP/1.1" 200
2026-09-30 10:30:00 | INFO     | uvicorn.access | 127.0.0.1:36824 - "GET /ready HTTP/1.1" 200
2026-09-30 10:30:30 | INFO     | uvicorn.access | 127.0.0.1:37594 - "GET /ready HTTP/1.1" 200
2026-09-30 10:31:00 | INFO     | uvicorn.access | 127.0.0.1:37622 - "GET /ready HTTP/1.1" 200
2026-09-30 10:31:30 | INFO     | uvicorn.access | 127.0.0.1:38102 - "GET /ready HTTP/1.1" 200
2026-09-30 10:32:00 | INFO     | uvicorn.access | 127.0.0.1:45558 - "GET /ready HTTP/1.1" 200
2026-09-30 10:32:30 | INFO     | uvicorn.access | 127.0.0.1:49390 - "GET /ready HTTP/1.1" 200
2026-09-30 10:33:00 | INFO     | uvicorn.access | 127.0.0.1:52616 - "GET /ready HTTP/1.1" 200
2026-09-30 10:33:30 | INFO     | uvicorn.access | 127.0.0.1:58160 - "GET /ready HTTP/1.1" 200
2026-09-30 10:34:00 | INFO     | uvicorn.access | 127.0.0.1:56122 - "GET /ready HTTP/1.1" 200
2026-09-30 10:34:30 | INFO     | uvicorn.access | 127.0.0.1:33428 - "GET /ready HTTP/1.1" 200
2026-09-30 10:35:00 | INFO     | uvicorn.access | 127.0.0.1:58170 - "GET /ready HTTP/1.1" 200
2026-09-30 10:35:31 | INFO     | uvicorn.access | 127.0.0.1:50720 - "GET /ready HTTP/1.1" 200
2026-09-30 10:36:01 | INFO     | uvicorn.access | 127.0.0.1:41000 - "GET /ready HTTP/1.1" 200
2026-09-30 10:36:31 | INFO     | uvicorn.access | 127.0.0.1:47644 - "GET /ready HTTP/1.1" 200
2026-09-30 10:37:01 | INFO     | uvicorn.access | 127.0.0.1:41202 - "GET /ready HTTP/1.1" 200
2026-09-30 10:37:31 | INFO     | uvicorn.access | 127.0.0.1:53510 - "GET /ready HTTP/1.1" 200
2026-09-30 10:38:01 | INFO     | uvicorn.access | 127.0.0.1:43494 - "GET /ready HTTP/1.1" 200
2026-09-30 10:38:31 | INFO     | uvicorn.access | 127.0.0.1:56976 - "GET /ready HTTP/1.1" 200
2026-09-30 10:39:01 | INFO     | uvicorn.access | 127.0.0.1:37476 - "GET /ready HTTP/1.1" 200
2026-09-30 10:39:31 | INFO     | uvicorn.access | 127.0.0.1:41668 - "GET /ready HTTP/1.1" 200
2026-09-30 10:40:01 | INFO     | uvicorn.access | 127.0.0.1:47568 - "GET /ready HTTP/1.1" 200
2026-09-30 10:40:31 | INFO     | uvicorn.access | 127.0.0.1:51634 - "GET /ready HTTP/1.1" 200
2026-09-30 10:41:01 | INFO     | uvicorn.access | 127.0.0.1:38188 - "GET /ready HTTP/1.1" 200
2026-09-30 10:41:31 | INFO     | uvicorn.access | 127.0.0.1:48382 - "GET /ready HTTP/1.1" 200
2026-09-30 10:42:01 | INFO     | uvicorn.access | 127.0.0.1:42084 - "GET /ready HTTP/1.1" 200
2026-09-30 10:42:31 | INFO     | uvicorn.access | 127.0.0.1:56276 - "GET /ready HTTP/1.1" 200
2026-09-30 10:43:02 | INFO     | uvicorn.access | 127.0.0.1:40730 - "GET /ready HTTP/1.1" 200
2026-09-30 10:43:32 | INFO     | uvicorn.access | 127.0.0.1:47640 - "GET /ready HTTP/1.1" 200
2026-09-30 10:44:02 | INFO     | uvicorn.access | 127.0.0.1:53484 - "GET /ready HTTP/1.1" 200
2026-09-30 10:44:32 | INFO     | uvicorn.access | 127.0.0.1:60878 - "GET /ready HTTP/1.1" 200
2026-09-30 10:45:02 | INFO     | uvicorn.access | 127.0.0.1:44546 - "GET /ready HTTP/1.1" 200
2026-09-30 10:45:32 | INFO     | uvicorn.access | 127.0.0.1:45520 - "GET /ready HTTP/1.1" 200
2026-09-30 10:46:02 | INFO     | uvicorn.access | 127.0.0.1:40904 - "GET /ready HTTP/1.1" 200
2026-09-30 10:46:32 | INFO     | uvicorn.access | 127.0.0.1:35456 - "GET /ready HTTP/1.1" 200
2026-09-30 10:47:02 | INFO     | uvicorn.access | 127.0.0.1:42250 - "GET /ready HTTP/1.1" 200
2026-09-30 10:47:32 | INFO     | uvicorn.access | 127.0.0.1:41974 - "GET /ready HTTP/1.1" 200
2026-09-30 10:48:02 | INFO     | uvicorn.access | 127.0.0.1:40946 - "GET /ready HTTP/1.1" 200
2026-09-30 10:48:32 | INFO     | uvicorn.access | 127.0.0.1:60664 - "GET /ready HTTP/1.1" 200
2026-09-30 10:49:02 | INFO     | uvicorn.access | 127.0.0.1:36474 - "GET /ready HTTP/1.1" 200
2026-09-30 10:49:32 | INFO     | uvicorn.access | 127.0.0.1:56110 - "GET /ready HTTP/1.1" 200
2026-09-30 10:50:02 | INFO     | uvicorn.access | 127.0.0.1:44062 - "GET /ready HTTP/1.1" 200
2026-09-30 10:50:33 | INFO     | uvicorn.access | 127.0.0.1:50614 - "GET /ready HTTP/1.1" 200
2026-09-30 10:51:03 | INFO     | uvicorn.access | 127.0.0.1:56578 - "GET /ready HTTP/1.1" 200
2026-09-30 10:51:33 | INFO     | uvicorn.access | 127.0.0.1:51752 - "GET /ready HTTP/1.1" 200
2026-09-30 10:52:03 | INFO     | uvicorn.access | 127.0.0.1:46866 - "GET /ready HTTP/1.1" 200
2026-09-30 10:52:33 | INFO     | uvicorn.access | 127.0.0.1:56038 - "GET /ready HTTP/1.1" 200
2026-09-30 10:53:03 | INFO     | uvicorn.access | 127.0.0.1:54056 - "GET /ready HTTP/1.1" 200
2026-09-30 10:53:33 | INFO     | uvicorn.access | 127.0.0.1:51164 - "GET /ready HTTP/1.1" 200
2026-09-30 10:54:03 | INFO     | uvicorn.access | 127.0.0.1:41292 - "GET /ready HTTP/1.1" 200
2026-09-30 10:54:33 | INFO     | uvicorn.access | 127.0.0.1:46436 - "GET /ready HTTP/1.1" 200
2026-09-30 10:55:03 | INFO     | uvicorn.access | 127.0.0.1:54916 - "GET /ready HTTP/1.1" 200
2026-09-30 10:55:33 | INFO     | uvicorn.access | 127.0.0.1:46354 - "GET /ready HTTP/1.1" 200
2026-09-30 10:56:03 | INFO     | uvicorn.access | 127.0.0.1:42404 - "GET /ready HTTP/1.1" 200
2026-09-30 10:56:33 | INFO     | uvicorn.access | 127.0.0.1:48678 - "GET /ready HTTP/1.1" 200
2026-09-30 10:57:03 | INFO     | uvicorn.access | 127.0.0.1:59070 - "GET /ready HTTP/1.1" 200
2026-09-30 10:57:33 | INFO     | uvicorn.access | 127.0.0.1:47624 - "GET /ready HTTP/1.1" 200
2026-09-30 10:58:03 | INFO     | uvicorn.access | 127.0.0.1:44842 - "GET /ready HTTP/1.1" 200
2026-09-30 10:58:34 | INFO     | uvicorn.access | 127.0.0.1:40362 - "GET /ready HTTP/1.1" 200
2026-09-30 10:59:04 | INFO     | uvicorn.access | 127.0.0.1:56166 - "GET /ready HTTP/1.1" 200
2026-09-30 10:59:34 | INFO     | uvicorn.access | 127.0.0.1:41364 - "GET /ready HTTP/1.1" 200
2026-09-30 11:00:04 | INFO     | uvicorn.access | 127.0.0.1:46556 - "GET /ready HTTP/1.1" 200
2026-09-30 11:00:34 | INFO     | uvicorn.access | 127.0.0.1:52122 - "GET /ready HTTP/1.1" 200
2026-09-30 11:01:04 | INFO     | uvicorn.access | 127.0.0.1:58544 - "GET /ready HTTP/1.1" 200
2026-09-30 11:01:34 | INFO     | uvicorn.access | 127.0.0.1:45122 - "GET /ready HTTP/1.1" 200
2026-09-30 11:02:04 | INFO     | uvicorn.access | 127.0.0.1:40698 - "GET /ready HTTP/1.1" 200
2026-09-30 11:02:34 | INFO     | uvicorn.access | 127.0.0.1:40656 - "GET /ready HTTP/1.1" 200
2026-09-30 11:03:04 | INFO     | uvicorn.access | 127.0.0.1:33626 - "GET /ready HTTP/1.1" 200
2026-09-30 11:03:34 | INFO     | uvicorn.access | 127.0.0.1:43220 - "GET /ready HTTP/1.1" 200
2026-09-30 11:04:04 | INFO     | uvicorn.access | 127.0.0.1:49996 - "GET /ready HTTP/1.1" 200
2026-09-30 11:04:34 | INFO     | uvicorn.access | 127.0.0.1:57758 - "GET /ready HTTP/1.1" 200
2026-09-30 11:05:04 | INFO     | uvicorn.access | 127.0.0.1:50210 - "GET /ready HTTP/1.1" 200
2026-09-30 11:05:34 | INFO     | uvicorn.access | 127.0.0.1:59776 - "GET /ready HTTP/1.1" 200
2026-09-30 11:06:05 | INFO     | uvicorn.access | 127.0.0.1:52850 - "GET /ready HTTP/1.1" 200
2026-09-30 11:06:35 | INFO     | uvicorn.access | 127.0.0.1:36206 - "GET /ready HTTP/1.1" 200
2026-09-30 11:07:05 | INFO     | uvicorn.access | 127.0.0.1:39002 - "GET /ready HTTP/1.1" 200
2026-09-30 11:07:35 | INFO     | uvicorn.access | 127.0.0.1:55200 - "GET /ready HTTP/1.1" 200
2026-09-30 11:08:05 | INFO     | uvicorn.access | 127.0.0.1:37726 - "GET /ready HTTP/1.1" 200
2026-09-30 11:08:35 | INFO     | uvicorn.access | 127.0.0.1:33988 - "GET /ready HTTP/1.1" 200
2026-09-30 11:09:05 | INFO     | uvicorn.access | 127.0.0.1:41944 - "GET /ready HTTP/1.1" 200
2026-09-30 11:09:35 | INFO     | uvicorn.access | 127.0.0.1:45870 - "GET /ready HTTP/1.1" 200
2026-09-30 11:10:05 | INFO     | uvicorn.access | 127.0.0.1:45582 - "GET /ready HTTP/1.1" 200
2026-09-30 11:10:35 | INFO     | uvicorn.access | 127.0.0.1:54544 - "GET /ready HTTP/1.1" 200
2026-09-30 11:11:05 | INFO     | uvicorn.access | 127.0.0.1:41036 - "GET /ready HTTP/1.1" 200
2026-09-30 11:11:35 | INFO     | uvicorn.access | 127.0.0.1:54596 - "GET /ready HTTP/1.1" 200
2026-09-30 11:12:05 | INFO     | uvicorn.access | 127.0.0.1:44562 - "GET /ready HTTP/1.1" 200
2026-09-30 11:12:35 | INFO     | uvicorn.access | 127.0.0.1:41202 - "GET /ready HTTP/1.1" 200
2026-09-30 11:13:05 | INFO     | uvicorn.access | 127.0.0.1:49290 - "GET /ready HTTP/1.1" 200
2026-09-30 11:13:35 | INFO     | uvicorn.access | 127.0.0.1:60330 - "GET /ready HTTP/1.1" 200
2026-09-30 11:14:06 | INFO     | uvicorn.access | 127.0.0.1:58174 - "GET /ready HTTP/1.1" 200
2026-09-30 11:14:36 | INFO     | uvicorn.access | 127.0.0.1:39514 - "GET /ready HTTP/1.1" 200
2026-09-30 11:15:06 | INFO     | uvicorn.access | 127.0.0.1:38700 - "GET /ready HTTP/1.1" 200
2026-09-30 11:15:36 | INFO     | uvicorn.access | 127.0.0.1:55120 - "GET /ready HTTP/1.1" 200
2026-09-30 11:16:06 | INFO     | uvicorn.access | 127.0.0.1:53384 - "GET /ready HTTP/1.1" 200
2026-09-30 11:16:36 | INFO     | uvicorn.access | 127.0.0.1:37256 - "GET /ready HTTP/1.1" 200
2026-09-30 11:17:06 | INFO     | uvicorn.access | 127.0.0.1:37544 - "GET /ready HTTP/1.1" 200
2026-09-30 11:17:36 | INFO     | uvicorn.access | 127.0.0.1:51178 - "GET /ready HTTP/1.1" 200
2026-09-30 11:18:06 | INFO     | uvicorn.access | 127.0.0.1:40910 - "GET /ready HTTP/1.1" 200
2026-09-30 11:18:36 | INFO     | uvicorn.access | 127.0.0.1:49866 - "GET /ready HTTP/1.1" 200
2026-09-30 11:19:06 | INFO     | uvicorn.access | 127.0.0.1:36956 - "GET /ready HTTP/1.1" 200
2026-09-30 11:19:36 | INFO     | uvicorn.access | 127.0.0.1:47510 - "GET /ready HTTP/1.1" 200
2026-09-30 11:20:06 | INFO     | uvicorn.access | 127.0.0.1:36410 - "GET /ready HTTP/1.1" 200
2026-09-30 11:20:36 | INFO     | uvicorn.access | 127.0.0.1:46586 - "GET /ready HTTP/1.1" 200
2026-09-30 11:21:06 | INFO     | uvicorn.access | 127.0.0.1:52116 - "GET /ready HTTP/1.1" 200
2026-09-30 11:21:37 | INFO     | uvicorn.access | 127.0.0.1:57940 - "GET /ready HTTP/1.1" 200
2026-09-30 11:22:07 | INFO     | uvicorn.access | 127.0.0.1:37834 - "GET /ready HTTP/1.1" 200
2026-09-30 11:22:37 | INFO     | uvicorn.access | 127.0.0.1:34382 - "GET /ready HTTP/1.1" 200
2026-09-30 11:23:07 | INFO     | uvicorn.access | 127.0.0.1:46184 - "GET /ready HTTP/1.1" 200
2026-09-30 11:23:37 | INFO     | uvicorn.access | 127.0.0.1:39240 - "GET /ready HTTP/1.1" 200
2026-09-30 11:24:07 | INFO     | uvicorn.access | 127.0.0.1:38370 - "GET /ready HTTP/1.1" 200
2026-09-30 11:24:37 | INFO     | uvicorn.access | 127.0.0.1:49508 - "GET /ready HTTP/1.1" 200
2026-09-30 11:25:07 | INFO     | uvicorn.access | 127.0.0.1:53258 - "GET /ready HTTP/1.1" 200
2026-09-30 11:25:37 | INFO     | uvicorn.access | 127.0.0.1:59478 - "GET /ready HTTP/1.1" 200
2026-09-30 11:26:07 | INFO     | uvicorn.access | 127.0.0.1:45546 - "GET /ready HTTP/1.1" 200
2026-09-30 11:26:37 | INFO     | uvicorn.access | 127.0.0.1:36770 - "GET /ready HTTP/1.1" 200
2026-09-30 11:27:07 | INFO     | uvicorn.access | 127.0.0.1:34286 - "GET /ready HTTP/1.1" 200
2026-09-30 11:27:37 | INFO     | uvicorn.access | 127.0.0.1:56594 - "GET /ready HTTP/1.1" 200
2026-09-30 11:28:07 | INFO     | uvicorn.access | 127.0.0.1:33368 - "GET /ready HTTP/1.1" 200
2026-09-30 11:28:37 | INFO     | uvicorn.access | 127.0.0.1:59430 - "GET /ready HTTP/1.1" 200
2026-09-30 11:29:08 | INFO     | uvicorn.access | 127.0.0.1:47098 - "GET /ready HTTP/1.1" 200
2026-09-30 11:29:38 | INFO     | uvicorn.access | 127.0.0.1:35702 - "GET /ready HTTP/1.1" 200
2026-09-30 11:30:08 | INFO     | uvicorn.access | 127.0.0.1:38822 - "GET /ready HTTP/1.1" 200
2026-09-30 11:30:38 | INFO     | uvicorn.access | 127.0.0.1:53584 - "GET /ready HTTP/1.1" 200
2026-09-30 11:31:08 | INFO     | uvicorn.access | 127.0.0.1:36688 - "GET /ready HTTP/1.1" 200
2026-09-30 11:31:38 | INFO     | uvicorn.access | 127.0.0.1:39546 - "GET /ready HTTP/1.1" 200
2026-09-30 11:32:08 | INFO     | uvicorn.access | 127.0.0.1:49700 - "GET /ready HTTP/1.1" 200
2026-09-30 11:32:38 | INFO     | uvicorn.access | 127.0.0.1:48846 - "GET /ready HTTP/1.1" 200
2026-09-30 11:33:08 | INFO     | uvicorn.access | 127.0.0.1:46724 - "GET /ready HTTP/1.1" 200
2026-09-30 11:33:38 | INFO     | uvicorn.access | 127.0.0.1:33870 - "GET /ready HTTP/1.1" 200
2026-09-30 11:34:08 | INFO     | uvicorn.access | 127.0.0.1:59580 - "GET /ready HTTP/1.1" 200
2026-09-30 11:34:38 | INFO     | uvicorn.access | 127.0.0.1:41900 - "GET /ready HTTP/1.1" 200
2026-09-30 11:35:08 | INFO     | uvicorn.access | 127.0.0.1:40870 - "GET /ready HTTP/1.1" 200
2026-09-30 11:35:38 | INFO     | uvicorn.access | 127.0.0.1:50656 - "GET /ready HTTP/1.1" 200
2026-09-30 11:36:08 | INFO     | uvicorn.access | 127.0.0.1:34568 - "GET /ready HTTP/1.1" 200
2026-09-30 11:36:38 | INFO     | uvicorn.access | 127.0.0.1:48996 - "GET /ready HTTP/1.1" 200
2026-09-30 11:37:09 | INFO     | uvicorn.access | 127.0.0.1:39170 - "GET /ready HTTP/1.1" 200
2026-09-30 11:37:39 | INFO     | uvicorn.access | 127.0.0.1:51456 - "GET /ready HTTP/1.1" 200
2026-09-30 11:38:09 | INFO     | uvicorn.access | 127.0.0.1:34474 - "GET /ready HTTP/1.1" 200
2026-09-30 11:38:39 | INFO     | uvicorn.access | 127.0.0.1:42228 - "GET /ready HTTP/1.1" 200
2026-09-30 11:39:09 | INFO     | uvicorn.access | 127.0.0.1:39498 - "GET /ready HTTP/1.1" 200
2026-09-30 11:39:39 | INFO     | uvicorn.access | 127.0.0.1:60876 - "GET /ready HTTP/1.1" 200
2026-09-30 11:40:09 | INFO     | uvicorn.access | 127.0.0.1:51830 - "GET /ready HTTP/1.1" 200
2026-09-30 11:40:39 | INFO     | uvicorn.access | 127.0.0.1:49566 - "GET /ready HTTP/1.1" 200
2026-09-30 11:41:09 | INFO     | uvicorn.access | 127.0.0.1:40148 - "GET /ready HTTP/1.1" 200
2026-09-30 11:41:39 | INFO     | uvicorn.access | 127.0.0.1:34412 - "GET /ready HTTP/1.1" 200
2026-09-30 11:42:09 | INFO     | uvicorn.access | 127.0.0.1:54370 - "GET /ready HTTP/1.1" 200
2026-09-30 11:42:39 | INFO     | uvicorn.access | 127.0.0.1:59682 - "GET /ready HTTP/1.1" 200
2026-09-30 11:43:09 | INFO     | uvicorn.access | 127.0.0.1:58394 - "GET /ready HTTP/1.1" 200
2026-09-30 11:43:39 | INFO     | uvicorn.access | 127.0.0.1:60760 - "GET /ready HTTP/1.1" 200
2026-09-30 11:44:09 | INFO     | uvicorn.access | 127.0.0.1:46932 - "GET /ready HTTP/1.1" 200
2026-09-30 11:44:39 | INFO     | uvicorn.access | 127.0.0.1:38476 - "GET /ready HTTP/1.1" 200
2026-09-30 11:45:10 | INFO     | uvicorn.access | 127.0.0.1:42938 - "GET /ready HTTP/1.1" 200
2026-09-30 11:45:40 | INFO     | uvicorn.access | 127.0.0.1:38662 - "GET /ready HTTP/1.1" 200
2026-09-30 11:46:10 | INFO     | uvicorn.access | 127.0.0.1:53564 - "GET /ready HTTP/1.1" 200
2026-09-30 11:46:40 | INFO     | uvicorn.access | 127.0.0.1:43056 - "GET /ready HTTP/1.1" 200
2026-09-30 11:47:10 | INFO     | uvicorn.access | 127.0.0.1:54172 - "GET /ready HTTP/1.1" 200
2026-09-30 11:47:40 | INFO     | uvicorn.access | 127.0.0.1:38878 - "GET /ready HTTP/1.1" 200
2026-09-30 11:48:10 | INFO     | uvicorn.access | 127.0.0.1:60704 - "GET /ready HTTP/1.1" 200
2026-09-30 11:48:40 | INFO     | uvicorn.access | 127.0.0.1:35074 - "GET /ready HTTP/1.1" 200
2026-09-30 11:49:10 | INFO     | uvicorn.access | 127.0.0.1:51812 - "GET /ready HTTP/1.1" 200
2026-09-30 11:49:40 | INFO     | uvicorn.access | 127.0.0.1:50656 - "GET /ready HTTP/1.1" 200
2026-09-30 11:50:10 | INFO     | uvicorn.access | 127.0.0.1:50138 - "GET /ready HTTP/1.1" 200
2026-09-30 11:50:40 | INFO     | uvicorn.access | 127.0.0.1:53980 - "GET /ready HTTP/1.1" 200
2026-09-30 11:51:10 | INFO     | uvicorn.access | 127.0.0.1:54024 - "GET /ready HTTP/1.1" 200
2026-09-30 11:51:40 | INFO     | uvicorn.access | 127.0.0.1:43550 - "GET /ready HTTP/1.1" 200
2026-09-30 11:52:11 | INFO     | uvicorn.access | 127.0.0.1:52158 - "GET /ready HTTP/1.1" 200
2026-09-30 11:52:41 | INFO     | uvicorn.access | 127.0.0.1:52776 - "GET /ready HTTP/1.1" 200
2026-09-30 11:53:11 | INFO     | uvicorn.access | 127.0.0.1:43860 - "GET /ready HTTP/1.1" 200
2026-09-30 11:53:41 | INFO     | uvicorn.access | 127.0.0.1:59214 - "GET /ready HTTP/1.1" 200
2026-09-30 11:54:11 | INFO     | uvicorn.access | 127.0.0.1:42758 - "GET /ready HTTP/1.1" 200
2026-09-30 11:54:41 | INFO     | uvicorn.access | 127.0.0.1:35300 - "GET /ready HTTP/1.1" 200
2026-09-30 11:55:11 | INFO     | uvicorn.access | 127.0.0.1:53688 - "GET /ready HTTP/1.1" 200
2026-09-30 11:55:41 | INFO     | uvicorn.access | 127.0.0.1:56806 - "GET /ready HTTP/1.1" 200
2026-09-30 11:56:11 | INFO     | uvicorn.access | 127.0.0.1:47388 - "GET /ready HTTP/1.1" 200
2026-09-30 11:56:41 | INFO     | uvicorn.access | 127.0.0.1:43690 - "GET /ready HTTP/1.1" 200
2026-09-30 11:57:11 | INFO     | uvicorn.access | 127.0.0.1:38930 - "GET /ready HTTP/1.1" 200
2026-09-30 11:57:41 | INFO     | uvicorn.access | 127.0.0.1:45528 - "GET /ready HTTP/1.1" 200
2026-09-30 11:58:11 | INFO     | uvicorn.access | 127.0.0.1:41120 - "GET /ready HTTP/1.1" 200
2026-09-30 11:58:41 | INFO     | uvicorn.access | 127.0.0.1:35324 - "GET /ready HTTP/1.1" 200
2026-09-30 11:59:11 | INFO     | uvicorn.access | 127.0.0.1:45772 - "GET /ready HTTP/1.1" 200
2026-09-30 11:59:41 | INFO     | uvicorn.access | 127.0.0.1:59048 - "GET /ready HTTP/1.1" 200
2026-09-30 12:00:12 | INFO     | uvicorn.access | 127.0.0.1:37208 - "GET /ready HTTP/1.1" 200
2026-09-30 12:00:42 | INFO     | uvicorn.access | 127.0.0.1:35174 - "GET /ready HTTP/1.1" 200
2026-09-30 12:01:12 | INFO     | uvicorn.access | 127.0.0.1:53352 - "GET /ready HTTP/1.1" 200
2026-09-30 12:01:42 | INFO     | uvicorn.access | 127.0.0.1:47756 - "GET /ready HTTP/1.1" 200
2026-09-30 12:02:12 | INFO     | uvicorn.access | 127.0.0.1:47576 - "GET /ready HTTP/1.1" 200
2026-09-30 12:02:42 | INFO     | uvicorn.access | 127.0.0.1:49492 - "GET /ready HTTP/1.1" 200
2026-09-30 12:03:12 | INFO     | uvicorn.access | 127.0.0.1:36156 - "GET /ready HTTP/1.1" 200
2026-09-30 12:03:42 | INFO     | uvicorn.access | 127.0.0.1:52160 - "GET /ready HTTP/1.1" 200
2026-09-30 12:04:12 | INFO     | uvicorn.access | 127.0.0.1:37182 - "GET /ready HTTP/1.1" 200
2026-09-30 12:04:42 | INFO     | uvicorn.access | 127.0.0.1:45608 - "GET /ready HTTP/1.1" 200
2026-09-30 12:05:12 | INFO     | uvicorn.access | 127.0.0.1:60894 - "GET /ready HTTP/1.1" 200
2026-09-30 12:05:42 | INFO     | uvicorn.access | 127.0.0.1:57362 - "GET /ready HTTP/1.1" 200
2026-09-30 12:06:12 | INFO     | uvicorn.access | 127.0.0.1:39780 - "GET /ready HTTP/1.1" 200
2026-09-30 12:06:42 | INFO     | uvicorn.access | 127.0.0.1:33126 - "GET /ready HTTP/1.1" 200
2026-09-30 12:07:13 | INFO     | uvicorn.access | 127.0.0.1:38104 - "GET /ready HTTP/1.1" 200
2026-09-30 12:07:43 | INFO     | uvicorn.access | 127.0.0.1:35564 - "GET /ready HTTP/1.1" 200
2026-09-30 12:08:13 | INFO     | uvicorn.access | 127.0.0.1:46046 - "GET /ready HTTP/1.1" 200
2026-09-30 12:08:43 | INFO     | uvicorn.access | 127.0.0.1:33194 - "GET /ready HTTP/1.1" 200
2026-09-30 12:09:13 | INFO     | uvicorn.access | 127.0.0.1:32962 - "GET /ready HTTP/1.1" 200
2026-09-30 12:09:43 | INFO     | uvicorn.access | 127.0.0.1:34626 - "GET /ready HTTP/1.1" 200
2026-09-30 12:10:13 | INFO     | uvicorn.access | 127.0.0.1:53086 - "GET /ready HTTP/1.1" 200
2026-09-30 12:10:43 | INFO     | uvicorn.access | 127.0.0.1:40718 - "GET /ready HTTP/1.1" 200
2026-09-30 12:11:13 | INFO     | uvicorn.access | 127.0.0.1:35180 - "GET /ready HTTP/1.1" 200
2026-09-30 12:11:43 | INFO     | uvicorn.access | 127.0.0.1:47662 - "GET /ready HTTP/1.1" 200
2026-09-30 12:12:13 | INFO     | uvicorn.access | 127.0.0.1:39818 - "GET /ready HTTP/1.1" 200
2026-09-30 12:12:43 | INFO     | uvicorn.access | 127.0.0.1:51032 - "GET /ready HTTP/1.1" 200
2026-09-30 12:13:13 | INFO     | uvicorn.access | 127.0.0.1:54170 - "GET /ready HTTP/1.1" 200
2026-09-30 12:13:43 | INFO     | uvicorn.access | 127.0.0.1:47418 - "GET /ready HTTP/1.1" 200
2026-09-30 12:14:13 | INFO     | uvicorn.access | 127.0.0.1:36558 - "GET /ready HTTP/1.1" 200
2026-09-30 12:14:44 | INFO     | uvicorn.access | 127.0.0.1:42610 - "GET /ready HTTP/1.1" 200
2026-09-30 12:15:14 | INFO     | uvicorn.access | 127.0.0.1:40458 - "GET /ready HTTP/1.1" 200
2026-09-30 12:15:44 | INFO     | uvicorn.access | 127.0.0.1:37126 - "GET /ready HTTP/1.1" 200
2026-09-30 12:16:14 | INFO     | uvicorn.access | 127.0.0.1:60810 - "GET /ready HTTP/1.1" 200
2026-09-30 12:16:44 | INFO     | uvicorn.access | 127.0.0.1:59274 - "GET /ready HTTP/1.1" 200
2026-09-30 12:17:14 | INFO     | uvicorn.access | 127.0.0.1:49596 - "GET /ready HTTP/1.1" 200
2026-09-30 12:17:44 | INFO     | uvicorn.access | 127.0.0.1:48364 - "GET /ready HTTP/1.1" 200
2026-09-30 12:18:14 | INFO     | uvicorn.access | 127.0.0.1:34508 - "GET /ready HTTP/1.1" 200
2026-09-30 12:18:44 | INFO     | uvicorn.access | 127.0.0.1:43102 - "GET /ready HTTP/1.1" 200
2026-09-30 12:19:14 | INFO     | uvicorn.access | 127.0.0.1:59432 - "GET /ready HTTP/1.1" 200
2026-09-30 12:19:44 | INFO     | uvicorn.access | 127.0.0.1:41126 - "GET /ready HTTP/1.1" 200
2026-09-30 12:20:14 | INFO     | uvicorn.access | 127.0.0.1:40474 - "GET /ready HTTP/1.1" 200
2026-09-30 12:20:44 | INFO     | uvicorn.access | 127.0.0.1:49122 - "GET /ready HTTP/1.1" 200
2026-09-30 12:21:14 | INFO     | uvicorn.access | 127.0.0.1:43068 - "GET /ready HTTP/1.1" 200
2026-09-30 12:21:45 | INFO     | uvicorn.access | 127.0.0.1:55162 - "GET /ready HTTP/1.1" 200
2026-09-30 12:22:15 | INFO     | uvicorn.access | 127.0.0.1:60338 - "GET /ready HTTP/1.1" 200
2026-09-30 12:22:45 | INFO     | uvicorn.access | 127.0.0.1:37778 - "GET /ready HTTP/1.1" 200
2026-09-30 12:23:15 | INFO     | uvicorn.access | 127.0.0.1:42210 - "GET /ready HTTP/1.1" 200
2026-09-30 12:23:45 | INFO     | uvicorn.access | 127.0.0.1:34806 - "GET /ready HTTP/1.1" 200
2026-09-30 12:24:15 | INFO     | uvicorn.access | 127.0.0.1:52512 - "GET /ready HTTP/1.1" 200
2026-09-30 12:24:45 | INFO     | uvicorn.access | 127.0.0.1:53164 - "GET /ready HTTP/1.1" 200
2026-09-30 12:25:15 | INFO     | uvicorn.access | 127.0.0.1:59190 - "GET /ready HTTP/1.1" 200
2026-09-30 12:25:45 | INFO     | uvicorn.access | 127.0.0.1:53276 - "GET /ready HTTP/1.1" 200
2026-09-30 12:26:15 | INFO     | uvicorn.access | 127.0.0.1:36604 - "GET /ready HTTP/1.1" 200
2026-09-30 12:26:45 | INFO     | uvicorn.access | 127.0.0.1:57740 - "GET /ready HTTP/1.1" 200
2026-09-30 12:27:15 | INFO     | uvicorn.access | 127.0.0.1:50564 - "GET /ready HTTP/1.1" 200
2026-09-30 12:27:45 | INFO     | uvicorn.access | 127.0.0.1:54650 - "GET /ready HTTP/1.1" 200
2026-09-30 12:28:15 | INFO     | uvicorn.access | 127.0.0.1:44818 - "GET /ready HTTP/1.1" 200
2026-09-30 12:28:45 | INFO     | uvicorn.access | 127.0.0.1:47918 - "GET /ready HTTP/1.1" 200
2026-09-30 12:29:15 | INFO     | uvicorn.access | 127.0.0.1:33454 - "GET /ready HTTP/1.1" 200
2026-09-30 12:29:46 | INFO     | uvicorn.access | 127.0.0.1:56706 - "GET /ready HTTP/1.1" 200
2026-09-30 12:30:16 | INFO     | uvicorn.access | 127.0.0.1:51680 - "GET /ready HTTP/1.1" 200
2026-09-30 12:30:46 | INFO     | uvicorn.access | 127.0.0.1:56916 - "GET /ready HTTP/1.1" 200
2026-09-30 12:31:16 | INFO     | uvicorn.access | 127.0.0.1:55162 - "GET /ready HTTP/1.1" 200
2026-09-30 12:31:46 | INFO     | uvicorn.access | 127.0.0.1:57242 - "GET /ready HTTP/1.1" 200
2026-09-30 12:32:16 | INFO     | uvicorn.access | 127.0.0.1:42174 - "GET /ready HTTP/1.1" 200
2026-09-30 12:32:46 | INFO     | uvicorn.access | 127.0.0.1:48152 - "GET /ready HTTP/1.1" 200
2026-09-30 12:33:16 | INFO     | uvicorn.access | 127.0.0.1:34316 - "GET /ready HTTP/1.1" 200
2026-09-30 12:33:46 | INFO     | uvicorn.access | 127.0.0.1:42998 - "GET /ready HTTP/1.1" 200
2026-09-30 12:34:16 | INFO     | uvicorn.access | 127.0.0.1:52312 - "GET /ready HTTP/1.1" 200
2026-09-30 12:34:46 | INFO     | uvicorn.access | 127.0.0.1:57494 - "GET /ready HTTP/1.1" 200
2026-09-30 12:35:16 | INFO     | uvicorn.access | 127.0.0.1:42554 - "GET /ready HTTP/1.1" 200
2026-09-30 12:35:46 | INFO     | uvicorn.access | 127.0.0.1:47960 - "GET /ready HTTP/1.1" 200
2026-09-30 12:36:16 | INFO     | uvicorn.access | 127.0.0.1:35118 - "GET /ready HTTP/1.1" 200
2026-09-30 12:36:47 | INFO     | uvicorn.access | 127.0.0.1:46748 - "GET /ready HTTP/1.1" 200
2026-09-30 12:37:17 | INFO     | uvicorn.access | 127.0.0.1:56592 - "GET /ready HTTP/1.1" 200
2026-09-30 12:37:47 | INFO     | uvicorn.access | 127.0.0.1:42534 - "GET /ready HTTP/1.1" 200
2026-09-30 12:38:17 | INFO     | uvicorn.access | 127.0.0.1:51218 - "GET /ready HTTP/1.1" 200
2026-09-30 12:38:47 | INFO     | uvicorn.access | 127.0.0.1:34308 - "GET /ready HTTP/1.1" 200
2026-09-30 12:39:17 | INFO     | uvicorn.access | 127.0.0.1:55438 - "GET /ready HTTP/1.1" 200
2026-09-30 12:39:47 | INFO     | uvicorn.access | 127.0.0.1:57736 - "GET /ready HTTP/1.1" 200
2026-09-30 12:40:17 | INFO     | uvicorn.access | 127.0.0.1:50630 - "GET /ready HTTP/1.1" 200
2026-09-30 12:40:47 | INFO     | uvicorn.access | 127.0.0.1:39648 - "GET /ready HTTP/1.1" 200
2026-09-30 12:41:17 | INFO     | uvicorn.access | 127.0.0.1:47314 - "GET /ready HTTP/1.1" 200
2026-09-30 12:41:47 | INFO     | uvicorn.access | 127.0.0.1:54074 - "GET /ready HTTP/1.1" 200
2026-09-30 12:42:17 | INFO     | uvicorn.access | 127.0.0.1:44854 - "GET /ready HTTP/1.1" 200
2026-09-30 12:42:47 | INFO     | uvicorn.access | 127.0.0.1:33428 - "GET /ready HTTP/1.1" 200
2026-09-30 12:43:17 | INFO     | uvicorn.access | 127.0.0.1:42470 - "GET /ready HTTP/1.1" 200
2026-09-30 12:43:48 | INFO     | uvicorn.access | 127.0.0.1:50146 - "GET /ready HTTP/1.1" 200
2026-09-30 12:44:18 | INFO     | uvicorn.access | 127.0.0.1:36240 - "GET /ready HTTP/1.1" 200
2026-09-30 12:44:48 | INFO     | uvicorn.access | 127.0.0.1:50258 - "GET /ready HTTP/1.1" 200
2026-09-30 12:45:18 | INFO     | uvicorn.access | 127.0.0.1:51628 - "GET /ready HTTP/1.1" 200
2026-09-30 12:45:48 | INFO     | uvicorn.access | 127.0.0.1:52876 - "GET /ready HTTP/1.1" 200
2026-09-30 12:46:18 | INFO     | uvicorn.access | 127.0.0.1:34328 - "GET /ready HTTP/1.1" 200
2026-09-30 12:46:48 | INFO     | uvicorn.access | 127.0.0.1:56354 - "GET /ready HTTP/1.1" 200
2026-09-30 12:47:18 | INFO     | uvicorn.access | 127.0.0.1:55828 - "GET /ready HTTP/1.1" 200
2026-09-30 12:47:48 | INFO     | uvicorn.access | 127.0.0.1:38650 - "GET /ready HTTP/1.1" 200
2026-09-30 12:48:18 | INFO     | uvicorn.access | 127.0.0.1:38424 - "GET /ready HTTP/1.1" 200
2026-09-30 12:48:48 | INFO     | uvicorn.access | 127.0.0.1:53200 - "GET /ready HTTP/1.1" 200
2026-09-30 12:49:18 | INFO     | uvicorn.access | 127.0.0.1:48540 - "GET /ready HTTP/1.1" 200
2026-09-30 12:49:48 | INFO     | uvicorn.access | 127.0.0.1:44696 - "GET /ready HTTP/1.1" 200
2026-09-30 12:50:18 | INFO     | uvicorn.access | 127.0.0.1:42200 - "GET /ready HTTP/1.1" 200
2026-09-30 12:50:49 | INFO     | uvicorn.access | 127.0.0.1:48418 - "GET /ready HTTP/1.1" 200
2026-09-30 12:51:19 | INFO     | uvicorn.access | 127.0.0.1:39412 - "GET /ready HTTP/1.1" 200
2026-09-30 12:51:49 | INFO     | uvicorn.access | 127.0.0.1:53700 - "GET /ready HTTP/1.1" 200
2026-09-30 12:52:19 | INFO     | uvicorn.access | 127.0.0.1:56262 - "GET /ready HTTP/1.1" 200
2026-09-30 12:52:49 | INFO     | uvicorn.access | 127.0.0.1:38528 - "GET /ready HTTP/1.1" 200
2026-09-30 12:53:19 | INFO     | uvicorn.access | 127.0.0.1:60812 - "GET /ready HTTP/1.1" 200
2026-09-30 12:53:49 | INFO     | uvicorn.access | 127.0.0.1:36570 - "GET /ready HTTP/1.1" 200
2026-09-30 12:54:19 | INFO     | uvicorn.access | 127.0.0.1:56240 - "GET /ready HTTP/1.1" 200
2026-09-30 12:54:49 | INFO     | uvicorn.access | 127.0.0.1:36430 - "GET /ready HTTP/1.1" 200
2026-09-30 12:55:19 | INFO     | uvicorn.access | 127.0.0.1:44546 - "GET /ready HTTP/1.1" 200
2026-09-30 12:55:49 | INFO     | uvicorn.access | 127.0.0.1:51794 - "GET /ready HTTP/1.1" 200
2026-09-30 12:56:19 | INFO     | uvicorn.access | 127.0.0.1:36952 - "GET /ready HTTP/1.1" 200
2026-09-30 12:56:49 | INFO     | uvicorn.access | 127.0.0.1:38690 - "GET /ready HTTP/1.1" 200
2026-09-30 12:57:20 | INFO     | uvicorn.access | 127.0.0.1:45046 - "GET /ready HTTP/1.1" 200
2026-09-30 12:57:50 | INFO     | uvicorn.access | 127.0.0.1:38238 - "GET /ready HTTP/1.1" 200
2026-09-30 12:58:20 | INFO     | uvicorn.access | 127.0.0.1:33562 - "GET /ready HTTP/1.1" 200
2026-09-30 12:58:50 | INFO     | uvicorn.access | 127.0.0.1:57370 - "GET /ready HTTP/1.1" 200
2026-09-30 12:59:20 | INFO     | uvicorn.access | 127.0.0.1:41282 - "GET /ready HTTP/1.1" 200
2026-09-30 12:59:50 | INFO     | uvicorn.access | 127.0.0.1:35006 - "GET /ready HTTP/1.1" 200
2026-09-30 13:00:20 | INFO     | uvicorn.access | 127.0.0.1:50174 - "GET /ready HTTP/1.1" 200
2026-09-30 13:00:50 | INFO     | uvicorn.access | 127.0.0.1:45852 - "GET /ready HTTP/1.1" 200
2026-09-30 13:01:20 | INFO     | uvicorn.access | 127.0.0.1:58650 - "GET /ready HTTP/1.1" 200
2026-09-30 13:01:50 | INFO     | uvicorn.access | 127.0.0.1:51594 - "GET /ready HTTP/1.1" 200
2026-09-30 13:02:20 | INFO     | uvicorn.access | 127.0.0.1:50436 - "GET /ready HTTP/1.1" 200
2026-09-30 13:02:50 | INFO     | uvicorn.access | 127.0.0.1:58460 - "GET /ready HTTP/1.1" 200
2026-09-30 13:03:20 | INFO     | uvicorn.access | 127.0.0.1:45264 - "GET /ready HTTP/1.1" 200
2026-09-30 13:03:50 | INFO     | uvicorn.access | 127.0.0.1:37324 - "GET /ready HTTP/1.1" 200
2026-09-30 13:04:21 | INFO     | uvicorn.access | 127.0.0.1:48844 - "GET /ready HTTP/1.1" 200
2026-09-30 13:04:51 | INFO     | uvicorn.access | 127.0.0.1:44906 - "GET /ready HTTP/1.1" 200
2026-09-30 13:05:21 | INFO     | uvicorn.access | 127.0.0.1:40226 - "GET /ready HTTP/1.1" 200
2026-09-30 13:05:51 | INFO     | uvicorn.access | 127.0.0.1:46486 - "GET /ready HTTP/1.1" 200
2026-09-30 13:06:21 | INFO     | uvicorn.access | 127.0.0.1:58652 - "GET /ready HTTP/1.1" 200
2026-09-30 13:06:51 | INFO     | uvicorn.access | 127.0.0.1:34474 - "GET /ready HTTP/1.1" 200
2026-09-30 13:07:21 | INFO     | uvicorn.access | 127.0.0.1:55442 - "GET /ready HTTP/1.1" 200
2026-09-30 13:07:51 | INFO     | uvicorn.access | 127.0.0.1:49544 - "GET /ready HTTP/1.1" 200
2026-09-30 13:08:21 | INFO     | uvicorn.access | 127.0.0.1:49030 - "GET /ready HTTP/1.1" 200
2026-09-30 13:08:51 | INFO     | uvicorn.access | 127.0.0.1:42096 - "GET /ready HTTP/1.1" 200
2026-09-30 13:09:21 | INFO     | uvicorn.access | 127.0.0.1:60700 - "GET /ready HTTP/1.1" 200
2026-09-30 13:09:51 | INFO     | uvicorn.access | 127.0.0.1:42710 - "GET /ready HTTP/1.1" 200
2026-09-30 13:10:21 | INFO     | uvicorn.access | 127.0.0.1:46948 - "GET /ready HTTP/1.1" 200
2026-09-30 13:10:51 | INFO     | uvicorn.access | 127.0.0.1:59526 - "GET /ready HTTP/1.1" 200
2026-09-30 13:11:21 | INFO     | uvicorn.access | 127.0.0.1:39212 - "GET /ready HTTP/1.1" 200
2026-09-30 13:11:52 | INFO     | uvicorn.access | 127.0.0.1:40574 - "GET /ready HTTP/1.1" 200
2026-09-30 13:12:22 | INFO     | uvicorn.access | 127.0.0.1:45398 - "GET /ready HTTP/1.1" 200
2026-09-30 13:12:52 | INFO     | uvicorn.access | 127.0.0.1:42982 - "GET /ready HTTP/1.1" 200
2026-09-30 13:13:22 | INFO     | uvicorn.access | 127.0.0.1:47626 - "GET /ready HTTP/1.1" 200
2026-09-30 13:13:52 | INFO     | uvicorn.access | 127.0.0.1:37948 - "GET /ready HTTP/1.1" 200
2026-09-30 13:14:22 | INFO     | uvicorn.access | 127.0.0.1:53188 - "GET /ready HTTP/1.1" 200
2026-09-30 13:14:52 | INFO     | uvicorn.access | 127.0.0.1:60308 - "GET /ready HTTP/1.1" 200
2026-09-30 13:15:22 | INFO     | uvicorn.access | 127.0.0.1:48546 - "GET /ready HTTP/1.1" 200
2026-09-30 13:15:52 | INFO     | uvicorn.access | 127.0.0.1:59866 - "GET /ready HTTP/1.1" 200
2026-09-30 13:16:22 | INFO     | uvicorn.access | 127.0.0.1:51056 - "GET /ready HTTP/1.1" 200
2026-09-30 13:16:52 | INFO     | uvicorn.access | 127.0.0.1:33830 - "GET /ready HTTP/1.1" 200
2026-09-30 13:17:22 | INFO     | uvicorn.access | 127.0.0.1:34924 - "GET /ready HTTP/1.1" 200
2026-09-30 13:17:52 | INFO     | uvicorn.access | 127.0.0.1:44238 - "GET /ready HTTP/1.1" 200
2026-09-30 13:18:22 | INFO     | uvicorn.access | 127.0.0.1:55148 - "GET /ready HTTP/1.1" 200
2026-09-30 13:18:52 | INFO     | uvicorn.access | 127.0.0.1:34850 - "GET /ready HTTP/1.1" 200
2026-09-30 13:19:23 | INFO     | uvicorn.access | 127.0.0.1:54424 - "GET /ready HTTP/1.1" 200
2026-09-30 13:19:53 | INFO     | uvicorn.access | 127.0.0.1:54178 - "GET /ready HTTP/1.1" 200
2026-09-30 13:20:23 | INFO     | uvicorn.access | 127.0.0.1:51528 - "GET /ready HTTP/1.1" 200
2026-09-30 13:20:53 | INFO     | uvicorn.access | 127.0.0.1:50842 - "GET /ready HTTP/1.1" 200
2026-09-30 13:21:23 | INFO     | uvicorn.access | 127.0.0.1:51180 - "GET /ready HTTP/1.1" 200
2026-09-30 13:21:53 | INFO     | uvicorn.access | 127.0.0.1:51710 - "GET /ready HTTP/1.1" 200
2026-09-30 13:22:23 | INFO     | uvicorn.access | 127.0.0.1:55894 - "GET /ready HTTP/1.1" 200
2026-09-30 13:22:53 | INFO     | uvicorn.access | 127.0.0.1:45444 - "GET /ready HTTP/1.1" 200
2026-09-30 13:23:23 | INFO     | uvicorn.access | 127.0.0.1:38404 - "GET /ready HTTP/1.1" 200
2026-09-30 13:23:53 | INFO     | uvicorn.access | 127.0.0.1:57688 - "GET /ready HTTP/1.1" 200
2026-09-30 13:24:23 | INFO     | uvicorn.access | 127.0.0.1:39394 - "GET /ready HTTP/1.1" 200
2026-09-30 13:24:53 | INFO     | uvicorn.access | 127.0.0.1:35050 - "GET /ready HTTP/1.1" 200
2026-09-30 13:25:23 | INFO     | uvicorn.access | 127.0.0.1:58934 - "GET /ready HTTP/1.1" 200
2026-09-30 13:25:53 | INFO     | uvicorn.access | 127.0.0.1:34496 - "GET /ready HTTP/1.1" 200
2026-09-30 13:26:24 | INFO     | uvicorn.access | 127.0.0.1:60594 - "GET /ready HTTP/1.1" 200
2026-09-30 13:26:54 | INFO     | uvicorn.access | 127.0.0.1:58492 - "GET /ready HTTP/1.1" 200
2026-09-30 13:27:24 | INFO     | uvicorn.access | 127.0.0.1:60760 - "GET /ready HTTP/1.1" 200
2026-09-30 13:27:54 | INFO     | uvicorn.access | 127.0.0.1:42592 - "GET /ready HTTP/1.1" 200
2026-09-30 13:28:24 | INFO     | uvicorn.access | 127.0.0.1:58714 - "GET /ready HTTP/1.1" 200
2026-09-30 13:28:54 | INFO     | uvicorn.access | 127.0.0.1:51316 - "GET /ready HTTP/1.1" 200
2026-09-30 13:29:24 | INFO     | uvicorn.access | 127.0.0.1:34062 - "GET /ready HTTP/1.1" 200
2026-09-30 13:29:54 | INFO     | uvicorn.access | 127.0.0.1:52314 - "GET /ready HTTP/1.1" 200
2026-09-30 13:30:24 | INFO     | uvicorn.access | 127.0.0.1:37984 - "GET /ready HTTP/1.1" 200
2026-09-30 13:30:54 | INFO     | uvicorn.access | 127.0.0.1:37030 - "GET /ready HTTP/1.1" 200
2026-09-30 13:31:24 | INFO     | uvicorn.access | 127.0.0.1:39134 - "GET /ready HTTP/1.1" 200
2026-09-30 13:31:54 | INFO     | uvicorn.access | 127.0.0.1:42654 - "GET /ready HTTP/1.1" 200
2026-09-30 13:32:24 | INFO     | uvicorn.access | 127.0.0.1:49576 - "GET /ready HTTP/1.1" 200
2026-09-30 13:32:54 | INFO     | uvicorn.access | 127.0.0.1:45150 - "GET /ready HTTP/1.1" 200
2026-09-30 13:33:24 | INFO     | uvicorn.access | 127.0.0.1:45722 - "GET /ready HTTP/1.1" 200
2026-09-30 13:33:55 | INFO     | uvicorn.access | 127.0.0.1:59346 - "GET /ready HTTP/1.1" 200
2026-09-30 13:34:25 | INFO     | uvicorn.access | 127.0.0.1:56938 - "GET /ready HTTP/1.1" 200
2026-09-30 13:34:55 | INFO     | uvicorn.access | 127.0.0.1:47936 - "GET /ready HTTP/1.1" 200
2026-09-30 13:35:25 | INFO     | uvicorn.access | 127.0.0.1:57352 - "GET /ready HTTP/1.1" 200
2026-09-30 13:35:55 | INFO     | uvicorn.access | 127.0.0.1:41570 - "GET /ready HTTP/1.1" 200
2026-09-30 13:36:25 | INFO     | uvicorn.access | 127.0.0.1:56422 - "GET /ready HTTP/1.1" 200
2026-09-30 13:36:55 | INFO     | uvicorn.access | 127.0.0.1:47662 - "GET /ready HTTP/1.1" 200
2026-09-30 13:37:25 | INFO     | uvicorn.access | 127.0.0.1:60466 - "GET /ready HTTP/1.1" 200
2026-09-30 13:37:55 | INFO     | uvicorn.access | 127.0.0.1:39960 - "GET /ready HTTP/1.1" 200
2026-09-30 13:38:25 | INFO     | uvicorn.access | 127.0.0.1:35148 - "GET /ready HTTP/1.1" 200
2026-09-30 13:38:55 | INFO     | uvicorn.access | 127.0.0.1:60224 - "GET /ready HTTP/1.1" 200
2026-09-30 13:39:25 | INFO     | uvicorn.access | 127.0.0.1:56444 - "GET /ready HTTP/1.1" 200
2026-09-30 13:39:55 | INFO     | uvicorn.access | 127.0.0.1:40528 - "GET /ready HTTP/1.1" 200
2026-09-30 13:40:25 | INFO     | uvicorn.access | 127.0.0.1:33392 - "GET /ready HTTP/1.1" 200
2026-09-30 13:40:56 | INFO     | uvicorn.access | 127.0.0.1:36792 - "GET /ready HTTP/1.1" 200
2026-09-30 13:41:26 | INFO     | uvicorn.access | 127.0.0.1:52036 - "GET /ready HTTP/1.1" 200
2026-09-30 13:41:56 | INFO     | uvicorn.access | 127.0.0.1:37250 - "GET /ready HTTP/1.1" 200
2026-09-30 13:42:26 | INFO     | uvicorn.access | 127.0.0.1:42380 - "GET /ready HTTP/1.1" 200
2026-09-30 13:42:56 | INFO     | uvicorn.access | 127.0.0.1:53786 - "GET /ready HTTP/1.1" 200
2026-09-30 13:43:26 | INFO     | uvicorn.access | 127.0.0.1:48046 - "GET /ready HTTP/1.1" 200
2026-09-30 13:43:56 | INFO     | uvicorn.access | 127.0.0.1:58606 - "GET /ready HTTP/1.1" 200
2026-09-30 13:44:26 | INFO     | uvicorn.access | 127.0.0.1:55600 - "GET /ready HTTP/1.1" 200
2026-09-30 13:44:56 | INFO     | uvicorn.access | 127.0.0.1:43434 - "GET /ready HTTP/1.1" 200
2026-09-30 13:45:26 | INFO     | uvicorn.access | 127.0.0.1:58604 - "GET /ready HTTP/1.1" 200
2026-09-30 13:45:56 | INFO     | uvicorn.access | 127.0.0.1:47110 - "GET /ready HTTP/1.1" 200
2026-09-30 13:46:26 | INFO     | uvicorn.access | 127.0.0.1:49826 - "GET /ready HTTP/1.1" 200
2026-09-30 13:46:56 | INFO     | uvicorn.access | 127.0.0.1:39462 - "GET /ready HTTP/1.1" 200
2026-09-30 13:47:26 | INFO     | uvicorn.access | 127.0.0.1:56128 - "GET /ready HTTP/1.1" 200
2026-09-30 13:47:56 | INFO     | uvicorn.access | 127.0.0.1:48182 - "GET /ready HTTP/1.1" 200
2026-09-30 13:48:27 | INFO     | uvicorn.access | 127.0.0.1:36916 - "GET /ready HTTP/1.1" 200
2026-09-30 13:48:57 | INFO     | uvicorn.access | 127.0.0.1:35160 - "GET /ready HTTP/1.1" 200
2026-09-30 13:49:27 | INFO     | uvicorn.access | 127.0.0.1:58566 - "GET /ready HTTP/1.1" 200
2026-09-30 13:49:57 | INFO     | uvicorn.access | 127.0.0.1:49658 - "GET /ready HTTP/1.1" 200
2026-09-30 13:50:27 | INFO     | uvicorn.access | 127.0.0.1:45222 - "GET /ready HTTP/1.1" 200
2026-09-30 13:50:57 | INFO     | uvicorn.access | 127.0.0.1:50464 - "GET /ready HTTP/1.1" 200
2026-09-30 13:51:27 | INFO     | uvicorn.access | 127.0.0.1:60082 - "GET /ready HTTP/1.1" 200
2026-09-30 13:51:57 | INFO     | uvicorn.access | 127.0.0.1:37366 - "GET /ready HTTP/1.1" 200
2026-09-30 13:52:27 | INFO     | uvicorn.access | 127.0.0.1:38398 - "GET /ready HTTP/1.1" 200
2026-09-30 13:52:57 | INFO     | uvicorn.access | 127.0.0.1:36170 - "GET /ready HTTP/1.1" 200
2026-09-30 13:53:27 | INFO     | uvicorn.access | 127.0.0.1:40380 - "GET /ready HTTP/1.1" 200
2026-09-30 13:53:57 | INFO     | uvicorn.access | 127.0.0.1:50006 - "GET /ready HTTP/1.1" 200
2026-09-30 13:54:27 | INFO     | uvicorn.access | 127.0.0.1:35698 - "GET /ready HTTP/1.1" 200
2026-09-30 13:54:57 | INFO     | uvicorn.access | 127.0.0.1:33850 - "GET /ready HTTP/1.1" 200
2026-09-30 13:55:27 | INFO     | uvicorn.access | 127.0.0.1:44640 - "GET /ready HTTP/1.1" 200
2026-09-30 13:55:58 | INFO     | uvicorn.access | 127.0.0.1:49320 - "GET /ready HTTP/1.1" 200
2026-09-30 13:56:28 | INFO     | uvicorn.access | 127.0.0.1:39258 - "GET /ready HTTP/1.1" 200
2026-09-30 13:56:58 | INFO     | uvicorn.access | 127.0.0.1:41664 - "GET /ready HTTP/1.1" 200
2026-09-30 13:57:28 | INFO     | uvicorn.access | 127.0.0.1:33558 - "GET /ready HTTP/1.1" 200
2026-09-30 13:57:58 | INFO     | uvicorn.access | 127.0.0.1:47220 - "GET /ready HTTP/1.1" 200
2026-09-30 13:58:28 | INFO     | uvicorn.access | 127.0.0.1:60636 - "GET /ready HTTP/1.1" 200
2026-09-30 13:58:58 | INFO     | uvicorn.access | 127.0.0.1:54418 - "GET /ready HTTP/1.1" 200
2026-09-30 13:59:28 | INFO     | uvicorn.access | 127.0.0.1:35042 - "GET /ready HTTP/1.1" 200
2026-09-30 13:59:58 | INFO     | uvicorn.access | 127.0.0.1:52030 - "GET /ready HTTP/1.1" 200
2026-09-30 14:00:28 | INFO     | uvicorn.access | 127.0.0.1:53284 - "GET /ready HTTP/1.1" 200
2026-09-30 14:00:58 | INFO     | uvicorn.access | 127.0.0.1:43574 - "GET /ready HTTP/1.1" 200
2026-09-30 14:01:28 | INFO     | uvicorn.access | 127.0.0.1:59450 - "GET /ready HTTP/1.1" 200
2026-09-30 14:01:58 | INFO     | uvicorn.access | 127.0.0.1:52232 - "GET /ready HTTP/1.1" 200
2026-09-30 14:02:28 | INFO     | uvicorn.access | 127.0.0.1:50864 - "GET /ready HTTP/1.1" 200
2026-09-30 14:02:58 | INFO     | uvicorn.access | 127.0.0.1:34400 - "GET /ready HTTP/1.1" 200
2026-09-30 14:03:29 | INFO     | uvicorn.access | 127.0.0.1:50086 - "GET /ready HTTP/1.1" 200
2026-09-30 14:03:59 | INFO     | uvicorn.access | 127.0.0.1:52666 - "GET /ready HTTP/1.1" 200
2026-09-30 14:04:29 | INFO     | uvicorn.access | 127.0.0.1:49850 - "GET /ready HTTP/1.1" 200
2026-09-30 14:04:59 | INFO     | uvicorn.access | 127.0.0.1:35522 - "GET /ready HTTP/1.1" 200
2026-09-30 14:05:29 | INFO     | uvicorn.access | 127.0.0.1:41850 - "GET /ready HTTP/1.1" 200
2026-09-30 14:05:59 | INFO     | uvicorn.access | 127.0.0.1:36138 - "GET /ready HTTP/1.1" 200
2026-09-30 14:06:29 | INFO     | uvicorn.access | 127.0.0.1:47960 - "GET /ready HTTP/1.1" 200
2026-09-30 14:06:59 | INFO     | uvicorn.access | 127.0.0.1:38868 - "GET /ready HTTP/1.1" 200
2026-09-30 14:07:29 | INFO     | uvicorn.access | 127.0.0.1:54822 - "GET /ready HTTP/1.1" 200
2026-09-30 14:07:59 | INFO     | uvicorn.access | 127.0.0.1:53456 - "GET /ready HTTP/1.1" 200
2026-09-30 14:08:29 | INFO     | uvicorn.access | 127.0.0.1:51770 - "GET /ready HTTP/1.1" 200
2026-09-30 14:08:59 | INFO     | uvicorn.access | 127.0.0.1:57284 - "GET /ready HTTP/1.1" 200
2026-09-30 14:09:29 | INFO     | uvicorn.access | 127.0.0.1:36632 - "GET /ready HTTP/1.1" 200
2026-09-30 14:09:59 | INFO     | uvicorn.access | 127.0.0.1:51510 - "GET /ready HTTP/1.1" 200
2026-09-30 14:10:30 | INFO     | uvicorn.access | 127.0.0.1:53012 - "GET /ready HTTP/1.1" 200
2026-09-30 14:11:00 | INFO     | uvicorn.access | 127.0.0.1:48002 - "GET /ready HTTP/1.1" 200
2026-09-30 14:11:30 | INFO     | uvicorn.access | 127.0.0.1:36896 - "GET /ready HTTP/1.1" 200
2026-09-30 14:12:00 | INFO     | uvicorn.access | 127.0.0.1:33294 - "GET /ready HTTP/1.1" 200
2026-09-30 14:12:30 | INFO     | uvicorn.access | 127.0.0.1:44420 - "GET /ready HTTP/1.1" 200
2026-09-30 14:13:00 | INFO     | uvicorn.access | 127.0.0.1:38364 - "GET /ready HTTP/1.1" 200
2026-09-30 14:13:30 | INFO     | uvicorn.access | 127.0.0.1:34594 - "GET /ready HTTP/1.1" 200
2026-09-30 14:14:00 | INFO     | uvicorn.access | 127.0.0.1:37806 - "GET /ready HTTP/1.1" 200
2026-09-30 14:14:30 | INFO     | uvicorn.access | 127.0.0.1:55476 - "GET /ready HTTP/1.1" 200
2026-09-30 14:15:00 | INFO     | uvicorn.access | 127.0.0.1:36582 - "GET /ready HTTP/1.1" 200
2026-09-30 14:15:30 | INFO     | uvicorn.access | 127.0.0.1:48452 - "GET /ready HTTP/1.1" 200
2026-09-30 14:16:00 | INFO     | uvicorn.access | 127.0.0.1:38616 - "GET /ready HTTP/1.1" 200
2026-09-30 14:16:30 | INFO     | uvicorn.access | 127.0.0.1:42914 - "GET /ready HTTP/1.1" 200
2026-09-30 14:17:00 | INFO     | uvicorn.access | 127.0.0.1:50966 - "GET /ready HTTP/1.1" 200
2026-09-30 14:17:30 | INFO     | uvicorn.access | 127.0.0.1:41138 - "GET /ready HTTP/1.1" 200
2026-09-30 14:18:01 | INFO     | uvicorn.access | 127.0.0.1:37896 - "GET /ready HTTP/1.1" 200
2026-09-30 14:18:31 | INFO     | uvicorn.access | 127.0.0.1:56198 - "GET /ready HTTP/1.1" 200
2026-09-30 14:19:01 | INFO     | uvicorn.access | 127.0.0.1:54746 - "GET /ready HTTP/1.1" 200
2026-09-30 14:19:31 | INFO     | uvicorn.access | 127.0.0.1:41982 - "GET /ready HTTP/1.1" 200
2026-09-30 14:20:01 | INFO     | uvicorn.access | 127.0.0.1:56486 - "GET /ready HTTP/1.1" 200
2026-09-30 14:20:31 | INFO     | uvicorn.access | 127.0.0.1:41432 - "GET /ready HTTP/1.1" 200
2026-09-30 14:21:01 | INFO     | uvicorn.access | 127.0.0.1:59448 - "GET /ready HTTP/1.1" 200
2026-09-30 14:21:31 | INFO     | uvicorn.access | 127.0.0.1:50416 - "GET /ready HTTP/1.1" 200
2026-09-30 14:22:01 | INFO     | uvicorn.access | 127.0.0.1:51424 - "GET /ready HTTP/1.1" 200
2026-09-30 14:22:31 | INFO     | uvicorn.access | 127.0.0.1:53520 - "GET /ready HTTP/1.1" 200
2026-09-30 14:23:01 | INFO     | uvicorn.access | 127.0.0.1:58482 - "GET /ready HTTP/1.1" 200
2026-09-30 14:23:31 | INFO     | uvicorn.access | 127.0.0.1:35652 - "GET /ready HTTP/1.1" 200
2026-09-30 14:24:01 | INFO     | uvicorn.access | 127.0.0.1:59898 - "GET /ready HTTP/1.1" 200
2026-09-30 14:24:31 | INFO     | uvicorn.access | 127.0.0.1:39660 - "GET /ready HTTP/1.1" 200
2026-09-30 14:25:01 | INFO     | uvicorn.access | 127.0.0.1:59994 - "GET /ready HTTP/1.1" 200
2026-09-30 14:25:32 | INFO     | uvicorn.access | 127.0.0.1:51880 - "GET /ready HTTP/1.1" 200
2026-09-30 14:26:02 | INFO     | uvicorn.access | 127.0.0.1:51944 - "GET /ready HTTP/1.1" 200
2026-09-30 14:26:32 | INFO     | uvicorn.access | 127.0.0.1:35178 - "GET /ready HTTP/1.1" 200
2026-09-30 14:27:02 | INFO     | uvicorn.access | 127.0.0.1:45752 - "GET /ready HTTP/1.1" 200
2026-09-30 14:27:32 | INFO     | uvicorn.access | 127.0.0.1:60474 - "GET /ready HTTP/1.1" 200
2026-09-30 14:28:02 | INFO     | uvicorn.access | 127.0.0.1:42654 - "GET /ready HTTP/1.1" 200
2026-09-30 14:28:32 | INFO     | uvicorn.access | 127.0.0.1:44060 - "GET /ready HTTP/1.1" 200
2026-09-30 14:29:02 | INFO     | uvicorn.access | 127.0.0.1:35552 - "GET /ready HTTP/1.1" 200
2026-09-30 14:29:32 | INFO     | uvicorn.access | 127.0.0.1:43258 - "GET /ready HTTP/1.1" 200
2026-09-30 14:30:02 | INFO     | uvicorn.access | 127.0.0.1:38808 - "GET /ready HTTP/1.1" 200
2026-09-30 14:30:32 | INFO     | uvicorn.access | 127.0.0.1:49954 - "GET /ready HTTP/1.1" 200
2026-09-30 14:31:02 | INFO     | uvicorn.access | 127.0.0.1:42784 - "GET /ready HTTP/1.1" 200
2026-09-30 14:31:32 | INFO     | uvicorn.access | 127.0.0.1:59436 - "GET /ready HTTP/1.1" 200
2026-09-30 14:32:02 | INFO     | uvicorn.access | 127.0.0.1:51252 - "GET /ready HTTP/1.1" 200
2026-09-30 14:32:33 | INFO     | uvicorn.access | 127.0.0.1:56126 - "GET /ready HTTP/1.1" 200
2026-09-30 14:33:03 | INFO     | uvicorn.access | 127.0.0.1:56622 - "GET /ready HTTP/1.1" 200
2026-09-30 14:33:33 | INFO     | uvicorn.access | 127.0.0.1:55938 - "GET /ready HTTP/1.1" 200
2026-09-30 14:34:03 | INFO     | uvicorn.access | 127.0.0.1:42276 - "GET /ready HTTP/1.1" 200
2026-09-30 14:34:33 | INFO     | uvicorn.access | 127.0.0.1:53050 - "GET /ready HTTP/1.1" 200
2026-09-30 14:35:03 | INFO     | uvicorn.access | 127.0.0.1:60356 - "GET /ready HTTP/1.1" 200
2026-09-30 14:35:33 | INFO     | uvicorn.access | 127.0.0.1:51986 - "GET /ready HTTP/1.1" 200
2026-09-30 14:36:03 | INFO     | uvicorn.access | 127.0.0.1:32838 - "GET /ready HTTP/1.1" 200
2026-09-30 14:36:33 | INFO     | uvicorn.access | 127.0.0.1:45380 - "GET /ready HTTP/1.1" 200
2026-09-30 14:37:03 | INFO     | uvicorn.access | 127.0.0.1:39956 - "GET /ready HTTP/1.1" 200
2026-09-30 14:37:33 | INFO     | uvicorn.access | 127.0.0.1:39662 - "GET /ready HTTP/1.1" 200
2026-09-30 14:38:03 | INFO     | uvicorn.access | 127.0.0.1:54948 - "GET /ready HTTP/1.1" 200
2026-09-30 14:38:33 | INFO     | uvicorn.access | 127.0.0.1:52190 - "GET /ready HTTP/1.1" 200
2026-09-30 14:39:03 | INFO     | uvicorn.access | 127.0.0.1:50326 - "GET /ready HTTP/1.1" 200
2026-09-30 14:39:33 | INFO     | uvicorn.access | 127.0.0.1:44310 - "GET /ready HTTP/1.1" 200
2026-09-30 14:40:04 | INFO     | uvicorn.access | 127.0.0.1:60760 - "GET /ready HTTP/1.1" 200
2026-09-30 14:40:34 | INFO     | uvicorn.access | 127.0.0.1:33798 - "GET /ready HTTP/1.1" 200
2026-09-30 14:41:04 | INFO     | uvicorn.access | 127.0.0.1:36896 - "GET /ready HTTP/1.1" 200
2026-09-30 14:41:34 | INFO     | uvicorn.access | 127.0.0.1:48128 - "GET /ready HTTP/1.1" 200
2026-09-30 14:42:04 | INFO     | uvicorn.access | 127.0.0.1:47036 - "GET /ready HTTP/1.1" 200
2026-09-30 14:42:34 | INFO     | uvicorn.access | 127.0.0.1:40362 - "GET /ready HTTP/1.1" 200
2026-09-30 14:43:04 | INFO     | uvicorn.access | 127.0.0.1:49634 - "GET /ready HTTP/1.1" 200
2026-09-30 14:43:34 | INFO     | uvicorn.access | 127.0.0.1:51022 - "GET /ready HTTP/1.1" 200
2026-09-30 14:44:04 | INFO     | uvicorn.access | 127.0.0.1:55582 - "GET /ready HTTP/1.1" 200
2026-09-30 14:44:34 | INFO     | uvicorn.access | 127.0.0.1:52044 - "GET /ready HTTP/1.1" 200
2026-09-30 14:45:04 | INFO     | uvicorn.access | 127.0.0.1:34390 - "GET /ready HTTP/1.1" 200
2026-09-30 14:45:34 | INFO     | uvicorn.access | 127.0.0.1:38602 - "GET /ready HTTP/1.1" 200
2026-09-30 14:46:04 | INFO     | uvicorn.access | 127.0.0.1:40906 - "GET /ready HTTP/1.1" 200
2026-09-30 14:46:34 | INFO     | uvicorn.access | 127.0.0.1:40036 - "GET /ready HTTP/1.1" 200
2026-09-30 14:47:04 | INFO     | uvicorn.access | 127.0.0.1:54386 - "GET /ready HTTP/1.1" 200
2026-09-30 14:47:35 | INFO     | uvicorn.access | 127.0.0.1:42908 - "GET /ready HTTP/1.1" 200
2026-09-30 14:48:05 | INFO     | uvicorn.access | 127.0.0.1:45148 - "GET /ready HTTP/1.1" 200
2026-09-30 14:48:35 | INFO     | uvicorn.access | 127.0.0.1:43800 - "GET /ready HTTP/1.1" 200
2026-09-30 14:49:05 | INFO     | uvicorn.access | 127.0.0.1:40080 - "GET /ready HTTP/1.1" 200
2026-09-30 14:49:35 | INFO     | uvicorn.access | 127.0.0.1:44364 - "GET /ready HTTP/1.1" 200
2026-09-30 14:50:05 | INFO     | uvicorn.access | 127.0.0.1:55276 - "GET /ready HTTP/1.1" 200
2026-09-30 14:50:35 | INFO     | uvicorn.access | 127.0.0.1:42004 - "GET /ready HTTP/1.1" 200
2026-09-30 14:51:05 | INFO     | uvicorn.access | 127.0.0.1:32970 - "GET /ready HTTP/1.1" 200
2026-09-30 14:51:35 | INFO     | uvicorn.access | 127.0.0.1:60494 - "GET /ready HTTP/1.1" 200
2026-09-30 14:52:05 | INFO     | uvicorn.access | 127.0.0.1:33802 - "GET /ready HTTP/1.1" 200
2026-09-30 14:52:35 | INFO     | uvicorn.access | 127.0.0.1:58276 - "GET /ready HTTP/1.1" 200
2026-09-30 14:53:05 | INFO     | uvicorn.access | 127.0.0.1:34226 - "GET /ready HTTP/1.1" 200
2026-09-30 14:53:35 | INFO     | uvicorn.access | 127.0.0.1:39874 - "GET /ready HTTP/1.1" 200
2026-09-30 14:54:05 | INFO     | uvicorn.access | 127.0.0.1:38154 - "GET /ready HTTP/1.1" 200
2026-09-30 14:54:35 | INFO     | uvicorn.access | 127.0.0.1:60396 - "GET /ready HTTP/1.1" 200
2026-09-30 14:55:05 | INFO     | uvicorn.access | 127.0.0.1:56090 - "GET /ready HTTP/1.1" 200
2026-09-30 14:55:36 | INFO     | uvicorn.access | 127.0.0.1:58052 - "GET /ready HTTP/1.1" 200
2026-09-30 14:56:06 | INFO     | uvicorn.access | 127.0.0.1:38008 - "GET /ready HTTP/1.1" 200
2026-09-30 14:56:36 | INFO     | uvicorn.access | 127.0.0.1:47834 - "GET /ready HTTP/1.1" 200
2026-09-30 14:57:06 | INFO     | uvicorn.access | 127.0.0.1:46004 - "GET /ready HTTP/1.1" 200
2026-09-30 14:57:36 | INFO     | uvicorn.access | 127.0.0.1:42090 - "GET /ready HTTP/1.1" 200
2026-09-30 14:58:06 | INFO     | uvicorn.access | 127.0.0.1:56314 - "GET /ready HTTP/1.1" 200
2026-09-30 14:58:36 | INFO     | uvicorn.access | 127.0.0.1:38830 - "GET /ready HTTP/1.1" 200
2026-09-30 14:59:06 | INFO     | uvicorn.access | 127.0.0.1:57864 - "GET /ready HTTP/1.1" 200
2026-09-30 14:59:36 | INFO     | uvicorn.access | 127.0.0.1:53380 - "GET /ready HTTP/1.1" 200
2026-09-30 15:00:06 | INFO     | uvicorn.access | 127.0.0.1:35986 - "GET /ready HTTP/1.1" 200
2026-09-30 15:00:36 | INFO     | uvicorn.access | 127.0.0.1:40514 - "GET /ready HTTP/1.1" 200
2026-09-30 15:01:06 | INFO     | uvicorn.access | 127.0.0.1:52370 - "GET /ready HTTP/1.1" 200
2026-09-30 15:01:36 | INFO     | uvicorn.access | 127.0.0.1:32974 - "GET /ready HTTP/1.1" 200
2026-09-30 15:02:07 | INFO     | uvicorn.access | 127.0.0.1:46774 - "GET /ready HTTP/1.1" 200
2026-09-30 15:02:37 | INFO     | uvicorn.access | 127.0.0.1:35956 - "GET /ready HTTP/1.1" 200
2026-09-30 15:03:07 | INFO     | uvicorn.access | 127.0.0.1:53108 - "GET /ready HTTP/1.1" 200
2026-09-30 15:03:37 | INFO     | uvicorn.access | 127.0.0.1:60916 - "GET /ready HTTP/1.1" 200
2026-09-30 15:04:07 | INFO     | uvicorn.access | 127.0.0.1:39616 - "GET /ready HTTP/1.1" 200
2026-09-30 15:04:37 | INFO     | uvicorn.access | 127.0.0.1:38346 - "GET /ready HTTP/1.1" 200
2026-09-30 15:05:07 | INFO     | uvicorn.access | 127.0.0.1:56570 - "GET /ready HTTP/1.1" 200
2026-09-30 15:05:37 | INFO     | uvicorn.access | 127.0.0.1:48372 - "GET /ready HTTP/1.1" 200
2026-09-30 15:06:07 | INFO     | uvicorn.access | 127.0.0.1:43658 - "GET /ready HTTP/1.1" 200
2026-09-30 15:06:37 | INFO     | uvicorn.access | 127.0.0.1:49378 - "GET /ready HTTP/1.1" 200
2026-09-30 15:07:07 | INFO     | uvicorn.access | 127.0.0.1:54270 - "GET /ready HTTP/1.1" 200
2026-09-30 15:07:37 | INFO     | uvicorn.access | 127.0.0.1:38770 - "GET /ready HTTP/1.1" 200
2026-09-30 15:08:07 | INFO     | uvicorn.access | 127.0.0.1:49126 - "GET /ready HTTP/1.1" 200
2026-09-30 15:08:38 | INFO     | uvicorn.access | 127.0.0.1:55886 - "GET /ready HTTP/1.1" 200
2026-09-30 15:09:08 | INFO     | uvicorn.access | 127.0.0.1:50276 - "GET /ready HTTP/1.1" 200
2026-09-30 15:09:38 | INFO     | uvicorn.access | 127.0.0.1:37730 - "GET /ready HTTP/1.1" 200
2026-09-30 15:10:08 | INFO     | uvicorn.access | 127.0.0.1:35678 - "GET /ready HTTP/1.1" 200
2026-09-30 15:10:38 | INFO     | uvicorn.access | 127.0.0.1:56548 - "GET /ready HTTP/1.1" 200
2026-09-30 15:11:08 | INFO     | uvicorn.access | 127.0.0.1:55708 - "GET /ready HTTP/1.1" 200
2026-09-30 15:11:38 | INFO     | uvicorn.access | 127.0.0.1:56328 - "GET /ready HTTP/1.1" 200
2026-09-30 15:12:08 | INFO     | uvicorn.access | 127.0.0.1:49342 - "GET /ready HTTP/1.1" 200
2026-09-30 15:12:38 | INFO     | uvicorn.access | 127.0.0.1:47052 - "GET /ready HTTP/1.1" 200
2026-09-30 15:13:08 | INFO     | uvicorn.access | 127.0.0.1:38628 - "GET /ready HTTP/1.1" 200
2026-09-30 15:13:38 | INFO     | uvicorn.access | 127.0.0.1:34402 - "GET /ready HTTP/1.1" 200
2026-09-30 15:14:08 | INFO     | uvicorn.access | 127.0.0.1:38678 - "GET /ready HTTP/1.1" 200
2026-09-30 15:14:38 | INFO     | uvicorn.access | 127.0.0.1:41882 - "GET /ready HTTP/1.1" 200
2026-09-30 15:15:08 | INFO     | uvicorn.access | 127.0.0.1:42518 - "GET /ready HTTP/1.1" 200
2026-09-30 15:15:38 | INFO     | uvicorn.access | 127.0.0.1:56204 - "GET /ready HTTP/1.1" 200
2026-09-30 15:16:08 | INFO     | uvicorn.access | 127.0.0.1:47884 - "GET /ready HTTP/1.1" 200
2026-09-30 15:16:39 | INFO     | uvicorn.access | 127.0.0.1:35286 - "GET /ready HTTP/1.1" 200
2026-09-30 15:17:09 | INFO     | uvicorn.access | 127.0.0.1:40636 - "GET /ready HTTP/1.1" 200
2026-09-30 15:17:39 | INFO     | uvicorn.access | 127.0.0.1:39386 - "GET /ready HTTP/1.1" 200
2026-09-30 15:18:09 | INFO     | uvicorn.access | 127.0.0.1:43864 - "GET /ready HTTP/1.1" 200
2026-09-30 15:18:39 | INFO     | uvicorn.access | 127.0.0.1:45526 - "GET /ready HTTP/1.1" 200
2026-09-30 15:19:09 | INFO     | uvicorn.access | 127.0.0.1:33546 - "GET /ready HTTP/1.1" 200
2026-09-30 15:19:39 | INFO     | uvicorn.access | 127.0.0.1:44062 - "GET /ready HTTP/1.1" 200
2026-09-30 15:20:09 | INFO     | uvicorn.access | 127.0.0.1:55656 - "GET /ready HTTP/1.1" 200
2026-09-30 15:20:39 | INFO     | uvicorn.access | 127.0.0.1:41706 - "GET /ready HTTP/1.1" 200
2026-09-30 15:21:09 | INFO     | uvicorn.access | 127.0.0.1:51356 - "GET /ready HTTP/1.1" 200
2026-09-30 15:21:39 | INFO     | uvicorn.access | 127.0.0.1:50124 - "GET /ready HTTP/1.1" 200
2026-09-30 15:22:09 | INFO     | uvicorn.access | 127.0.0.1:35286 - "GET /ready HTTP/1.1" 200
2026-09-30 15:22:39 | INFO     | uvicorn.access | 127.0.0.1:34260 - "GET /ready HTTP/1.1" 200
2026-09-30 15:23:09 | INFO     | uvicorn.access | 127.0.0.1:52050 - "GET /ready HTTP/1.1" 200
2026-09-30 15:23:40 | INFO     | uvicorn.access | 127.0.0.1:51868 - "GET /ready HTTP/1.1" 200
2026-09-30 15:24:10 | INFO     | uvicorn.access | 127.0.0.1:33726 - "GET /ready HTTP/1.1" 200
2026-09-30 15:24:40 | INFO     | uvicorn.access | 127.0.0.1:57580 - "GET /ready HTTP/1.1" 200
2026-09-30 15:25:10 | INFO     | uvicorn.access | 127.0.0.1:55782 - "GET /ready HTTP/1.1" 200
2026-09-30 15:25:40 | INFO     | uvicorn.access | 127.0.0.1:58946 - "GET /ready HTTP/1.1" 200
2026-09-30 15:26:10 | INFO     | uvicorn.access | 127.0.0.1:36208 - "GET /ready HTTP/1.1" 200
2026-09-30 15:26:40 | INFO     | uvicorn.access | 127.0.0.1:49790 - "GET /ready HTTP/1.1" 200
2026-09-30 15:27:10 | INFO     | uvicorn.access | 127.0.0.1:46144 - "GET /ready HTTP/1.1" 200
2026-09-30 15:27:40 | INFO     | uvicorn.access | 127.0.0.1:60584 - "GET /ready HTTP/1.1" 200
2026-09-30 15:28:10 | INFO     | uvicorn.access | 127.0.0.1:55408 - "GET /ready HTTP/1.1" 200
2026-09-30 15:28:40 | INFO     | uvicorn.access | 127.0.0.1:48036 - "GET /ready HTTP/1.1" 200
2026-09-30 15:29:10 | INFO     | uvicorn.access | 127.0.0.1:49892 - "GET /ready HTTP/1.1" 200
2026-09-30 15:29:41 | INFO     | uvicorn.access | 127.0.0.1:45778 - "GET /ready HTTP/1.1" 200
2026-09-30 18:29:46 | INFO     | HIDS_API | ============================================================
2026-09-30 18:29:46 | INFO     | HIDS_API | HIDS API starting up...
2026-09-30 18:29:46 | INFO     | HIDS_Database | SQLite engine created: sqlite:///./hids_forensics.db
2026-09-30 18:29:46 | INFO     | HIDS_Database | Database schema verified / created / migrated.
2026-09-30 18:29:46 | INFO     | HIDS_API | Database schema verified.
2026-09-30 18:29:46 | INFO     | HIDS_Dependencies | Loading DetectionEvaluator (first request)...
2026-09-30 18:29:46 | INFO     | HIDS_ModelLoader | Loaded model contains 0 DetectionBlock layers — built from plain Keras layers.
2026-09-30 18:29:46 | INFO     | HIDS_ModelLoader | AI Detection Engine ready — input: (22,) output: (22,)
2026-09-30 18:29:46 | INFO     | HIDS_Evaluator | MinMaxScaler loaded successfully from models/scaler.pkl
2026-09-30 18:29:46 | INFO     | HIDS_Evaluator | Threshold parameters active — τ=0.500000 (μ=0.000000, σ=0.000000)
2026-09-30 18:29:46 | INFO     | HIDS_Dependencies | DetectionEvaluator ready.
2026-09-30 18:29:46 | INFO     | HIDS_API | DetectionEvaluator warmed successfully.
2026-09-30 18:29:46 | INFO     | HIDS_API | HIDS API ready — accepting requests.
2026-09-30 18:29:46 | INFO     | HIDS_API | ============================================================
2026-09-30 15:30:11 | INFO     | uvicorn.access | 127.0.0.1:40270 - "GET /ready HTTP/1.1" 200
2026-09-30 15:30:41 | INFO     | uvicorn.access | 127.0.0.1:32970 - "GET /ready HTTP/1.1" 200
2026-09-30 15:31:11 | INFO     | uvicorn.access | 127.0.0.1:45104 - "GET /ready HTTP/1.1" 200
2026-09-30 15:31:41 | INFO     | uvicorn.access | 127.0.0.1:40206 - "GET /ready HTTP/1.1" 200
2026-09-30 15:32:11 | INFO     | uvicorn.access | 127.0.0.1:49922 - "GET /ready HTTP/1.1" 200
2026-09-30 15:32:42 | INFO     | uvicorn.access | 127.0.0.1:48072 - "GET /ready HTTP/1.1" 200
2026-09-30 15:33:12 | INFO     | uvicorn.access | 127.0.0.1:53820 - "GET /ready HTTP/1.1" 200
2026-09-30 15:33:43 | INFO     | uvicorn.access | 127.0.0.1:37004 - "GET /ready HTTP/1.1" 200
2026-09-30 15:34:01 | INFO     | HIDS_Dependencies | Loading scaler from /app/models/scaler.pkl...
2026-09-30 15:34:02 | INFO     | HIDS_Dependencies | Scaler loaded and verified (22 features).
2026-09-30 15:34:22 | INFO     | HIDS_Detection | [e59868cb-9f9a-4d09-99e7-77163ce492c3] verdict=BENIGN MAE=0.450677 threshold=0.500000 latency=20241.208ms
2026-09-30 15:34:22 | INFO     | HIDS_API | POST /detection/predict status=200 22765.33ms
2026-09-30 15:34:22 | INFO     | uvicorn.access | 127.0.0.1:57370 - "GET /ready HTTP/1.1" 200
2026-09-30 15:34:23 | INFO     | HIDS_Detection | [a3ef4388-9881-4809-9b18-ed5e1e7dab2a] verdict=BENIGN MAE=0.450677 threshold=0.500000 latency=359.584ms
2026-09-30 15:34:23 | INFO     | HIDS_Detection | [46ef675c-adf5-4d38-8800-b30971d44ff5] verdict=BENIGN MAE=0.460115 threshold=0.500000 latency=353.46ms
2026-09-30 15:34:23 | INFO     | HIDS_Detection | [ba8b6d69-dfeb-4b85-b961-e9276685db39] verdict=BENIGN MAE=0.460451 threshold=0.500000 latency=368.069ms
2026-09-30 15:34:23 | INFO     | HIDS_Detection | [9620c6e7-d95b-4dae-946b-31861a339ee5] verdict=BENIGN MAE=0.450677 threshold=0.500000 latency=249.404ms
2026-09-30 15:34:24 | INFO     | HIDS_Detection | [d2075803-7d8d-41fc-86aa-b95f43653d6e] verdict=BENIGN MAE=0.460451 threshold=0.500000 latency=183.662ms
2026-09-30 15:34:24 | INFO     | HIDS_Detection | [0626bc52-cf9a-4b15-80c3-49238c410049] verdict=BENIGN MAE=0.460115 threshold=0.500000 latency=202.905ms
2026-09-30 15:34:24 | INFO     | HIDS_Detection | [187fcae4-a6d2-4320-8a60-04a3cae1ea83] verdict=BENIGN MAE=0.460090 threshold=0.500000 latency=192.647ms
2026-09-30 15:34:24 | INFO     | HIDS_Detection | [08b354f9-fab2-41e9-88a8-970d1df2c69e] verdict=BENIGN MAE=0.460451 threshold=0.500000 latency=194.145ms
2026-09-30 15:34:24 | INFO     | HIDS_Detection | [a8a102f5-2c5f-4c6a-be6c-dc2928bb7cc0] verdict=BENIGN MAE=0.460115 threshold=0.500000 latency=162.655ms
2026-09-30 15:34:24 | INFO     | HIDS_API | POST /detection/predict status=200 2311.40ms
2026-09-30 15:34:24 | INFO     | HIDS_API | POST /detection/predict status=200 2311.69ms
2026-09-30 15:34:24 | INFO     | HIDS_API | POST /detection/predict status=200 2307.61ms
2026-09-30 15:34:24 | INFO     | HIDS_API | POST /detection/predict status=200 2314.14ms
2026-09-30 15:34:24 | INFO     | HIDS_API | POST /detection/predict status=200 2308.30ms
2026-09-30 15:34:24 | INFO     | HIDS_API | POST /detection/predict status=200 2314.46ms
2026-09-30 15:34:24 | INFO     | HIDS_API | POST /detection/predict status=200 2308.57ms
2026-09-30 15:34:24 | INFO     | uvicorn.access | 127.0.0.1:37694 - "POST /detection/predict HTTP/1.1" 200
2026-09-30 15:34:24 | INFO     | HIDS_API | POST /detection/predict status=200 2316.51ms
2026-09-30 15:34:24 | INFO     | HIDS_API | POST /detection/predict status=200 2321.16ms
2026-09-30 15:34:25 | INFO     | HIDS_Detection | [1798240a-b275-4a8d-b008-55d0b403d63a] verdict=BENIGN MAE=0.460090 threshold=0.500000 latency=120.846ms
2026-09-30 15:34:25 | INFO     | HIDS_API | POST /detection/predict status=200 123.07ms
2026-09-30 15:34:25 | INFO     | uvicorn.access | 127.0.0.1:37710 - "POST /detection/predict HTTP/1.1" 200
2026-09-30 15:34:25 | INFO     | HIDS_Detection | [63eb0d37-0440-4db1-9759-3425558fcea1] verdict=BENIGN MAE=0.492398 threshold=0.500000 latency=237.212ms
2026-09-30 15:34:25 | INFO     | HIDS_API | POST /detection/predict status=200 242.57ms
2026-09-30 15:34:25 | INFO     | uvicorn.access | 127.0.0.1:37716 - "POST /detection/predict HTTP/1.1" 200
2026-09-30 15:34:25 | INFO     | HIDS_Detection | [86a91b5b-284a-495c-8e4f-cd15a03287d1] verdict=BENIGN MAE=0.498545 threshold=0.500000 latency=160.223ms
2026-09-30 15:34:25 | INFO     | HIDS_API | POST /detection/predict status=200 165.98ms
2026-09-30 15:34:25 | INFO     | uvicorn.access | 127.0.0.1:37724 - "POST /detection/predict HTTP/1.1" 200
2026-09-30 15:34:25 | INFO     | HIDS_Detection | [0b37cc97-c23f-4d15-8e26-d00586ed1ad2] verdict=BENIGN MAE=0.470808 threshold=0.500000 latency=189.088ms
2026-09-30 15:34:25 | INFO     | HIDS_API | POST /detection/predict status=200 193.81ms
2026-09-30 15:34:25 | INFO     | uvicorn.access | 127.0.0.1:37730 - "POST /detection/predict HTTP/1.1" 200
2026-09-30 15:34:25 | INFO     | HIDS_Detection | [e1299cac-7d41-4f2e-8d46-8bc0cc724d35] verdict=BENIGN MAE=0.439878 threshold=0.500000 latency=159.037ms
2026-09-30 15:34:25 | INFO     | HIDS_API | POST /detection/predict status=200 162.40ms
2026-09-30 15:34:25 | INFO     | uvicorn.access | 127.0.0.1:37740 - "POST /detection/predict HTTP/1.1" 200
2026-09-30 15:34:26 | INFO     | HIDS_Detection | [3facc2cd-cb47-45bb-a37d-d5b93e8171d6] verdict=BENIGN MAE=0.484903 threshold=0.500000 latency=146.673ms
2026-09-30 15:34:26 | INFO     | HIDS_API | POST /detection/predict status=200 150.01ms
2026-09-30 15:34:26 | INFO     | uvicorn.access | 127.0.0.1:37748 - "POST /detection/predict HTTP/1.1" 200
2026-09-30 15:34:26 | INFO     | HIDS_Detection | [7671e63d-b8fb-4bd5-b025-c414745ffe86] verdict=BENIGN MAE=0.496904 threshold=0.500000 latency=123.157ms
2026-09-30 15:34:26 | INFO     | HIDS_API | POST /detection/predict status=200 128.65ms
2026-09-30 15:34:26 | INFO     | uvicorn.access | 127.0.0.1:37750 - "POST /detection/predict HTTP/1.1" 200
2026-09-30 15:34:26 | INFO     | HIDS_Detection | [bf48c282-f5c5-4d48-bab6-09de77b5bba5] verdict=BENIGN MAE=0.449477 threshold=0.500000 latency=118.234ms
2026-09-30 15:34:26 | INFO     | HIDS_API | POST /detection/predict status=200 120.46ms
2026-09-30 15:34:26 | INFO     | uvicorn.access | 127.0.0.1:37766 - "POST /detection/predict HTTP/1.1" 200
2026-09-30 15:34:26 | INFO     | HIDS_Detection | [14fa986d-6a90-4268-839c-65eb6adf18b2] verdict=BENIGN MAE=0.496911 threshold=0.500000 latency=150.137ms
2026-09-30 15:34:26 | INFO     | HIDS_API | POST /detection/predict status=200 152.97ms
2026-09-30 15:34:26 | INFO     | uvicorn.access | 127.0.0.1:37776 - "POST /detection/predict HTTP/1.1" 200
2026-09-30 15:34:31 | INFO     | HIDS_Detection | [96aac2be-dc76-4eda-af5f-0c434551d878] verdict=MALICIOUS MAE=0.508964 threshold=0.500000 latency=148.265ms
2026-09-30 15:34:31 | INFO     | HIDS_API | POST /detection/predict status=200 152.69ms
2026-09-30 15:34:31 | INFO     | uvicorn.access | 127.0.0.1:35070 - "POST /detection/predict HTTP/1.1" 200
2026-09-30 15:34:32 | INFO     | HIDS_Detection | [9113a22d-aaf5-446a-9795-7a20350e6ee5] verdict=BENIGN MAE=0.441584 threshold=0.500000 latency=104.861ms
2026-09-30 15:34:32 | INFO     | HIDS_API | POST /detection/predict status=200 107.04ms
2026-09-30 15:34:32 | INFO     | uvicorn.access | 127.0.0.1:35076 - "POST /detection/predict HTTP/1.1" 200
2026-09-30 15:34:33 | INFO     | HIDS_Detection | [52c0d799-e6b9-4f3c-b9d0-1ad5adf35aa5] verdict=BENIGN MAE=0.494550 threshold=0.500000 latency=122.715ms
2026-09-30 15:34:33 | INFO     | HIDS_API | POST /detection/predict status=200 136.94ms
2026-09-30 15:34:33 | INFO     | uvicorn.access | 127.0.0.1:35078 - "POST /detection/predict HTTP/1.1" 200
2026-09-30 15:34:33 | INFO     | HIDS_Detection | [85e36934-cdeb-45c7-9e18-33e7da6406c0] verdict=BENIGN MAE=0.496419 threshold=0.500000 latency=130.496ms
2026-09-30 15:34:33 | INFO     | HIDS_API | POST /detection/predict status=200 133.93ms
2026-09-30 15:34:33 | INFO     | uvicorn.access | 127.0.0.1:35088 - "POST /detection/predict HTTP/1.1" 200
2026-09-30 15:34:36 | INFO     | HIDS_Detection | [83d4fc1f-ccc8-44ff-8207-795386deaf5b] verdict=BENIGN MAE=0.479936 threshold=0.500000 latency=134.676ms
2026-09-30 15:34:36 | INFO     | HIDS_API | POST /detection/predict status=200 136.88ms
2026-09-30 15:34:36 | INFO     | uvicorn.access | 127.0.0.1:35102 - "POST /detection/predict HTTP/1.1" 200
2026-09-30 15:34:39 | INFO     | HIDS_Detection | [644323f0-2bc3-451a-918a-96676f7da375] verdict=BENIGN MAE=0.498637 threshold=0.500000 latency=139.165ms
2026-09-30 15:34:39 | INFO     | HIDS_API | POST /detection/predict status=200 142.41ms
2026-09-30 15:34:39 | INFO     | uvicorn.access | 127.0.0.1:35116 - "POST /detection/predict HTTP/1.1" 200
2026-09-30 15:34:39 | INFO     | HIDS_Detection | [974d88f1-f305-49da-9422-c3a814159f16] verdict=BENIGN MAE=0.428364 threshold=0.500000 latency=182.538ms
2026-09-30 15:34:39 | INFO     | HIDS_API | POST /detection/predict status=200 185.61ms
2026-09-30 15:34:39 | INFO     | uvicorn.access | 127.0.0.1:35130 - "POST /detection/predict HTTP/1.1" 200
2026-09-30 15:34:41 | INFO     | HIDS_Detection | [d6478419-0451-4252-a25a-40bf1955d89d] verdict=BENIGN MAE=0.499949 threshold=0.500000 latency=184.353ms
2026-09-30 15:34:41 | INFO     | HIDS_API | POST /detection/predict status=200 187.07ms
2026-09-30 15:34:41 | INFO     | uvicorn.access | 127.0.0.1:51242 - "POST /detection/predict HTTP/1.1" 200
2026-09-30 15:34:42 | INFO     | HIDS_Detection | [a7cf178e-0c0d-441d-ac8c-12e5ab741e2f] verdict=BENIGN MAE=0.453613 threshold=0.500000 latency=150.751ms
2026-09-30 15:34:42 | INFO     | HIDS_API | POST /detection/predict status=200 154.44ms
2026-09-30 15:34:42 | INFO     | uvicorn.access | 127.0.0.1:51256 - "POST /detection/predict HTTP/1.1" 200
2026-09-30 15:34:42 | INFO     | HIDS_Detection | [5722bbd7-0677-4601-be4e-5a95e62f8cb0] verdict=BENIGN MAE=0.443834 threshold=0.500000 latency=184.465ms
2026-09-30 15:34:42 | INFO     | HIDS_API | POST /detection/predict status=200 196.53ms
2026-09-30 15:34:42 | INFO     | uvicorn.access | 127.0.0.1:51262 - "POST /detection/predict HTTP/1.1" 200
2026-09-30 15:34:42 | INFO     | HIDS_Detection | [550457e4-2211-4a25-9a6f-4bf3ed7ccf74] verdict=BENIGN MAE=0.470846 threshold=0.500000 latency=158.043ms
2026-09-30 15:34:42 | INFO     | HIDS_API | POST /detection/predict status=200 165.22ms
2026-09-30 15:34:42 | INFO     | uvicorn.access | 127.0.0.1:51274 - "POST /detection/predict HTTP/1.1" 200
2026-09-30 15:34:42 | INFO     | HIDS_Detection | [9137b000-c0a1-410d-b4ad-90c3cc7ba09c] verdict=BENIGN MAE=0.474233 threshold=0.500000 latency=130.419ms
2026-09-30 15:34:42 | INFO     | HIDS_API | POST /detection/predict status=200 134.15ms
2026-09-30 15:34:42 | INFO     | uvicorn.access | 127.0.0.1:51288 - "POST /detection/predict HTTP/1.1" 200
2026-09-30 15:34:43 | INFO     | HIDS_Detection | [a2e54edf-50bd-4573-9c7e-73a2442d5ddb] verdict=BENIGN MAE=0.462086 threshold=0.500000 latency=185.459ms
2026-09-30 15:34:43 | INFO     | HIDS_API | POST /detection/predict status=200 188.19ms
2026-09-30 15:34:43 | INFO     | uvicorn.access | 127.0.0.1:51294 - "POST /detection/predict HTTP/1.1" 200
2026-09-30 15:34:43 | INFO     | HIDS_Detection | [39e23f97-7eb4-4798-a155-48c6a106e570] verdict=BENIGN MAE=0.440516 threshold=0.500000 latency=150.185ms
2026-09-30 15:34:43 | INFO     | HIDS_API | POST /detection/predict status=200 153.13ms
2026-09-30 15:34:43 | INFO     | uvicorn.access | 127.0.0.1:51308 - "POST /detection/predict HTTP/1.1" 200
2026-09-30 15:34:43 | INFO     | HIDS_Detection | [84d1686d-0674-4358-976a-5d9f7118ed7c] verdict=BENIGN MAE=0.436598 threshold=0.500000 latency=171.064ms
2026-09-30 15:34:43 | INFO     | HIDS_API | POST /detection/predict status=200 174.39ms
2026-09-30 15:34:43 | INFO     | uvicorn.access | 127.0.0.1:51316 - "POST /detection/predict HTTP/1.1" 200
2026-09-30 15:34:43 | INFO     | HIDS_Detection | [9509221b-50e2-44eb-bf61-13fd84e62212] verdict=BENIGN MAE=0.423116 threshold=0.500000 latency=191.369ms
2026-09-30 15:34:43 | INFO     | HIDS_API | POST /detection/predict status=200 194.55ms
2026-09-30 15:34:43 | INFO     | uvicorn.access | 127.0.0.1:51322 - "POST /detection/predict HTTP/1.1" 200
2026-09-30 15:34:43 | INFO     | HIDS_Detection | [3347591f-58d0-48cf-920d-a5221078252a] verdict=BENIGN MAE=0.441283 threshold=0.500000 latency=153.141ms
2026-09-30 15:34:43 | INFO     | HIDS_API | POST /detection/predict status=200 155.81ms
2026-09-30 15:34:43 | INFO     | uvicorn.access | 127.0.0.1:51336 - "POST /detection/predict HTTP/1.1" 200
2026-09-30 15:34:44 | INFO     | HIDS_Detection | [4c9cedec-a351-4c34-910d-c0e2d8c8cd7b] verdict=BENIGN MAE=0.467739 threshold=0.500000 latency=172.516ms
2026-09-30 15:34:44 | INFO     | HIDS_API | POST /detection/predict status=200 175.48ms
2026-09-30 15:34:44 | INFO     | uvicorn.access | 127.0.0.1:51346 - "POST /detection/predict HTTP/1.1" 200
2026-09-30 15:34:44 | INFO     | HIDS_Detection | [72a8132a-c8ac-472c-a016-177554d562a1] verdict=BENIGN MAE=0.459833 threshold=0.500000 latency=191.976ms
2026-09-30 15:34:44 | INFO     | HIDS_API | POST /detection/predict status=200 196.60ms
2026-09-30 15:34:44 | INFO     | uvicorn.access | 127.0.0.1:51350 - "POST /detection/predict HTTP/1.1" 200
2026-09-30 15:34:44 | INFO     | HIDS_Detection | [80c7502d-e59f-4e3f-a416-e95de4231e8c] verdict=BENIGN MAE=0.446715 threshold=0.500000 latency=214.207ms
2026-09-30 15:34:44 | INFO     | HIDS_API | POST /detection/predict status=200 217.69ms
2026-09-30 15:34:44 | INFO     | uvicorn.access | 127.0.0.1:51358 - "POST /detection/predict HTTP/1.1" 200
2026-09-30 15:34:45 | INFO     | HIDS_Detection | [9594c8f6-6f23-4b26-a087-1b79097b1580] verdict=BENIGN MAE=0.428164 threshold=0.500000 latency=204.51ms
2026-09-30 15:34:45 | INFO     | HIDS_API | POST /detection/predict status=200 207.60ms
2026-09-30 15:34:45 | INFO     | uvicorn.access | 127.0.0.1:51360 - "POST /detection/predict HTTP/1.1" 200
2026-09-30 15:34:45 | INFO     | HIDS_Detection | [bbdab78c-22e2-4067-aa22-6ed1aff98e79] verdict=BENIGN MAE=0.425407 threshold=0.500000 latency=135.187ms
2026-09-30 15:34:45 | INFO     | HIDS_API | POST /detection/predict status=200 138.28ms
2026-09-30 15:34:45 | INFO     | uvicorn.access | 127.0.0.1:51366 - "POST /detection/predict HTTP/1.1" 200
2026-09-30 15:34:45 | INFO     | HIDS_Detection | [c8a17c38-a38a-4228-9add-fc606f8b5fb3] verdict=BENIGN MAE=0.459536 threshold=0.500000 latency=229.047ms
2026-09-30 15:34:45 | INFO     | HIDS_API | POST /detection/predict status=200 233.24ms
2026-09-30 15:34:45 | INFO     | uvicorn.access | 127.0.0.1:51380 - "POST /detection/predict HTTP/1.1" 200
2026-09-30 15:34:45 | INFO     | HIDS_Detection | [184dbd1e-2fb1-48a7-b27f-4224d8a8dc21] verdict=BENIGN MAE=0.492457 threshold=0.500000 latency=174.936ms
2026-09-30 15:34:45 | INFO     | HIDS_API | POST /detection/predict status=200 180.98ms
2026-09-30 15:34:45 | INFO     | uvicorn.access | 127.0.0.1:51386 - "POST /detection/predict HTTP/1.1" 200
2026-09-30 15:34:45 | INFO     | HIDS_Detection | [e1ef4d44-bfc8-4ae2-b5ef-295efd2ad53f] verdict=BENIGN MAE=0.492300 threshold=0.500000 latency=170.941ms
2026-09-30 15:34:45 | INFO     | HIDS_API | POST /detection/predict status=200 173.69ms
2026-09-30 15:34:45 | INFO     | uvicorn.access | 127.0.0.1:51394 - "POST /detection/predict HTTP/1.1" 200
2026-09-30 15:34:46 | INFO     | HIDS_Detection | [20fe92a4-b919-4b7e-8426-26a543a2a6ed] verdict=BENIGN MAE=0.460116 threshold=0.500000 latency=167.556ms
2026-09-30 15:34:46 | INFO     | HIDS_API | POST /detection/predict status=200 171.97ms
2026-09-30 15:34:46 | INFO     | uvicorn.access | 127.0.0.1:51396 - "POST /detection/predict HTTP/1.1" 200
2026-09-30 15:34:46 | INFO     | HIDS_Detection | [c86f3b9b-5b28-488c-a587-ac8aee16f256] verdict=BENIGN MAE=0.434720 threshold=0.500000 latency=207.592ms
2026-09-30 15:34:46 | INFO     | HIDS_API | POST /detection/predict status=200 213.64ms
2026-09-30 15:34:46 | INFO     | uvicorn.access | 127.0.0.1:51408 - "POST /detection/predict HTTP/1.1" 200
2026-09-30 15:35:15 | INFO     | HIDS_Detection | [314f7281-0a08-486f-87e0-facd0717f190] verdict=BENIGN MAE=0.460117 threshold=0.500000 latency=29493.299ms
2026-09-30 15:35:15 | INFO     | HIDS_API | POST /detection/predict status=200 29498.81ms
2026-09-30 15:35:15 | INFO     | uvicorn.access | 127.0.0.1:51414 - "POST /detection/predict HTTP/1.1" 200
2026-09-30 15:35:15 | INFO     | uvicorn.access | 127.0.0.1:38492 - "GET /ready HTTP/1.1" 200
2026-09-30 15:35:16 | INFO     | HIDS_Detection | [ac9fa059-0423-40c1-88b1-0e5ef9d6e80a] verdict=BENIGN MAE=0.460117 threshold=0.500000 latency=167.801ms
2026-09-30 15:35:16 | INFO     | HIDS_Detection | [57f629fa-a621-4e8c-9fa6-7071f35fa9d1] verdict=BENIGN MAE=0.460117 threshold=0.500000 latency=160.001ms
2026-09-30 15:35:16 | INFO     | HIDS_Detection | [2b60a716-7792-4b3d-8667-a768186f0eb3] verdict=BENIGN MAE=0.494744 threshold=0.500000 latency=155.626ms
2026-09-30 15:35:16 | INFO     | HIDS_Detection | [3f8f7587-fd1e-41d5-ae65-e6fe0caacaf8] verdict=BENIGN MAE=0.474155 threshold=0.500000 latency=162.718ms
2026-09-30 15:35:16 | INFO     | HIDS_Detection | [416cfcb4-fe60-4ee1-85de-425094b702f8] verdict=BENIGN MAE=0.495054 threshold=0.500000 latency=189.067ms
2026-09-30 15:35:17 | INFO     | HIDS_Detection | [35a9e6ed-a5ad-4d0a-b65b-9d2049e3f16e] verdict=BENIGN MAE=0.474155 threshold=0.500000 latency=175.919ms
2026-09-30 15:35:17 | INFO     | HIDS_Detection | [8b17a836-ff73-4f58-8d96-2ff6d9ba23a3] verdict=BENIGN MAE=0.494744 threshold=0.500000 latency=182.875ms
2026-09-30 15:35:17 | INFO     | HIDS_Detection | [b54b6dfe-b4ac-46e0-82d2-45b9db83697c] verdict=BENIGN MAE=0.495054 threshold=0.500000 latency=141.087ms
2026-09-30 15:35:17 | INFO     | HIDS_Detection | [2c046ce5-1013-426e-b0f6-f9b9ac162597] verdict=BENIGN MAE=0.474155 threshold=0.500000 latency=165.247ms
2026-09-30 15:35:17 | INFO     | HIDS_Detection | [f0d37549-2ab2-4863-9793-2c354a5f64e1] verdict=BENIGN MAE=0.495054 threshold=0.500000 latency=151.083ms
2026-09-30 15:35:17 | INFO     | HIDS_Detection | [b3b9f998-3dc2-48b6-b475-4428479e0ba9] verdict=BENIGN MAE=0.494744 threshold=0.500000 latency=164.932ms
2026-09-30 15:35:17 | INFO     | HIDS_API | POST /detection/predict status=200 1863.97ms
2026-09-30 15:35:17 | INFO     | HIDS_API | POST /detection/predict status=200 1864.23ms
2026-09-30 15:35:17 | INFO     | HIDS_API | POST /detection/predict status=200 1860.96ms
2026-09-30 15:35:17 | INFO     | HIDS_API | POST /detection/predict status=200 1859.70ms
2026-09-30 15:35:17 | INFO     | uvicorn.access | 127.0.0.1:48482 - "POST /detection/predict HTTP/1.1" 200
2026-09-30 15:35:17 | INFO     | HIDS_API | POST /detection/predict status=200 1861.23ms
2026-09-30 15:35:17 | INFO     | HIDS_API | POST /detection/predict status=200 1860.83ms
2026-09-30 15:35:17 | INFO     | HIDS_API | POST /detection/predict status=200 1862.16ms
2026-09-30 15:35:17 | INFO     | HIDS_API | POST /detection/predict status=200 1862.29ms
2026-09-30 15:35:17 | INFO     | HIDS_API | POST /detection/predict status=200 1861.88ms
2026-09-30 15:35:17 | INFO     | HIDS_API | POST /detection/predict status=200 1863.37ms
2026-09-30 15:35:17 | INFO     | HIDS_API | POST /detection/predict status=200 1864.46ms
2026-09-30 15:35:17 | INFO     | HIDS_Detection | [b5dab360-4048-46fd-9e1d-89e80bb4ec52] verdict=BENIGN MAE=0.495122 threshold=0.500000 latency=167.49ms
2026-09-30 15:35:17 | INFO     | HIDS_API | POST /detection/predict status=200 172.18ms
2026-09-30 15:35:17 | INFO     | uvicorn.access | 127.0.0.1:48486 - "POST /detection/predict HTTP/1.1" 200
2026-09-30 15:35:18 | INFO     | HIDS_Detection | [0a2dc607-0de8-4a2c-a0cf-e511b9d39691] verdict=BENIGN MAE=0.493591 threshold=0.500000 latency=189.119ms
2026-09-30 15:35:18 | INFO     | HIDS_API | POST /detection/predict status=200 195.45ms
2026-09-30 15:35:18 | INFO     | uvicorn.access | 127.0.0.1:48494 - "POST /detection/predict HTTP/1.1" 200
2026-09-30 15:35:18 | INFO     | HIDS_Detection | [c915c63e-ee30-48d1-ae10-d0dc512e5128] verdict=BENIGN MAE=0.460022 threshold=0.500000 latency=162.143ms
2026-09-30 15:35:18 | INFO     | HIDS_API | POST /detection/predict status=200 165.29ms
2026-09-30 15:35:18 | INFO     | uvicorn.access | 127.0.0.1:48508 - "POST /detection/predict HTTP/1.1" 200
2026-09-30 15:35:18 | INFO     | HIDS_Detection | [c13493dc-11bd-456d-8f8d-3db41f42e61e] verdict=MALICIOUS MAE=0.508120 threshold=0.500000 latency=143.971ms
2026-09-30 15:35:18 | INFO     | HIDS_API | POST /detection/predict status=200 150.04ms
2026-09-30 15:35:18 | INFO     | uvicorn.access | 127.0.0.1:48524 - "POST /detection/predict HTTP/1.1" 200
2026-09-30 15:35:18 | INFO     | HIDS_Detection | [48604cd7-79d1-4618-922f-c4d6cd592e90] verdict=MALICIOUS MAE=0.508155 threshold=0.500000 latency=169.621ms
2026-09-30 15:35:18 | INFO     | HIDS_API | POST /detection/predict status=200 177.44ms
2026-09-30 15:35:18 | INFO     | uvicorn.access | 127.0.0.1:48526 - "POST /detection/predict HTTP/1.1" 200
2026-09-30 15:35:19 | INFO     | HIDS_Detection | [f1e8edb5-472a-4f6a-980e-579847d51f42] verdict=BENIGN MAE=0.445868 threshold=0.500000 latency=172.593ms
2026-09-30 15:35:19 | INFO     | HIDS_API | POST /detection/predict status=200 199.56ms
2026-09-30 15:35:19 | INFO     | uvicorn.access | 127.0.0.1:48538 - "POST /detection/predict HTTP/1.1" 200
2026-09-30 15:35:19 | INFO     | HIDS_Detection | [1f950005-0a5f-4c4b-9292-7008e467d9c8] verdict=BENIGN MAE=0.446721 threshold=0.500000 latency=174.77ms
2026-09-30 15:35:19 | INFO     | HIDS_API | POST /detection/predict status=200 177.93ms
2026-09-30 15:35:19 | INFO     | uvicorn.access | 127.0.0.1:48540 - "POST /detection/predict HTTP/1.1" 200
2026-09-30 15:35:19 | INFO     | HIDS_Detection | [f2e51d7c-d3e8-4869-92a3-d973edcdacf6] verdict=MALICIOUS MAE=0.505731 threshold=0.500000 latency=145.376ms
2026-09-30 15:35:19 | INFO     | HIDS_API | POST /detection/predict status=200 148.77ms
2026-09-30 15:35:19 | INFO     | uvicorn.access | 127.0.0.1:48556 - "POST /detection/predict HTTP/1.1" 200
2026-09-30 15:35:19 | INFO     | HIDS_Detection | [9aba6fb0-b4ee-4c6a-a795-0f134b98e3f8] verdict=BENIGN MAE=0.460026 threshold=0.500000 latency=169.104ms
2026-09-30 15:35:19 | INFO     | HIDS_API | POST /detection/predict status=200 173.23ms
2026-09-30 15:35:19 | INFO     | uvicorn.access | 127.0.0.1:48562 - "POST /detection/predict HTTP/1.1" 200
2026-09-30 15:35:19 | INFO     | HIDS_Detection | [f9aa2f31-a7f2-4bac-86fa-803a941b9c17] verdict=BENIGN MAE=0.492646 threshold=0.500000 latency=140.278ms
2026-09-30 15:35:19 | INFO     | HIDS_API | POST /detection/predict status=200 143.49ms
2026-09-30 15:35:19 | INFO     | uvicorn.access | 127.0.0.1:48574 - "POST /detection/predict HTTP/1.1" 200
2026-09-30 15:35:20 | INFO     | HIDS_Detection | [79bcc510-ce55-4bea-bc8c-b86ce905c36f] verdict=BENIGN MAE=0.437248 threshold=0.500000 latency=178.771ms
2026-09-30 15:35:20 | INFO     | HIDS_API | POST /detection/predict status=200 182.95ms
2026-09-30 15:35:20 | INFO     | uvicorn.access | 127.0.0.1:48582 - "POST /detection/predict HTTP/1.1" 200
2026-09-30 15:35:20 | INFO     | HIDS_Detection | [58d2a84f-567f-4fe9-84bb-15f688f24a36] verdict=BENIGN MAE=0.497297 threshold=0.500000 latency=148.738ms
2026-09-30 15:35:20 | INFO     | HIDS_API | POST /detection/predict status=200 152.15ms
2026-09-30 15:35:20 | INFO     | uvicorn.access | 127.0.0.1:48584 - "POST /detection/predict HTTP/1.1" 200
2026-09-30 15:35:20 | INFO     | HIDS_Detection | [69f2b9d9-b907-4c8b-817b-3a33237d5b71] verdict=BENIGN MAE=0.440679 threshold=0.500000 latency=166.305ms
2026-09-30 15:35:20 | INFO     | HIDS_API | POST /detection/predict status=200 171.41ms
2026-09-30 15:35:20 | INFO     | uvicorn.access | 127.0.0.1:48598 - "POST /detection/predict HTTP/1.1" 200
2026-09-30 15:35:20 | INFO     | HIDS_Detection | [a84c6e0e-d6d7-4cfd-a89d-d2fe4aa03d91] verdict=BENIGN MAE=0.467852 threshold=0.500000 latency=140.084ms
2026-09-30 15:35:20 | INFO     | HIDS_API | POST /detection/predict status=200 143.07ms
2026-09-30 15:35:20 | INFO     | uvicorn.access | 127.0.0.1:48610 - "POST /detection/predict HTTP/1.1" 200
2026-09-30 15:35:20 | INFO     | HIDS_Detection | [c64e34a3-37a2-4ae4-abaa-be815a884c11] verdict=BENIGN MAE=0.436579 threshold=0.500000 latency=159.153ms
2026-09-30 15:35:20 | INFO     | HIDS_API | POST /detection/predict status=200 162.36ms
2026-09-30 15:35:20 | INFO     | uvicorn.access | 127.0.0.1:48614 - "POST /detection/predict HTTP/1.1" 200
2026-09-30 15:35:20 | INFO     | HIDS_Detection | [ed562fae-a4b6-41ba-879a-b5f93a6ecf48] verdict=BENIGN MAE=0.439729 threshold=0.500000 latency=175.284ms
2026-09-30 15:35:20 | INFO     | HIDS_API | POST /detection/predict status=200 179.01ms
2026-09-30 15:35:20 | INFO     | uvicorn.access | 127.0.0.1:48628 - "POST /detection/predict HTTP/1.1" 200
2026-09-30 15:35:21 | INFO     | HIDS_Detection | [8750b171-fadd-4cd9-81c3-96f770087c63] verdict=BENIGN MAE=0.480608 threshold=0.500000 latency=167.801ms
2026-09-30 15:35:21 | INFO     | HIDS_API | POST /detection/predict status=200 170.64ms
2026-09-30 15:35:21 | INFO     | uvicorn.access | 127.0.0.1:48630 - "POST /detection/predict HTTP/1.1" 200
2026-09-30 15:35:21 | INFO     | HIDS_Detection | [a2a0bf3d-04de-4c81-992a-3667221a24ad] verdict=BENIGN MAE=0.437212 threshold=0.500000 latency=136.042ms
2026-09-30 15:35:21 | INFO     | HIDS_API | POST /detection/predict status=200 139.09ms
2026-09-30 15:35:21 | INFO     | uvicorn.access | 127.0.0.1:48634 - "POST /detection/predict HTTP/1.1" 200
2026-09-30 15:35:21 | INFO     | HIDS_Detection | [0cd592be-668b-4473-b4a8-add888da24ec] verdict=BENIGN MAE=0.442554 threshold=0.500000 latency=174.553ms
2026-09-30 15:35:21 | INFO     | HIDS_API | POST /detection/predict status=200 178.51ms
2026-09-30 15:35:21 | INFO     | uvicorn.access | 127.0.0.1:48644 - "POST /detection/predict HTTP/1.1" 200
2026-09-30 15:35:21 | INFO     | HIDS_Detection | [792d57ad-c9c5-4055-8799-b430ed90ea16] verdict=BENIGN MAE=0.409175 threshold=0.500000 latency=163.549ms
2026-09-30 15:35:21 | INFO     | HIDS_API | POST /detection/predict status=200 166.62ms
2026-09-30 15:35:21 | INFO     | uvicorn.access | 127.0.0.1:48656 - "POST /detection/predict HTTP/1.1" 200
2026-09-30 15:35:21 | INFO     | HIDS_Detection | [31ad4498-30c6-481b-a6a2-321baa48e0cb] verdict=BENIGN MAE=0.437734 threshold=0.500000 latency=135.99ms
2026-09-30 15:35:21 | INFO     | HIDS_API | POST /detection/predict status=200 145.26ms
2026-09-30 15:35:21 | INFO     | uvicorn.access | 127.0.0.1:52572 - "POST /detection/predict HTTP/1.1" 200
2026-09-30 15:35:21 | INFO     | HIDS_Detection | [2f3ac450-3760-4110-a739-0ceb362172aa] verdict=BENIGN MAE=0.442678 threshold=0.500000 latency=161.703ms
2026-09-30 15:35:22 | INFO     | HIDS_API | POST /detection/predict status=200 175.12ms
2026-09-30 15:35:22 | INFO     | uvicorn.access | 127.0.0.1:52576 - "POST /detection/predict HTTP/1.1" 200
2026-09-30 15:35:22 | INFO     | HIDS_Detection | [1a99aac1-0094-4ad1-a634-c07ad602417c] verdict=MALICIOUS MAE=0.502443 threshold=0.500000 latency=146.875ms
2026-09-30 15:35:22 | INFO     | HIDS_API | POST /detection/predict status=200 149.67ms
2026-09-30 15:35:22 | INFO     | uvicorn.access | 127.0.0.1:52588 - "POST /detection/predict HTTP/1.1" 200
2026-09-30 15:35:22 | INFO     | HIDS_Detection | [fe1be668-1037-48e0-b004-e7252805ee50] verdict=MALICIOUS MAE=0.504313 threshold=0.500000 latency=179.564ms
2026-09-30 15:35:22 | INFO     | HIDS_API | POST /detection/predict status=200 182.52ms
2026-09-30 15:35:22 | INFO     | uvicorn.access | 127.0.0.1:52600 - "POST /detection/predict HTTP/1.1" 200
2026-09-30 15:35:22 | INFO     | HIDS_Detection | [0acc7181-01ea-48e8-b93a-d7817ea7a176] verdict=BENIGN MAE=0.460082 threshold=0.500000 latency=164.687ms
2026-09-30 15:35:22 | INFO     | HIDS_API | POST /detection/predict status=200 169.94ms
2026-09-30 15:35:22 | INFO     | uvicorn.access | 127.0.0.1:52610 - "POST /detection/predict HTTP/1.1" 200
2026-09-30 15:35:22 | INFO     | HIDS_Detection | [8678e625-395f-4d92-bd19-c78cc800d61b] verdict=BENIGN MAE=0.436675 threshold=0.500000 latency=172.947ms
2026-09-30 15:35:22 | INFO     | HIDS_API | POST /detection/predict status=200 178.25ms
2026-09-30 15:35:22 | INFO     | uvicorn.access | 127.0.0.1:52620 - "POST /detection/predict HTTP/1.1" 200
2026-09-30 15:35:23 | INFO     | HIDS_Detection | [e5c33522-dcb0-4070-b415-bdfef1f37565] verdict=BENIGN MAE=0.467892 threshold=0.500000 latency=172.715ms
2026-09-30 15:35:23 | INFO     | HIDS_API | POST /detection/predict status=200 177.01ms
2026-09-30 15:35:23 | INFO     | uvicorn.access | 127.0.0.1:52636 - "POST /detection/predict HTTP/1.1" 200
2026-09-30 15:35:23 | INFO     | HIDS_Detection | [69aceb3e-ac68-4698-9136-8c2781bbe56c] verdict=BENIGN MAE=0.435440 threshold=0.500000 latency=196.812ms
2026-09-30 15:35:23 | INFO     | HIDS_API | POST /detection/predict status=200 201.67ms
2026-09-30 15:35:23 | INFO     | uvicorn.access | 127.0.0.1:52646 - "POST /detection/predict HTTP/1.1" 200
2026-09-30 15:35:23 | INFO     | HIDS_Detection | [f229b754-0327-4a3b-ab22-8038697c5332] verdict=BENIGN MAE=0.493115 threshold=0.500000 latency=148.709ms
2026-09-30 15:35:23 | INFO     | HIDS_API | POST /detection/predict status=200 151.89ms
2026-09-30 15:35:23 | INFO     | uvicorn.access | 127.0.0.1:52648 - "POST /detection/predict HTTP/1.1" 200
2026-09-30 15:35:23 | INFO     | HIDS_Detection | [15415709-50f9-43b7-9dcd-53191c0b5736] verdict=BENIGN MAE=0.440726 threshold=0.500000 latency=175.618ms
2026-09-30 15:35:23 | INFO     | HIDS_API | POST /detection/predict status=200 178.41ms
2026-09-30 15:35:23 | INFO     | uvicorn.access | 127.0.0.1:52662 - "POST /detection/predict HTTP/1.1" 200
2026-09-30 15:35:23 | INFO     | HIDS_Detection | [6d83271a-2c45-4013-812e-2840d1a35c19] verdict=BENIGN MAE=0.434048 threshold=0.500000 latency=176.593ms
2026-09-30 15:35:23 | INFO     | HIDS_API | POST /detection/predict status=200 179.51ms
2026-09-30 15:35:23 | INFO     | uvicorn.access | 127.0.0.1:52672 - "POST /detection/predict HTTP/1.1" 200
2026-09-30 15:35:24 | INFO     | HIDS_Detection | [a4ed7f3a-3e04-4b47-b389-8b1c49923003] verdict=BENIGN MAE=0.430209 threshold=0.500000 latency=145.078ms
2026-09-30 15:35:24 | INFO     | HIDS_API | POST /detection/predict status=200 147.98ms
2026-09-30 15:35:24 | INFO     | uvicorn.access | 127.0.0.1:52680 - "POST /detection/predict HTTP/1.1" 200
2026-09-30 15:35:24 | INFO     | HIDS_Detection | [1f496b8b-ef70-4acc-9335-c3790bfe8cb9] verdict=BENIGN MAE=0.469191 threshold=0.500000 latency=138.986ms
2026-09-30 15:35:24 | INFO     | HIDS_API | POST /detection/predict status=200 142.01ms
2026-09-30 15:35:24 | INFO     | uvicorn.access | 127.0.0.1:52682 - "POST /detection/predict HTTP/1.1" 200
2026-09-30 15:35:24 | INFO     | HIDS_Detection | [a1b9857e-45aa-4776-941a-514ef0d3d46f] verdict=BENIGN MAE=0.440905 threshold=0.500000 latency=147.773ms
2026-09-30 15:35:24 | INFO     | HIDS_API | POST /detection/predict status=200 167.09ms
2026-09-30 15:35:24 | INFO     | uvicorn.access | 127.0.0.1:52684 - "POST /detection/predict HTTP/1.1" 200
2026-09-30 15:35:24 | INFO     | HIDS_Detection | [a9ae57be-55e4-4388-82d1-0fd892236fb7] verdict=MALICIOUS MAE=0.507096 threshold=0.500000 latency=145.524ms
2026-09-30 15:35:24 | INFO     | HIDS_API | POST /detection/predict status=200 148.34ms
2026-09-30 15:35:24 | INFO     | uvicorn.access | 127.0.0.1:52694 - "POST /detection/predict HTTP/1.1" 200
2026-09-30 15:35:24 | INFO     | HIDS_Detection | [307996e1-46d0-4e72-8b53-f4c664f34454] verdict=BENIGN MAE=0.487548 threshold=0.500000 latency=169.821ms
2026-09-30 15:35:24 | INFO     | HIDS_API | POST /detection/predict status=200 172.83ms
2026-09-30 15:35:24 | INFO     | uvicorn.access | 127.0.0.1:52706 - "POST /detection/predict HTTP/1.1" 200
2026-09-30 15:35:24 | INFO     | HIDS_Detection | [33737c6e-8c3d-4f0a-89f8-ea4e5c7c024e] verdict=BENIGN MAE=0.481289 threshold=0.500000 latency=147.132ms
2026-09-30 15:35:24 | INFO     | HIDS_API | POST /detection/predict status=200 150.33ms
2026-09-30 15:35:24 | INFO     | uvicorn.access | 127.0.0.1:52716 - "POST /detection/predict HTTP/1.1" 200
2026-09-30 15:35:25 | INFO     | HIDS_Detection | [892fff1a-c448-46fe-954e-95dc925a275c] verdict=BENIGN MAE=0.487793 threshold=0.500000 latency=167.717ms
2026-09-30 15:35:25 | INFO     | HIDS_API | POST /detection/predict status=200 170.65ms
2026-09-30 15:35:25 | INFO     | uvicorn.access | 127.0.0.1:52730 - "POST /detection/predict HTTP/1.1" 200
2026-09-30 15:35:25 | INFO     | HIDS_Detection | [28d30a16-4a36-486b-8920-182409dd785a] verdict=BENIGN MAE=0.436249 threshold=0.500000 latency=166.693ms
2026-09-30 15:35:25 | INFO     | HIDS_API | POST /detection/predict status=200 170.75ms
2026-09-30 15:35:25 | INFO     | uvicorn.access | 127.0.0.1:52732 - "POST /detection/predict HTTP/1.1" 200
2026-09-30 15:35:25 | INFO     | HIDS_Detection | [78f6c612-825c-403e-840e-612ab7423c37] verdict=BENIGN MAE=0.469978 threshold=0.500000 latency=168.08ms
2026-09-30 15:35:25 | INFO     | HIDS_API | POST /detection/predict status=200 171.48ms
2026-09-30 15:35:25 | INFO     | uvicorn.access | 127.0.0.1:52738 - "POST /detection/predict HTTP/1.1" 200
2026-09-30 15:35:25 | INFO     | HIDS_Detection | [3b38ae1e-ad40-489f-b43f-86c2253ef208] verdict=BENIGN MAE=0.437767 threshold=0.500000 latency=152.314ms
2026-09-30 15:35:25 | INFO     | HIDS_API | POST /detection/predict status=200 156.54ms
2026-09-30 15:35:25 | INFO     | uvicorn.access | 127.0.0.1:52748 - "POST /detection/predict HTTP/1.1" 200
2026-09-30 15:35:25 | INFO     | HIDS_Detection | [ace03b09-91be-4aed-8fa7-a6a6eb8e17ca] verdict=MALICIOUS MAE=0.501658 threshold=0.500000 latency=173.51ms
2026-09-30 15:35:25 | INFO     | HIDS_API | POST /detection/predict status=200 181.20ms
2026-09-30 15:35:25 | INFO     | uvicorn.access | 127.0.0.1:52754 - "POST /detection/predict HTTP/1.1" 200
2026-09-30 15:35:26 | INFO     | HIDS_Detection | [bcef24a9-f40f-45ed-b1e6-dfdd6a18778e] verdict=BENIGN MAE=0.489516 threshold=0.500000 latency=182.991ms
2026-09-30 15:35:26 | INFO     | HIDS_API | POST /detection/predict status=200 188.94ms
2026-09-30 15:35:26 | INFO     | uvicorn.access | 127.0.0.1:52764 - "POST /detection/predict HTTP/1.1" 200
2026-09-30 15:35:26 | INFO     | HIDS_Detection | [fb4a535f-cac4-4070-b440-be6dcd10f249] verdict=MALICIOUS MAE=0.501350 threshold=0.500000 latency=174.334ms
2026-09-30 15:35:26 | INFO     | HIDS_API | POST /detection/predict status=200 179.74ms
2026-09-30 15:35:26 | INFO     | uvicorn.access | 127.0.0.1:52768 - "POST /detection/predict HTTP/1.1" 200
2026-09-30 15:35:26 | INFO     | HIDS_Detection | [e807afb5-7187-4474-b5b5-5501f3a41c20] verdict=BENIGN MAE=0.490606 threshold=0.500000 latency=156.914ms
2026-09-30 15:35:26 | INFO     | HIDS_API | POST /detection/predict status=200 159.67ms
2026-09-30 15:35:26 | INFO     | uvicorn.access | 127.0.0.1:52774 - "POST /detection/predict HTTP/1.1" 200
2026-09-30 15:35:26 | INFO     | HIDS_Detection | [d4bb0bea-dc17-4759-87b9-2e85da757d95] verdict=BENIGN MAE=0.475932 threshold=0.500000 latency=170.66ms
2026-09-30 15:35:26 | INFO     | HIDS_API | POST /detection/predict status=200 175.43ms
2026-09-30 15:35:26 | INFO     | uvicorn.access | 127.0.0.1:52776 - "POST /detection/predict HTTP/1.1" 200
2026-09-30 15:35:27 | INFO     | HIDS_Detection | [f48a63d8-3167-44a5-bf06-a90a7649c88f] verdict=BENIGN MAE=0.458366 threshold=0.500000 latency=175.33ms
2026-09-30 15:35:27 | INFO     | HIDS_API | POST /detection/predict status=200 178.31ms
2026-09-30 15:35:27 | INFO     | uvicorn.access | 127.0.0.1:52782 - "POST /detection/predict HTTP/1.1" 200
2026-09-30 15:35:27 | INFO     | HIDS_Detection | [e0e755f0-551b-4b1d-814d-b74a061d4c28] verdict=BENIGN MAE=0.482304 threshold=0.500000 latency=177.929ms
2026-09-30 15:35:27 | INFO     | HIDS_API | POST /detection/predict status=200 182.44ms
2026-09-30 15:35:27 | INFO     | uvicorn.access | 127.0.0.1:52788 - "POST /detection/predict HTTP/1.1" 200
2026-09-30 15:35:27 | INFO     | HIDS_Detection | [36b76bb9-e1b7-4603-8210-c417c87ce212] verdict=BENIGN MAE=0.436058 threshold=0.500000 latency=180.017ms
2026-09-30 15:35:27 | INFO     | HIDS_API | POST /detection/predict status=200 183.15ms
2026-09-30 15:35:27 | INFO     | uvicorn.access | 127.0.0.1:52790 - "POST /detection/predict HTTP/1.1" 200
2026-09-30 15:35:27 | INFO     | HIDS_Detection | [7e499ad7-a524-4e3c-b51d-cd1b682b077b] verdict=BENIGN MAE=0.438087 threshold=0.500000 latency=166.436ms
2026-09-30 15:35:27 | INFO     | HIDS_API | POST /detection/predict status=200 169.70ms
2026-09-30 15:35:27 | INFO     | uvicorn.access | 127.0.0.1:52804 - "POST /detection/predict HTTP/1.1" 200
2026-09-30 15:35:27 | INFO     | HIDS_Detection | [7d1f3d9d-d138-4f53-9b6c-78345616b90e] verdict=BENIGN MAE=0.486701 threshold=0.500000 latency=148.75ms
2026-09-30 15:35:27 | INFO     | HIDS_API | POST /detection/predict status=200 151.92ms
2026-09-30 15:35:27 | INFO     | uvicorn.access | 127.0.0.1:52810 - "POST /detection/predict HTTP/1.1" 200
2026-09-30 15:35:27 | INFO     | HIDS_Detection | [aaa81097-cabd-4f73-a083-ea9a37708b0c] verdict=BENIGN MAE=0.492739 threshold=0.500000 latency=171.154ms
2026-09-30 15:35:27 | INFO     | HIDS_API | POST /detection/predict status=200 176.21ms
2026-09-30 15:35:27 | INFO     | uvicorn.access | 127.0.0.1:52816 - "POST /detection/predict HTTP/1.1" 200
2026-09-30 15:35:28 | INFO     | HIDS_Detection | [354411ce-ad9a-45d7-82ec-577421fe6607] verdict=BENIGN MAE=0.490266 threshold=0.500000 latency=156.638ms
2026-09-30 15:35:28 | INFO     | HIDS_API | POST /detection/predict status=200 160.88ms
2026-09-30 15:35:28 | INFO     | uvicorn.access | 127.0.0.1:52824 - "POST /detection/predict HTTP/1.1" 200
2026-09-30 15:35:28 | INFO     | HIDS_Detection | [2d8106de-d86d-45c3-8415-047955044b8e] verdict=BENIGN MAE=0.437942 threshold=0.500000 latency=163.797ms
2026-09-30 15:35:28 | INFO     | HIDS_API | POST /detection/predict status=200 166.92ms
2026-09-30 15:35:28 | INFO     | uvicorn.access | 127.0.0.1:52838 - "POST /detection/predict HTTP/1.1" 200
2026-09-30 15:35:28 | INFO     | HIDS_Detection | [b65a90e0-588f-4b13-9a72-e4522c7019ee] verdict=BENIGN MAE=0.436341 threshold=0.500000 latency=174.299ms
2026-09-30 15:35:28 | INFO     | HIDS_API | POST /detection/predict status=200 177.39ms
2026-09-30 15:35:28 | INFO     | uvicorn.access | 127.0.0.1:52844 - "POST /detection/predict HTTP/1.1" 200
2026-09-30 15:35:28 | INFO     | HIDS_Detection | [8fb66f65-8005-4302-b740-74c3ec7750db] verdict=BENIGN MAE=0.494701 threshold=0.500000 latency=155.045ms
2026-09-30 15:35:28 | INFO     | HIDS_API | POST /detection/predict status=200 189.85ms
2026-09-30 15:35:28 | INFO     | uvicorn.access | 127.0.0.1:52850 - "POST /detection/predict HTTP/1.1" 200
2026-09-30 15:35:29 | INFO     | HIDS_Detection | [5db781f5-7562-408e-81a5-6da2f5a15896] verdict=BENIGN MAE=0.433596 threshold=0.500000 latency=184.273ms
2026-09-30 15:35:29 | INFO     | HIDS_API | POST /detection/predict status=200 201.42ms
2026-09-30 15:35:29 | INFO     | uvicorn.access | 127.0.0.1:52852 - "POST /detection/predict HTTP/1.1" 200
2026-09-30 15:35:29 | INFO     | HIDS_Detection | [255e358d-48f7-4fed-b4a8-4d53836cbca0] verdict=BENIGN MAE=0.427232 threshold=0.500000 latency=173.314ms
2026-09-30 15:35:29 | INFO     | HIDS_API | POST /detection/predict status=200 176.95ms
2026-09-30 15:35:29 | INFO     | uvicorn.access | 127.0.0.1:52858 - "POST /detection/predict HTTP/1.1" 200
2026-09-30 15:35:29 | INFO     | HIDS_Detection | [7f5a9eb3-5b89-4af7-8235-87edbcf5ad6b] verdict=BENIGN MAE=0.436577 threshold=0.500000 latency=152.669ms
2026-09-30 15:35:29 | INFO     | HIDS_API | POST /detection/predict status=200 157.47ms
2026-09-30 15:35:29 | INFO     | uvicorn.access | 127.0.0.1:52866 - "POST /detection/predict HTTP/1.1" 200
2026-09-30 15:35:29 | INFO     | HIDS_Detection | [ef9be412-2ca8-4b73-a283-5f420cd18d89] verdict=BENIGN MAE=0.460091 threshold=0.500000 latency=174.08ms
2026-09-30 15:35:29 | INFO     | HIDS_API | POST /detection/predict status=200 180.21ms
2026-09-30 15:35:29 | INFO     | uvicorn.access | 127.0.0.1:52878 - "POST /detection/predict HTTP/1.1" 200
2026-09-30 15:35:29 | INFO     | HIDS_Detection | [68baf761-85be-4b71-9243-91412793b847] verdict=BENIGN MAE=0.434399 threshold=0.500000 latency=182.405ms
2026-09-30 15:35:29 | INFO     | HIDS_API | POST /detection/predict status=200 188.18ms
2026-09-30 15:35:29 | INFO     | uvicorn.access | 127.0.0.1:52880 - "POST /detection/predict HTTP/1.1" 200
2026-09-30 15:35:30 | INFO     | HIDS_Detection | [54938730-f242-42b3-9bd0-288a3bee5798] verdict=BENIGN MAE=0.492563 threshold=0.500000 latency=178.127ms
2026-09-30 15:35:30 | INFO     | HIDS_API | POST /detection/predict status=200 180.96ms
2026-09-30 15:35:30 | INFO     | uvicorn.access | 127.0.0.1:52892 - "POST /detection/predict HTTP/1.1" 200
2026-09-30 15:35:30 | INFO     | HIDS_Detection | [0a6430e5-381a-4c15-af42-667c4dbcc55f] verdict=MALICIOUS MAE=0.500120 threshold=0.500000 latency=171.594ms
2026-09-30 15:35:30 | INFO     | HIDS_API | POST /detection/predict status=200 180.68ms
2026-09-30 15:35:30 | INFO     | uvicorn.access | 127.0.0.1:52896 - "POST /detection/predict HTTP/1.1" 200
2026-09-30 15:35:30 | INFO     | HIDS_Detection | [036f527c-9819-4617-84c0-a14499e6ccdd] verdict=BENIGN MAE=0.429774 threshold=0.500000 latency=214.22ms
2026-09-30 15:35:30 | INFO     | HIDS_API | POST /detection/predict status=200 218.86ms
2026-09-30 15:35:30 | INFO     | uvicorn.access | 127.0.0.1:52912 - "POST /detection/predict HTTP/1.1" 200
2026-09-30 15:35:30 | INFO     | HIDS_Detection | [d7de7c6e-bcb4-4e10-bcf2-ae85b5b7b0df] verdict=BENIGN MAE=0.486928 threshold=0.500000 latency=174.881ms
2026-09-30 15:35:30 | INFO     | HIDS_API | POST /detection/predict status=200 178.57ms
2026-09-30 15:35:30 | INFO     | uvicorn.access | 127.0.0.1:52922 - "POST /detection/predict HTTP/1.1" 200
2026-09-30 15:35:30 | INFO     | HIDS_Detection | [82210578-7539-4961-b96c-684af009ea03] verdict=BENIGN MAE=0.467873 threshold=0.500000 latency=166.859ms
2026-09-30 15:35:30 | INFO     | HIDS_API | POST /detection/predict status=200 169.81ms
2026-09-30 15:35:30 | INFO     | uvicorn.access | 127.0.0.1:52928 - "POST /detection/predict HTTP/1.1" 200
2026-09-30 15:35:31 | INFO     | HIDS_Detection | [dbdc90fe-0209-452e-b8fd-04787c9936a9] verdict=BENIGN MAE=0.434694 threshold=0.500000 latency=251.135ms
2026-09-30 15:35:31 | INFO     | HIDS_API | POST /detection/predict status=200 254.78ms
2026-09-30 15:35:31 | INFO     | uvicorn.access | 127.0.0.1:52940 - "POST /detection/predict HTTP/1.1" 200
2026-09-30 15:35:31 | INFO     | HIDS_Detection | [bbdd4543-20c5-4dbd-b4f8-e964b27f10a3] verdict=BENIGN MAE=0.499561 threshold=0.500000 latency=176.239ms
2026-09-30 15:35:31 | INFO     | HIDS_API | POST /detection/predict status=200 180.00ms
2026-09-30 15:35:31 | INFO     | uvicorn.access | 127.0.0.1:52948 - "POST /detection/predict HTTP/1.1" 200
2026-09-30 15:35:31 | INFO     | HIDS_Detection | [0d8da54d-eddd-4b72-a1f4-dc1e427e8a44] verdict=MALICIOUS MAE=0.501405 threshold=0.500000 latency=169.484ms
2026-09-30 15:35:31 | INFO     | HIDS_API | POST /detection/predict status=200 172.49ms
2026-09-30 15:35:31 | INFO     | uvicorn.access | 127.0.0.1:52958 - "POST /detection/predict HTTP/1.1" 200
2026-09-30 15:35:31 | INFO     | HIDS_Detection | [077cceb9-3c5b-4ce9-a38c-68b7d0b87ceb] verdict=BENIGN MAE=0.488277 threshold=0.500000 latency=190.829ms
2026-09-30 15:35:31 | INFO     | HIDS_API | POST /detection/predict status=200 193.85ms
2026-09-30 15:35:31 | INFO     | uvicorn.access | 127.0.0.1:42226 - "POST /detection/predict HTTP/1.1" 200
2026-09-30 15:35:32 | INFO     | HIDS_Detection | [07a9885a-661b-4b9c-b4a9-377ff0f4ccef] verdict=BENIGN MAE=0.469481 threshold=0.500000 latency=171.128ms
2026-09-30 15:35:32 | INFO     | HIDS_API | POST /detection/predict status=200 174.02ms
2026-09-30 15:35:32 | INFO     | uvicorn.access | 127.0.0.1:42228 - "POST /detection/predict HTTP/1.1" 200
2026-09-30 15:35:32 | INFO     | HIDS_Detection | [7ffbc906-788a-47db-aeee-8cd1c73e805c] verdict=MALICIOUS MAE=0.510033 threshold=0.500000 latency=152.607ms
2026-09-30 15:35:32 | INFO     | HIDS_API | POST /detection/predict status=200 156.17ms
2026-09-30 15:35:32 | INFO     | uvicorn.access | 127.0.0.1:42240 - "POST /detection/predict HTTP/1.1" 200
2026-09-30 15:35:32 | INFO     | HIDS_Detection | [7a3678fb-10d4-486f-95de-27659af84e76] verdict=MALICIOUS MAE=0.508478 threshold=0.500000 latency=159.656ms
2026-09-30 15:35:32 | INFO     | HIDS_API | POST /detection/predict status=200 162.65ms
2026-09-30 15:35:32 | INFO     | uvicorn.access | 127.0.0.1:42250 - "POST /detection/predict HTTP/1.1" 200
2026-09-30 15:35:35 | INFO     | uvicorn.access | 127.0.0.1:42252 - "GET /ready HTTP/1.1" 200
2026-09-30 15:35:38 | INFO     | HIDS_Detection | [24c61a87-971d-4841-a450-213e3562edd5] verdict=BENIGN MAE=0.486828 threshold=0.500000 latency=178.353ms
2026-09-30 15:35:38 | INFO     | HIDS_API | POST /detection/predict status=200 181.98ms
2026-09-30 15:35:38 | INFO     | uvicorn.access | 127.0.0.1:42256 - "POST /detection/predict HTTP/1.1" 200
2026-09-30 15:35:39 | INFO     | HIDS_Detection | [2a898f41-2a74-4ab8-ab98-53fd5dbefc00] verdict=BENIGN MAE=0.460480 threshold=0.500000 latency=160.816ms
2026-09-30 15:35:39 | INFO     | HIDS_API | POST /detection/predict status=200 164.76ms
2026-09-30 15:35:39 | INFO     | uvicorn.access | 127.0.0.1:42270 - "POST /detection/predict HTTP/1.1" 200
2026-09-30 15:35:40 | INFO     | HIDS_Detection | [9c070c0d-ca43-4dcd-adf6-001ef6a4a310] verdict=BENIGN MAE=0.493851 threshold=0.500000 latency=175.377ms
2026-09-30 15:35:40 | INFO     | HIDS_API | POST /detection/predict status=200 188.12ms
2026-09-30 15:35:40 | INFO     | uvicorn.access | 127.0.0.1:42272 - "POST /detection/predict HTTP/1.1" 200
2026-09-30 15:35:41 | INFO     | HIDS_Detection | [b50d621f-79f3-4449-9c1b-175f8d3a339d] verdict=BENIGN MAE=0.493785 threshold=0.500000 latency=207.73ms
2026-09-30 15:35:41 | INFO     | HIDS_API | POST /detection/predict status=200 212.18ms
2026-09-30 15:35:41 | INFO     | uvicorn.access | 127.0.0.1:42288 - "POST /detection/predict HTTP/1.1" 200
2026-09-30 15:35:41 | INFO     | HIDS_Detection | [1969734d-cf70-414f-8f09-d1c2b6cd450c] verdict=BENIGN MAE=0.487711 threshold=0.500000 latency=146.387ms
2026-09-30 15:35:41 | INFO     | HIDS_API | POST /detection/predict status=200 149.31ms
2026-09-30 15:35:41 | INFO     | uvicorn.access | 127.0.0.1:42302 - "POST /detection/predict HTTP/1.1" 200
2026-09-30 15:35:42 | INFO     | HIDS_Detection | [878651ca-150b-4df1-bb77-6ca3d2306263] verdict=BENIGN MAE=0.494234 threshold=0.500000 latency=156.747ms
2026-09-30 15:35:42 | INFO     | HIDS_API | POST /detection/predict status=200 160.11ms
2026-09-30 15:35:42 | INFO     | uvicorn.access | 127.0.0.1:43102 - "POST /detection/predict HTTP/1.1" 200
2026-09-30 15:35:42 | INFO     | HIDS_Detection | [bbaefbe9-0346-4131-a5d5-ecf5414e6e24] verdict=BENIGN MAE=0.486775 threshold=0.500000 latency=169.758ms
2026-09-30 15:35:42 | INFO     | HIDS_API | POST /detection/predict status=200 173.04ms
2026-09-30 15:35:42 | INFO     | uvicorn.access | 127.0.0.1:43104 - "POST /detection/predict HTTP/1.1" 200
2026-09-30 15:35:42 | INFO     | HIDS_Detection | [215c14c5-55d1-450f-ba5a-4d60ff9d872d] verdict=BENIGN MAE=0.441823 threshold=0.500000 latency=168.133ms
2026-09-30 15:35:42 | INFO     | HIDS_API | POST /detection/predict status=200 171.46ms
2026-09-30 15:35:42 | INFO     | uvicorn.access | 127.0.0.1:43118 - "POST /detection/predict HTTP/1.1" 200
2026-09-30 15:35:43 | INFO     | HIDS_Detection | [0358d4ef-8aa4-4ba1-ae50-0545f1dced16] verdict=BENIGN MAE=0.488431 threshold=0.500000 latency=155.07ms
2026-09-30 15:35:43 | INFO     | HIDS_API | POST /detection/predict status=200 158.09ms
2026-09-30 15:35:43 | INFO     | uvicorn.access | 127.0.0.1:43122 - "POST /detection/predict HTTP/1.1" 200
2026-09-30 15:35:43 | INFO     | HIDS_Detection | [540b1e0d-02a6-418f-89a9-394e60970d05] verdict=BENIGN MAE=0.475133 threshold=0.500000 latency=143.52ms
2026-09-30 15:35:43 | INFO     | HIDS_API | POST /detection/predict status=200 147.91ms
2026-09-30 15:35:43 | INFO     | uvicorn.access | 127.0.0.1:43128 - "POST /detection/predict HTTP/1.1" 200
2026-09-30 15:35:43 | INFO     | HIDS_Detection | [1ca4c5f3-eeb7-42c2-bd08-9f4065e54003] verdict=BENIGN MAE=0.423933 threshold=0.500000 latency=160.223ms
2026-09-30 15:35:43 | INFO     | HIDS_API | POST /detection/predict status=200 163.52ms
2026-09-30 15:35:43 | INFO     | uvicorn.access | 127.0.0.1:43130 - "POST /detection/predict HTTP/1.1" 200
2026-09-30 15:35:43 | INFO     | HIDS_Detection | [2d2b783c-9be8-49f4-8f0f-c0a177804e33] verdict=BENIGN MAE=0.444596 threshold=0.500000 latency=124.478ms
2026-09-30 15:35:43 | INFO     | HIDS_API | POST /detection/predict status=200 127.11ms
2026-09-30 15:35:43 | INFO     | uvicorn.access | 127.0.0.1:43146 - "POST /detection/predict HTTP/1.1" 200
2026-09-30 15:35:43 | INFO     | HIDS_Detection | [2863c326-fd91-4f49-bbed-0f2d36b4967d] verdict=BENIGN MAE=0.487118 threshold=0.500000 latency=168.36ms
2026-09-30 15:35:43 | INFO     | HIDS_API | POST /detection/predict status=200 171.30ms
2026-09-30 15:35:43 | INFO     | uvicorn.access | 127.0.0.1:43148 - "POST /detection/predict HTTP/1.1" 200
2026-09-30 15:35:43 | INFO     | HIDS_Detection | [120c96a0-2ef8-4035-ae3c-fdb630f91712] verdict=BENIGN MAE=0.480593 threshold=0.500000 latency=168.886ms
2026-09-30 15:35:43 | INFO     | HIDS_API | POST /detection/predict status=200 171.60ms
2026-09-30 15:35:43 | INFO     | uvicorn.access | 127.0.0.1:43164 - "POST /detection/predict HTTP/1.1" 200
2026-09-30 15:35:44 | INFO     | HIDS_Detection | [46c6fea3-009d-496b-8e1b-9f9833d6a65c] verdict=BENIGN MAE=0.490579 threshold=0.500000 latency=160.388ms
2026-09-30 15:35:44 | INFO     | HIDS_API | POST /detection/predict status=200 163.99ms
2026-09-30 15:35:44 | INFO     | uvicorn.access | 127.0.0.1:43174 - "POST /detection/predict HTTP/1.1" 200
2026-09-30 15:35:44 | INFO     | HIDS_Detection | [f6dfec8e-ad9b-4a47-b5cb-80097363c5da] verdict=BENIGN MAE=0.490530 threshold=0.500000 latency=175.099ms
2026-09-30 15:35:44 | INFO     | HIDS_API | POST /detection/predict status=200 180.50ms
2026-09-30 15:35:44 | INFO     | uvicorn.access | 127.0.0.1:43180 - "POST /detection/predict HTTP/1.1" 200
2026-09-30 15:35:44 | INFO     | HIDS_Detection | [8fe04ac7-ebdc-4476-8693-2800e0498ae5] verdict=BENIGN MAE=0.494388 threshold=0.500000 latency=169.995ms
2026-09-30 15:35:44 | INFO     | HIDS_API | POST /detection/predict status=200 177.89ms
2026-09-30 15:35:44 | INFO     | uvicorn.access | 127.0.0.1:43192 - "POST /detection/predict HTTP/1.1" 200
2026-09-30 15:35:44 | INFO     | HIDS_Detection | [112f5035-5d7b-4338-b7a7-49c00bd8f8dd] verdict=MALICIOUS MAE=0.502422 threshold=0.500000 latency=142.201ms
2026-09-30 15:35:44 | INFO     | HIDS_API | POST /detection/predict status=200 145.01ms
2026-09-30 15:35:44 | INFO     | uvicorn.access | 127.0.0.1:43196 - "POST /detection/predict HTTP/1.1" 200
2026-09-30 15:35:47 | INFO     | HIDS_Detection | [dbed792e-8912-4c78-9033-0d092acd6b9c] verdict=BENIGN MAE=0.474106 threshold=0.500000 latency=178.452ms
2026-09-30 15:35:47 | INFO     | HIDS_API | POST /detection/predict status=200 182.30ms
2026-09-30 15:35:47 | INFO     | uvicorn.access | 127.0.0.1:43202 - "POST /detection/predict HTTP/1.1" 200
2026-09-30 15:35:47 | INFO     | HIDS_Detection | [2b74c232-0d59-455f-8da1-752a43b420f7] verdict=BENIGN MAE=0.494979 threshold=0.500000 latency=174.102ms
2026-09-30 15:35:47 | INFO     | HIDS_API | POST /detection/predict status=200 178.10ms
2026-09-30 15:35:47 | INFO     | uvicorn.access | 127.0.0.1:43218 - "POST /detection/predict HTTP/1.1" 200
2026-09-30 15:35:47 | INFO     | HIDS_Detection | [c3bb46cd-e680-4a3e-911b-27958c1de7c3] verdict=BENIGN MAE=0.492735 threshold=0.500000 latency=174.574ms
2026-09-30 15:35:47 | INFO     | HIDS_API | POST /detection/predict status=200 178.64ms
2026-09-30 15:35:47 | INFO     | uvicorn.access | 127.0.0.1:43226 - "POST /detection/predict HTTP/1.1" 200
2026-09-30 15:35:47 | INFO     | HIDS_Detection | [0ed809d7-f2aa-4ffc-86c8-194b7859dcdd] verdict=BENIGN MAE=0.494076 threshold=0.500000 latency=167.109ms
2026-09-30 15:35:47 | INFO     | HIDS_API | POST /detection/predict status=200 173.89ms
2026-09-30 15:35:47 | INFO     | uvicorn.access | 127.0.0.1:43240 - "POST /detection/predict HTTP/1.1" 200
2026-09-30 15:35:48 | INFO     | HIDS_Detection | [563b5ad5-e850-4ce4-9738-c3b50663fc30] verdict=BENIGN MAE=0.424287 threshold=0.500000 latency=160.271ms
2026-09-30 15:35:48 | INFO     | HIDS_API | POST /detection/predict status=200 163.85ms
2026-09-30 15:35:48 | INFO     | uvicorn.access | 127.0.0.1:43254 - "POST /detection/predict HTTP/1.1" 200
2026-09-30 15:35:48 | INFO     | HIDS_Detection | [9484212c-9056-4c94-a657-f666da130f08] verdict=BENIGN MAE=0.437831 threshold=0.500000 latency=155.13ms
2026-09-30 15:35:48 | INFO     | HIDS_API | POST /detection/predict status=200 158.82ms
2026-09-30 15:35:48 | INFO     | uvicorn.access | 127.0.0.1:43256 - "POST /detection/predict HTTP/1.1" 200
2026-09-30 15:35:48 | INFO     | HIDS_Detection | [a08b5a2e-3112-4219-847c-f8c15e81f2ba] verdict=BENIGN MAE=0.470828 threshold=0.500000 latency=193.274ms
2026-09-30 15:35:48 | INFO     | HIDS_API | POST /detection/predict status=200 196.85ms
2026-09-30 15:35:48 | INFO     | uvicorn.access | 127.0.0.1:43262 - "POST /detection/predict HTTP/1.1" 200
2026-09-30 15:35:49 | INFO     | HIDS_Detection | [4f2d2213-2f1b-4020-a9b1-b67bd5a8bdcd] verdict=BENIGN MAE=0.494004 threshold=0.500000 latency=141.042ms
2026-09-30 15:35:49 | INFO     | HIDS_API | POST /detection/predict status=200 144.26ms
2026-09-30 15:35:49 | INFO     | uvicorn.access | 127.0.0.1:43266 - "POST /detection/predict HTTP/1.1" 200
2026-09-30 15:35:50 | INFO     | HIDS_Detection | [78eb9f9e-103c-407c-b5fa-86355006454b] verdict=BENIGN MAE=0.498759 threshold=0.500000 latency=144.034ms
2026-09-30 15:35:50 | INFO     | HIDS_API | POST /detection/predict status=200 148.97ms
2026-09-30 15:35:50 | INFO     | uvicorn.access | 127.0.0.1:43278 - "POST /detection/predict HTTP/1.1" 200
2026-09-30 15:35:50 | INFO     | HIDS_Detection | [d1ae7bbf-bdf8-42c2-b0f3-f37d8d146b85] verdict=BENIGN MAE=0.428367 threshold=0.500000 latency=169.274ms
2026-09-30 15:35:50 | INFO     | HIDS_API | POST /detection/predict status=200 172.08ms
2026-09-30 15:35:50 | INFO     | uvicorn.access | 127.0.0.1:43284 - "POST /detection/predict HTTP/1.1" 200
2026-09-30 15:35:50 | INFO     | HIDS_Detection | [06bb3324-0c69-4eb1-a92b-afbf98b057cc] verdict=BENIGN MAE=0.437471 threshold=0.500000 latency=133.355ms
2026-09-30 15:35:50 | INFO     | HIDS_API | POST /detection/predict status=200 136.66ms
2026-09-30 15:35:50 | INFO     | uvicorn.access | 127.0.0.1:43294 - "POST /detection/predict HTTP/1.1" 200
2026-09-30 15:35:50 | INFO     | HIDS_Detection | [2fc0d060-95fb-4ab4-8efe-9d0e10461dc9] verdict=BENIGN MAE=0.443508 threshold=0.500000 latency=144.317ms
2026-09-30 15:35:50 | INFO     | HIDS_API | POST /detection/predict status=200 148.52ms
2026-09-30 15:35:50 | INFO     | uvicorn.access | 127.0.0.1:43304 - "POST /detection/predict HTTP/1.1" 200
2026-09-30 15:35:51 | INFO     | HIDS_Detection | [f5c87a3f-71ca-4e57-842c-698a1307e7d1] verdict=BENIGN MAE=0.439636 threshold=0.500000 latency=175.597ms
2026-09-30 15:35:51 | INFO     | HIDS_API | POST /detection/predict status=200 178.45ms
2026-09-30 15:35:51 | INFO     | uvicorn.access | 127.0.0.1:43314 - "POST /detection/predict HTTP/1.1" 200
2026-09-30 15:35:51 | INFO     | HIDS_Detection | [126f49d8-5c0b-4af2-9467-e4d39b2a75d3] verdict=BENIGN MAE=0.446104 threshold=0.500000 latency=147.222ms
2026-09-30 15:35:51 | INFO     | HIDS_API | POST /detection/predict status=200 150.15ms
2026-09-30 15:35:51 | INFO     | uvicorn.access | 127.0.0.1:43318 - "POST /detection/predict HTTP/1.1" 200
2026-09-30 15:35:51 | INFO     | HIDS_Detection | [e8c22df8-dce9-431a-b9bf-e7b59083d836] verdict=BENIGN MAE=0.491847 threshold=0.500000 latency=138.393ms
2026-09-30 15:35:51 | INFO     | HIDS_API | POST /detection/predict status=200 142.60ms
2026-09-30 15:35:51 | INFO     | uvicorn.access | 127.0.0.1:43330 - "POST /detection/predict HTTP/1.1" 200
2026-09-30 15:35:51 | INFO     | HIDS_Detection | [9d1f5b5f-32e0-4208-b26e-f6d92eb9b431] verdict=BENIGN MAE=0.481382 threshold=0.500000 latency=154.186ms
2026-09-30 15:35:51 | INFO     | HIDS_API | POST /detection/predict status=200 157.60ms
2026-09-30 15:35:51 | INFO     | uvicorn.access | 127.0.0.1:43336 - "POST /detection/predict HTTP/1.1" 200
2026-09-30 15:35:51 | INFO     | HIDS_Detection | [9b6cb29a-d56f-45a6-99e0-82ead41f2bc7] verdict=BENIGN MAE=0.422684 threshold=0.500000 latency=171.708ms
2026-09-30 15:35:51 | INFO     | HIDS_API | POST /detection/predict status=200 175.09ms
2026-09-30 15:35:51 | INFO     | uvicorn.access | 127.0.0.1:54384 - "POST /detection/predict HTTP/1.1" 200
2026-09-30 15:35:52 | INFO     | HIDS_Detection | [0e654e68-5f20-4620-a5c9-d642d9278832] verdict=BENIGN MAE=0.434667 threshold=0.500000 latency=140.177ms
2026-09-30 15:35:52 | INFO     | HIDS_API | POST /detection/predict status=200 144.06ms
2026-09-30 15:35:52 | INFO     | uvicorn.access | 127.0.0.1:54386 - "POST /detection/predict HTTP/1.1" 200
2026-09-30 15:35:52 | INFO     | HIDS_Detection | [e31665c2-4977-464a-9080-84ccf483d611] verdict=BENIGN MAE=0.428946 threshold=0.500000 latency=157.204ms
2026-09-30 15:35:52 | INFO     | HIDS_API | POST /detection/predict status=200 160.10ms
2026-09-30 15:35:52 | INFO     | uvicorn.access | 127.0.0.1:54394 - "POST /detection/predict HTTP/1.1" 200
2026-09-30 15:35:52 | INFO     | HIDS_Detection | [bef87b47-b359-406e-973f-5abbac1d09ed] verdict=BENIGN MAE=0.459270 threshold=0.500000 latency=164.088ms
2026-09-30 15:35:52 | INFO     | HIDS_API | POST /detection/predict status=200 167.01ms
2026-09-30 15:35:52 | INFO     | uvicorn.access | 127.0.0.1:54396 - "POST /detection/predict HTTP/1.1" 200
2026-09-30 15:35:52 | INFO     | HIDS_Detection | [fd2ddf32-d79b-4925-85b6-05ae75cefa71] verdict=BENIGN MAE=0.484437 threshold=0.500000 latency=160.607ms
2026-09-30 15:35:52 | INFO     | HIDS_API | POST /detection/predict status=200 163.07ms
2026-09-30 15:35:52 | INFO     | uvicorn.access | 127.0.0.1:54402 - "POST /detection/predict HTTP/1.1" 200
2026-09-30 15:35:52 | INFO     | HIDS_Detection | [5923f2d4-4ebd-4240-87f4-dcf3eb1a51b6] verdict=BENIGN MAE=0.426352 threshold=0.500000 latency=154.736ms
2026-09-30 15:35:52 | INFO     | HIDS_API | POST /detection/predict status=200 157.78ms
2026-09-30 15:35:52 | INFO     | uvicorn.access | 127.0.0.1:54414 - "POST /detection/predict HTTP/1.1" 200
2026-09-30 15:35:52 | INFO     | HIDS_Detection | [9b161266-f86e-4d99-94cf-584dd3d46433] verdict=BENIGN MAE=0.414039 threshold=0.500000 latency=125.136ms
2026-09-30 15:35:52 | INFO     | HIDS_API | POST /detection/predict status=200 130.61ms
2026-09-30 15:35:52 | INFO     | uvicorn.access | 127.0.0.1:54416 - "POST /detection/predict HTTP/1.1" 200
2026-09-30 15:35:53 | INFO     | HIDS_Detection | [5e693c02-f0af-4c5a-a74b-c184311555c2] verdict=BENIGN MAE=0.459275 threshold=0.500000 latency=137.611ms
2026-09-30 15:35:53 | INFO     | HIDS_API | POST /detection/predict status=200 140.07ms
2026-09-30 15:35:53 | INFO     | uvicorn.access | 127.0.0.1:54428 - "POST /detection/predict HTTP/1.1" 200
2026-09-30 15:35:53 | INFO     | HIDS_Detection | [a39e00d7-5584-4eb8-bc3f-2e97ebcb20cb] verdict=BENIGN MAE=0.473761 threshold=0.500000 latency=158.778ms
2026-09-30 15:35:53 | INFO     | HIDS_API | POST /detection/predict status=200 161.68ms
2026-09-30 15:35:53 | INFO     | uvicorn.access | 127.0.0.1:54436 - "POST /detection/predict HTTP/1.1" 200
2026-09-30 15:35:53 | INFO     | HIDS_Detection | [bafbaad7-ac12-4b16-9606-24ce1061916e] verdict=BENIGN MAE=0.425336 threshold=0.500000 latency=156.079ms
2026-09-30 15:35:53 | INFO     | HIDS_API | POST /detection/predict status=200 161.43ms
2026-09-30 15:35:53 | INFO     | uvicorn.access | 127.0.0.1:54452 - "POST /detection/predict HTTP/1.1" 200
2026-09-30 15:35:53 | INFO     | HIDS_Detection | [07076585-2fb8-48ac-8d49-8cdf1ecee6f8] verdict=BENIGN MAE=0.413616 threshold=0.500000 latency=161.143ms
2026-09-30 15:35:53 | INFO     | HIDS_API | POST /detection/predict status=200 164.39ms
2026-09-30 15:35:53 | INFO     | uvicorn.access | 127.0.0.1:54458 - "POST /detection/predict HTTP/1.1" 200
2026-09-30 15:35:53 | INFO     | HIDS_Detection | [a842b3b3-8d7d-462b-931e-692d35e7e0fa] verdict=BENIGN MAE=0.425128 threshold=0.500000 latency=155.248ms
2026-09-30 15:35:53 | INFO     | HIDS_API | POST /detection/predict status=200 158.21ms
2026-09-30 15:35:53 | INFO     | uvicorn.access | 127.0.0.1:54462 - "POST /detection/predict HTTP/1.1" 200
2026-09-30 15:35:54 | INFO     | HIDS_Detection | [3c554cc2-7ff4-4970-9057-a2eadbb11fa4] verdict=BENIGN MAE=0.459271 threshold=0.500000 latency=150.95ms
2026-09-30 15:35:54 | INFO     | HIDS_API | POST /detection/predict status=200 154.85ms
2026-09-30 15:35:54 | INFO     | uvicorn.access | 127.0.0.1:54474 - "POST /detection/predict HTTP/1.1" 200
2026-09-30 15:35:54 | INFO     | HIDS_Detection | [b3a62bf2-3fd8-408f-82b4-f0077af8e3af] verdict=BENIGN MAE=0.460943 threshold=0.500000 latency=158.587ms
2026-09-30 15:35:54 | INFO     | HIDS_API | POST /detection/predict status=200 161.08ms
2026-09-30 15:35:54 | INFO     | uvicorn.access | 127.0.0.1:54476 - "POST /detection/predict HTTP/1.1" 200
2026-09-30 15:35:54 | INFO     | HIDS_Detection | [129fc73c-0648-4a5d-acdc-df7b3ee7548a] verdict=BENIGN MAE=0.421080 threshold=0.500000 latency=123.973ms
2026-09-30 15:35:54 | INFO     | HIDS_API | POST /detection/predict status=200 126.70ms
2026-09-30 15:35:54 | INFO     | uvicorn.access | 127.0.0.1:54486 - "POST /detection/predict HTTP/1.1" 200
2026-09-30 15:35:54 | INFO     | HIDS_Detection | [89a96f01-867c-4309-9fba-75f60528a57f] verdict=BENIGN MAE=0.491567 threshold=0.500000 latency=129.683ms
2026-09-30 15:35:54 | INFO     | HIDS_API | POST /detection/predict status=200 134.95ms
2026-09-30 15:35:54 | INFO     | uvicorn.access | 127.0.0.1:54492 - "POST /detection/predict HTTP/1.1" 200
2026-09-30 15:35:54 | INFO     | HIDS_Detection | [7713b65a-092c-4dc0-a980-6f7bc28b538c] verdict=BENIGN MAE=0.482849 threshold=0.500000 latency=182.392ms
2026-09-30 15:35:54 | INFO     | HIDS_API | POST /detection/predict status=200 185.36ms
2026-09-30 15:35:54 | INFO     | uvicorn.access | 127.0.0.1:54498 - "POST /detection/predict HTTP/1.1" 200
2026-09-30 15:35:54 | INFO     | HIDS_Detection | [f5ba3931-404d-4ca0-89ac-9c571017e42e] verdict=BENIGN MAE=0.482264 threshold=0.500000 latency=150.328ms
2026-09-30 15:35:54 | INFO     | HIDS_API | POST /detection/predict status=200 162.68ms
2026-09-30 15:35:54 | INFO     | uvicorn.access | 127.0.0.1:54514 - "POST /detection/predict HTTP/1.1" 200
2026-09-30 15:35:55 | INFO     | HIDS_Detection | [e23b99fa-1f77-4e1b-925b-8d6c58ce2896] verdict=BENIGN MAE=0.498556 threshold=0.500000 latency=176.151ms
2026-09-30 15:35:55 | INFO     | HIDS_API | POST /detection/predict status=200 181.86ms
2026-09-30 15:35:55 | INFO     | uvicorn.access | 127.0.0.1:54516 - "POST /detection/predict HTTP/1.1" 200
2026-09-30 15:35:55 | INFO     | HIDS_Detection | [07ee8e37-a31e-47cf-a5c9-19b7005a32a9] verdict=BENIGN MAE=0.488573 threshold=0.500000 latency=152.225ms
2026-09-30 15:35:55 | INFO     | HIDS_API | POST /detection/predict status=200 155.01ms
2026-09-30 15:35:55 | INFO     | uvicorn.access | 127.0.0.1:54518 - "POST /detection/predict HTTP/1.1" 200
2026-09-30 15:35:55 | INFO     | HIDS_Detection | [f8da0831-f0a1-4c5b-a088-90148641c870] verdict=BENIGN MAE=0.470559 threshold=0.500000 latency=148.119ms
2026-09-30 15:35:55 | INFO     | HIDS_API | POST /detection/predict status=200 151.60ms
2026-09-30 15:35:55 | INFO     | uvicorn.access | 127.0.0.1:54534 - "POST /detection/predict HTTP/1.1" 200
2026-09-30 15:35:55 | INFO     | HIDS_Detection | [0a026bc9-9c91-4a84-8e25-828959c6b800] verdict=BENIGN MAE=0.423974 threshold=0.500000 latency=134.638ms
2026-09-30 15:35:55 | INFO     | HIDS_API | POST /detection/predict status=200 138.28ms
2026-09-30 15:35:55 | INFO     | uvicorn.access | 127.0.0.1:54540 - "POST /detection/predict HTTP/1.1" 200
2026-09-30 15:35:55 | INFO     | HIDS_Detection | [fa206b89-acf1-4022-852c-60088ab87c7e] verdict=BENIGN MAE=0.460925 threshold=0.500000 latency=160.688ms
2026-09-30 15:35:55 | INFO     | HIDS_API | POST /detection/predict status=200 163.69ms
2026-09-30 15:35:55 | INFO     | uvicorn.access | 127.0.0.1:54546 - "POST /detection/predict HTTP/1.1" 200
2026-09-30 15:35:56 | INFO     | HIDS_Detection | [6378cb8b-e630-4c8f-8835-fc59aae99469] verdict=BENIGN MAE=0.442636 threshold=0.500000 latency=140.841ms
2026-09-30 15:35:56 | INFO     | HIDS_API | POST /detection/predict status=200 144.29ms
2026-09-30 15:35:56 | INFO     | uvicorn.access | 127.0.0.1:54552 - "POST /detection/predict HTTP/1.1" 200
2026-09-30 15:35:56 | INFO     | HIDS_Detection | [27615cc9-29de-483e-aa0c-7823528e8b1f] verdict=BENIGN MAE=0.460945 threshold=0.500000 latency=158.529ms
2026-09-30 15:35:56 | INFO     | HIDS_API | POST /detection/predict status=200 161.90ms
2026-09-30 15:35:56 | INFO     | uvicorn.access | 127.0.0.1:54558 - "POST /detection/predict HTTP/1.1" 200
2026-09-30 15:35:56 | INFO     | HIDS_Detection | [fd195fe1-18b6-4fc7-af30-6c1e41be18c6] verdict=BENIGN MAE=0.444597 threshold=0.500000 latency=138.594ms
2026-09-30 15:35:56 | INFO     | HIDS_API | POST /detection/predict status=200 141.52ms
2026-09-30 15:35:56 | INFO     | uvicorn.access | 127.0.0.1:54560 - "POST /detection/predict HTTP/1.1" 200
2026-09-30 15:35:56 | INFO     | HIDS_Detection | [5b30e6ba-a8c0-429c-8ea5-f3a6c99a172c] verdict=BENIGN MAE=0.447580 threshold=0.500000 latency=128.229ms
2026-09-30 15:35:56 | INFO     | HIDS_API | POST /detection/predict status=200 133.72ms
2026-09-30 15:35:56 | INFO     | uvicorn.access | 127.0.0.1:54568 - "POST /detection/predict HTTP/1.1" 200
2026-09-30 15:35:56 | INFO     | HIDS_Detection | [13453a7e-2e31-453e-8211-d1ef8cf1d570] verdict=BENIGN MAE=0.447192 threshold=0.500000 latency=138.937ms
2026-09-30 15:35:56 | INFO     | HIDS_API | POST /detection/predict status=200 141.74ms
2026-09-30 15:35:56 | INFO     | uvicorn.access | 127.0.0.1:54570 - "POST /detection/predict HTTP/1.1" 200
2026-09-30 15:35:56 | INFO     | HIDS_Detection | [6c65e338-16b5-4830-a59a-1aa1cd594ead] verdict=BENIGN MAE=0.460928 threshold=0.500000 latency=162.336ms
2026-09-30 15:35:56 | INFO     | HIDS_API | POST /detection/predict status=200 165.12ms
2026-09-30 15:35:56 | INFO     | uvicorn.access | 127.0.0.1:54582 - "POST /detection/predict HTTP/1.1" 200
2026-09-30 15:35:57 | INFO     | HIDS_Detection | [d705541f-22a3-481c-aea5-fdfaa6a7c09d] verdict=BENIGN MAE=0.443410 threshold=0.500000 latency=142.549ms
2026-09-30 15:35:57 | INFO     | HIDS_API | POST /detection/predict status=200 147.85ms
2026-09-30 15:35:57 | INFO     | uvicorn.access | 127.0.0.1:54586 - "POST /detection/predict HTTP/1.1" 200
2026-09-30 15:35:57 | INFO     | HIDS_Detection | [9b130979-d228-4156-a75a-408a8d9ebf3a] verdict=BENIGN MAE=0.446440 threshold=0.500000 latency=170.749ms
2026-09-30 15:35:57 | INFO     | HIDS_API | POST /detection/predict status=200 175.98ms
2026-09-30 15:35:57 | INFO     | uvicorn.access | 127.0.0.1:54602 - "POST /detection/predict HTTP/1.1" 200
2026-09-30 15:35:57 | INFO     | HIDS_Detection | [bda1d9bc-ca23-4df8-a9f3-b17f3209d256] verdict=BENIGN MAE=0.438101 threshold=0.500000 latency=162.064ms
2026-09-30 15:35:57 | INFO     | HIDS_API | POST /detection/predict status=200 164.96ms
2026-09-30 15:35:57 | INFO     | uvicorn.access | 127.0.0.1:54610 - "POST /detection/predict HTTP/1.1" 200
2026-09-30 15:35:57 | INFO     | HIDS_Detection | [b41f1489-506c-457d-9dd6-bd0a938e7fc6] verdict=BENIGN MAE=0.422078 threshold=0.500000 latency=149.355ms
2026-09-30 15:35:57 | INFO     | HIDS_API | POST /detection/predict status=200 154.49ms
2026-09-30 15:35:57 | INFO     | uvicorn.access | 127.0.0.1:54626 - "POST /detection/predict HTTP/1.1" 200
2026-09-30 15:35:57 | INFO     | HIDS_Detection | [479b5954-fe25-4bd4-8937-0a73fc2fe70c] verdict=BENIGN MAE=0.470848 threshold=0.500000 latency=149.284ms
2026-09-30 15:35:57 | INFO     | HIDS_API | POST /detection/predict status=200 153.54ms
2026-09-30 15:35:57 | INFO     | uvicorn.access | 127.0.0.1:54636 - "POST /detection/predict HTTP/1.1" 200
2026-09-30 15:35:57 | INFO     | HIDS_Detection | [90eceb2b-6ab4-4301-8000-2d4d0854146b] verdict=BENIGN MAE=0.443168 threshold=0.500000 latency=167.598ms
2026-09-30 15:35:57 | INFO     | HIDS_API | POST /detection/predict status=200 170.87ms
2026-09-30 15:35:57 | INFO     | uvicorn.access | 127.0.0.1:54642 - "POST /detection/predict HTTP/1.1" 200
2026-09-30 15:35:58 | INFO     | HIDS_Detection | [a0915381-3553-4922-bc5c-cf51acf133ad] verdict=BENIGN MAE=0.470849 threshold=0.500000 latency=150.063ms
2026-09-30 15:35:58 | INFO     | HIDS_API | POST /detection/predict status=200 160.63ms
2026-09-30 15:35:58 | INFO     | uvicorn.access | 127.0.0.1:54652 - "POST /detection/predict HTTP/1.1" 200
2026-09-30 15:35:58 | INFO     | HIDS_Detection | [2b79b87d-98ea-4320-837a-4c09ee4711e4] verdict=BENIGN MAE=0.470572 threshold=0.500000 latency=136.275ms
2026-09-30 15:35:58 | INFO     | HIDS_API | POST /detection/predict status=200 139.60ms
2026-09-30 15:35:58 | INFO     | uvicorn.access | 127.0.0.1:54664 - "POST /detection/predict HTTP/1.1" 200
2026-09-30 15:35:58 | INFO     | HIDS_Detection | [a8f9d27c-a19b-481f-9b14-09936700a68e] verdict=BENIGN MAE=0.442905 threshold=0.500000 latency=134.557ms
2026-09-30 15:35:58 | INFO     | HIDS_API | POST /detection/predict status=200 139.63ms
2026-09-30 15:35:58 | INFO     | uvicorn.access | 127.0.0.1:54680 - "POST /detection/predict HTTP/1.1" 200
2026-09-30 15:35:58 | INFO     | HIDS_Detection | [f70c8a98-37eb-4637-a225-e317451e6fbf] verdict=BENIGN MAE=0.447607 threshold=0.500000 latency=130.963ms
2026-09-30 15:35:58 | INFO     | HIDS_API | POST /detection/predict status=200 133.90ms
2026-09-30 15:35:58 | INFO     | uvicorn.access | 127.0.0.1:54690 - "POST /detection/predict HTTP/1.1" 200
2026-09-30 15:35:58 | INFO     | HIDS_Detection | [b5fea73c-2cf0-4d3c-bd3d-a21fd80e8f3f] verdict=BENIGN MAE=0.447702 threshold=0.500000 latency=181.531ms
2026-09-30 15:35:58 | INFO     | HIDS_API | POST /detection/predict status=200 184.24ms
2026-09-30 15:35:58 | INFO     | uvicorn.access | 127.0.0.1:54702 - "POST /detection/predict HTTP/1.1" 200
2026-09-30 15:35:59 | INFO     | HIDS_Detection | [970a7c98-ea93-4f9d-8473-c208686ebfff] verdict=BENIGN MAE=0.440513 threshold=0.500000 latency=166.804ms
2026-09-30 15:35:59 | INFO     | HIDS_API | POST /detection/predict status=200 171.90ms
2026-09-30 15:35:59 | INFO     | uvicorn.access | 127.0.0.1:54706 - "POST /detection/predict HTTP/1.1" 200
2026-09-30 15:35:59 | INFO     | HIDS_Detection | [216a1796-005c-4a6f-a21a-a92a1466d32c] verdict=BENIGN MAE=0.460923 threshold=0.500000 latency=143.436ms
2026-09-30 15:35:59 | INFO     | HIDS_API | POST /detection/predict status=200 146.37ms
2026-09-30 15:35:59 | INFO     | uvicorn.access | 127.0.0.1:54712 - "POST /detection/predict HTTP/1.1" 200
2026-09-30 15:35:59 | INFO     | HIDS_Detection | [d6fdc4fa-e2d8-4f03-a2f8-74fef0948c42] verdict=BENIGN MAE=0.445466 threshold=0.500000 latency=143.624ms
2026-09-30 15:35:59 | INFO     | HIDS_API | POST /detection/predict status=200 148.71ms
2026-09-30 15:35:59 | INFO     | uvicorn.access | 127.0.0.1:54724 - "POST /detection/predict HTTP/1.1" 200
2026-09-30 15:35:59 | INFO     | HIDS_Detection | [fd320e0c-68f0-49ba-a55a-702849c5e778] verdict=BENIGN MAE=0.470849 threshold=0.500000 latency=150.117ms
2026-09-30 15:35:59 | INFO     | HIDS_API | POST /detection/predict status=200 153.17ms
2026-09-30 15:35:59 | INFO     | uvicorn.access | 127.0.0.1:54732 - "POST /detection/predict HTTP/1.1" 200
2026-09-30 15:35:59 | INFO     | HIDS_Detection | [94837ecb-dba6-4448-aab1-ee5430cc720c] verdict=BENIGN MAE=0.444228 threshold=0.500000 latency=142.516ms
2026-09-30 15:35:59 | INFO     | HIDS_API | POST /detection/predict status=200 145.82ms
2026-09-30 15:35:59 | INFO     | uvicorn.access | 127.0.0.1:54736 - "POST /detection/predict HTTP/1.1" 200
2026-09-30 15:35:59 | INFO     | HIDS_Detection | [13ccae67-7bbb-4acc-908c-d1d77c3c7ae7] verdict=BENIGN MAE=0.443296 threshold=0.500000 latency=150.792ms
2026-09-30 15:35:59 | INFO     | HIDS_API | POST /detection/predict status=200 155.44ms
2026-09-30 15:35:59 | INFO     | uvicorn.access | 127.0.0.1:54748 - "POST /detection/predict HTTP/1.1" 200
2026-09-30 15:36:00 | INFO     | HIDS_Detection | [82c588e8-042a-4381-a5b4-8f6291432ea4] verdict=BENIGN MAE=0.443136 threshold=0.500000 latency=147.451ms
2026-09-30 15:36:00 | INFO     | HIDS_API | POST /detection/predict status=200 151.91ms
2026-09-30 15:36:00 | INFO     | uvicorn.access | 127.0.0.1:54756 - "POST /detection/predict HTTP/1.1" 200
2026-09-30 15:36:00 | INFO     | HIDS_Detection | [ea4bed0a-ca65-4425-8690-d6de5adc6b65] verdict=BENIGN MAE=0.447942 threshold=0.500000 latency=154.404ms
2026-09-30 15:36:00 | INFO     | HIDS_API | POST /detection/predict status=200 157.01ms
2026-09-30 15:36:00 | INFO     | uvicorn.access | 127.0.0.1:54764 - "POST /detection/predict HTTP/1.1" 200
2026-09-30 15:36:00 | INFO     | HIDS_Detection | [3dc8ad71-560e-4970-ab67-9bd7391321e9] verdict=BENIGN MAE=0.426449 threshold=0.500000 latency=174.131ms
2026-09-30 15:36:00 | INFO     | HIDS_API | POST /detection/predict status=200 177.27ms
2026-09-30 15:36:00 | INFO     | uvicorn.access | 127.0.0.1:54774 - "POST /detection/predict HTTP/1.1" 200
2026-09-30 15:36:01 | INFO     | HIDS_Detection | [d967a9a3-a4d8-4e46-976c-a03dc3f82b59] verdict=BENIGN MAE=0.431610 threshold=0.500000 latency=149.888ms
2026-09-30 15:36:01 | INFO     | HIDS_API | POST /detection/predict status=200 154.38ms
2026-09-30 15:36:01 | INFO     | uvicorn.access | 127.0.0.1:54780 - "POST /detection/predict HTTP/1.1" 200
2026-09-30 15:36:01 | INFO     | HIDS_Detection | [3aeed125-cc2c-4da8-967a-1c21309d75af] verdict=BENIGN MAE=0.459757 threshold=0.500000 latency=144.574ms
2026-09-30 15:36:01 | INFO     | HIDS_API | POST /detection/predict status=200 150.03ms
2026-09-30 15:36:01 | INFO     | uvicorn.access | 127.0.0.1:54794 - "POST /detection/predict HTTP/1.1" 200
2026-09-30 15:36:01 | INFO     | HIDS_Detection | [472fdb71-fbad-4a6e-8f4d-9b80c957fa5a] verdict=BENIGN MAE=0.430716 threshold=0.500000 latency=150.47ms
2026-09-30 15:36:01 | INFO     | HIDS_API | POST /detection/predict status=200 153.60ms
2026-09-30 15:36:01 | INFO     | uvicorn.access | 127.0.0.1:54804 - "POST /detection/predict HTTP/1.1" 200
2026-09-30 15:36:01 | INFO     | HIDS_Detection | [b2c5b022-cff5-48da-9c51-1386fa6f110a] verdict=BENIGN MAE=0.432377 threshold=0.500000 latency=150.7ms
2026-09-30 15:36:01 | INFO     | HIDS_API | POST /detection/predict status=200 164.08ms
2026-09-30 15:36:01 | INFO     | uvicorn.access | 127.0.0.1:54816 - "POST /detection/predict HTTP/1.1" 200
2026-09-30 15:36:01 | INFO     | HIDS_Detection | [33481889-f0b6-4b1f-8ca1-ec8c84a8be39] verdict=BENIGN MAE=0.434505 threshold=0.500000 latency=136.826ms
2026-09-30 15:36:01 | INFO     | HIDS_API | POST /detection/predict status=200 140.76ms
2026-09-30 15:36:01 | INFO     | uvicorn.access | 127.0.0.1:50740 - "POST /detection/predict HTTP/1.1" 200
2026-09-30 15:36:02 | INFO     | HIDS_Detection | [5225e189-f4ff-48d3-98ab-65645bd45002] verdict=BENIGN MAE=0.443141 threshold=0.500000 latency=174.834ms
2026-09-30 15:36:02 | INFO     | HIDS_API | POST /detection/predict status=200 177.96ms
2026-09-30 15:36:02 | INFO     | uvicorn.access | 127.0.0.1:50746 - "POST /detection/predict HTTP/1.1" 200
2026-09-30 15:36:02 | INFO     | HIDS_Detection | [52947edc-b57d-49cd-bd92-2de4a65933a1] verdict=BENIGN MAE=0.442719 threshold=0.500000 latency=170.434ms
2026-09-30 15:36:02 | INFO     | HIDS_API | POST /detection/predict status=200 173.58ms
2026-09-30 15:36:02 | INFO     | uvicorn.access | 127.0.0.1:50752 - "POST /detection/predict HTTP/1.1" 200
2026-09-30 15:36:02 | INFO     | HIDS_Detection | [9c413c93-f03b-46ca-a025-6f81e0df158d] verdict=BENIGN MAE=0.458843 threshold=0.500000 latency=156.089ms
2026-09-30 15:36:02 | INFO     | HIDS_API | POST /detection/predict status=200 158.66ms
2026-09-30 15:36:02 | INFO     | uvicorn.access | 127.0.0.1:50768 - "POST /detection/predict HTTP/1.1" 200
2026-09-30 15:36:03 | INFO     | HIDS_Detection | [a118d3e6-581c-4559-9757-5ec02f769d2e] verdict=BENIGN MAE=0.450220 threshold=0.500000 latency=156.237ms
2026-09-30 15:36:03 | INFO     | HIDS_API | POST /detection/predict status=200 159.09ms
2026-09-30 15:36:03 | INFO     | uvicorn.access | 127.0.0.1:50772 - "POST /detection/predict HTTP/1.1" 200
2026-09-30 15:36:03 | INFO     | HIDS_Detection | [3691af8b-0eda-4073-9fc7-469e25b1427e] verdict=BENIGN MAE=0.458747 threshold=0.500000 latency=142.161ms
2026-09-30 15:36:03 | INFO     | HIDS_API | POST /detection/predict status=200 145.09ms
2026-09-30 15:36:03 | INFO     | uvicorn.access | 127.0.0.1:50788 - "POST /detection/predict HTTP/1.1" 200
2026-09-30 15:36:03 | INFO     | HIDS_Detection | [612b889e-ab68-4b1c-82a7-d41979b2e760] verdict=BENIGN MAE=0.446103 threshold=0.500000 latency=148.039ms
2026-09-30 15:36:03 | INFO     | HIDS_API | POST /detection/predict status=200 150.81ms
2026-09-30 15:36:03 | INFO     | uvicorn.access | 127.0.0.1:50804 - "POST /detection/predict HTTP/1.1" 200
2026-09-30 15:36:03 | INFO     | HIDS_Detection | [577c3472-d81a-4661-b672-0358ab1458ea] verdict=BENIGN MAE=0.433308 threshold=0.500000 latency=170.549ms
2026-09-30 15:36:03 | INFO     | HIDS_API | POST /detection/predict status=200 173.45ms
2026-09-30 15:36:03 | INFO     | uvicorn.access | 127.0.0.1:50806 - "POST /detection/predict HTTP/1.1" 200
2026-09-30 15:36:04 | INFO     | HIDS_Detection | [312fe609-e588-4fd2-8728-54b485f24092] verdict=BENIGN MAE=0.444614 threshold=0.500000 latency=145.138ms
2026-09-30 15:36:04 | INFO     | HIDS_API | POST /detection/predict status=200 153.07ms
2026-09-30 15:36:04 | INFO     | uvicorn.access | 127.0.0.1:50822 - "POST /detection/predict HTTP/1.1" 200
2026-09-30 15:36:04 | INFO     | HIDS_Detection | [a4c10ee1-358c-46f3-bdb5-4b384b222e8e] verdict=BENIGN MAE=0.492404 threshold=0.500000 latency=181.039ms
2026-09-30 15:36:04 | INFO     | HIDS_API | POST /detection/predict status=200 187.31ms
2026-09-30 15:36:04 | INFO     | uvicorn.access | 127.0.0.1:50824 - "POST /detection/predict HTTP/1.1" 200
2026-09-30 15:36:04 | INFO     | HIDS_Detection | [aa9e1e96-3526-4147-a12c-d2e52be259ec] verdict=BENIGN MAE=0.423274 threshold=0.500000 latency=153.518ms
2026-09-30 15:36:04 | INFO     | HIDS_API | POST /detection/predict status=200 172.59ms
2026-09-30 15:36:04 | INFO     | uvicorn.access | 127.0.0.1:50830 - "POST /detection/predict HTTP/1.1" 200
2026-09-30 15:36:04 | INFO     | HIDS_Detection | [cb078b0a-b975-4408-b523-b997fb37ab5a] verdict=BENIGN MAE=0.449801 threshold=0.500000 latency=167.527ms
2026-09-30 15:36:04 | INFO     | HIDS_API | POST /detection/predict status=200 171.11ms
2026-09-30 15:36:04 | INFO     | uvicorn.access | 127.0.0.1:50844 - "POST /detection/predict HTTP/1.1" 200
2026-09-30 15:36:05 | INFO     | HIDS_Detection | [e464f714-c487-4841-9e7a-8de1ed25d50c] verdict=BENIGN MAE=0.460488 threshold=0.500000 latency=135.25ms
2026-09-30 15:36:05 | INFO     | HIDS_API | POST /detection/predict status=200 137.83ms
2026-09-30 15:36:05 | INFO     | uvicorn.access | 127.0.0.1:50846 - "POST /detection/predict HTTP/1.1" 200
2026-09-30 15:36:05 | INFO     | HIDS_Detection | [1abd2f5b-436d-4697-826b-5258c2196621] verdict=BENIGN MAE=0.446315 threshold=0.500000 latency=151.156ms
2026-09-30 15:36:05 | INFO     | HIDS_API | POST /detection/predict status=200 156.97ms
2026-09-30 15:36:05 | INFO     | uvicorn.access | 127.0.0.1:50850 - "POST /detection/predict HTTP/1.1" 200
2026-09-30 15:36:05 | INFO     | HIDS_Detection | [37efc887-9525-4f46-837b-c2b6a1c202a3] verdict=BENIGN MAE=0.470576 threshold=0.500000 latency=163.393ms
2026-09-30 15:36:05 | INFO     | HIDS_API | POST /detection/predict status=200 166.22ms
2026-09-30 15:36:05 | INFO     | uvicorn.access | 127.0.0.1:50866 - "POST /detection/predict HTTP/1.1" 200
2026-09-30 15:36:05 | INFO     | uvicorn.access | 127.0.0.1:50882 - "GET /ready HTTP/1.1" 200
2026-09-30 15:36:05 | INFO     | HIDS_Detection | [bd4617de-29db-4e3d-b0da-8c253dc1b686] verdict=BENIGN MAE=0.443268 threshold=0.500000 latency=155.744ms
2026-09-30 15:36:05 | INFO     | HIDS_API | POST /detection/predict status=200 158.49ms
2026-09-30 15:36:05 | INFO     | uvicorn.access | 127.0.0.1:50892 - "POST /detection/predict HTTP/1.1" 200
2026-09-30 15:36:06 | INFO     | HIDS_Detection | [0e8de911-d5d0-41c2-afc1-a3f3a365c505] verdict=BENIGN MAE=0.421766 threshold=0.500000 latency=171.297ms
2026-09-30 15:36:06 | INFO     | HIDS_API | POST /detection/predict status=200 174.83ms
2026-09-30 15:36:06 | INFO     | uvicorn.access | 127.0.0.1:50900 - "POST /detection/predict HTTP/1.1" 200
2026-09-30 15:36:06 | INFO     | HIDS_Detection | [cde28140-a15e-444f-822a-d1292766acc9] verdict=BENIGN MAE=0.452377 threshold=0.500000 latency=174.806ms
2026-09-30 15:36:06 | INFO     | HIDS_API | POST /detection/predict status=200 178.42ms
2026-09-30 15:36:06 | INFO     | uvicorn.access | 127.0.0.1:50904 - "POST /detection/predict HTTP/1.1" 200
2026-09-30 15:36:06 | INFO     | HIDS_Detection | [694d175a-bb06-4e26-b249-c9b5af3767f0] verdict=BENIGN MAE=0.456818 threshold=0.500000 latency=233.838ms
2026-09-30 15:36:06 | INFO     | HIDS_API | POST /detection/predict status=200 238.64ms
2026-09-30 15:36:06 | INFO     | uvicorn.access | 127.0.0.1:50908 - "POST /detection/predict HTTP/1.1" 200
2026-09-30 15:36:07 | INFO     | HIDS_Detection | [237111cf-a8ce-4577-ad08-f4216817b2f0] verdict=BENIGN MAE=0.422140 threshold=0.500000 latency=190.969ms
2026-09-30 15:36:07 | INFO     | HIDS_API | POST /detection/predict status=200 196.42ms
2026-09-30 15:36:07 | INFO     | uvicorn.access | 127.0.0.1:50918 - "POST /detection/predict HTTP/1.1" 200
2026-09-30 15:36:07 | INFO     | HIDS_Detection | [e2b8dbea-504a-44ae-831b-b8a237475969] verdict=BENIGN MAE=0.470850 threshold=0.500000 latency=131.658ms
2026-09-30 15:36:07 | INFO     | HIDS_API | POST /detection/predict status=200 136.32ms
2026-09-30 15:36:07 | INFO     | uvicorn.access | 127.0.0.1:50934 - "POST /detection/predict HTTP/1.1" 200
2026-09-30 15:36:07 | INFO     | HIDS_Detection | [b3f5fa1f-d962-413d-b0bf-93f6213c47db] verdict=BENIGN MAE=0.445257 threshold=0.500000 latency=153.715ms
2026-09-30 15:36:07 | INFO     | HIDS_API | POST /detection/predict status=200 156.21ms
2026-09-30 15:36:07 | INFO     | uvicorn.access | 127.0.0.1:50942 - "POST /detection/predict HTTP/1.1" 200
2026-09-30 15:36:07 | INFO     | HIDS_Detection | [96ad2f83-0266-4c7a-9518-a70bc9f46283] verdict=BENIGN MAE=0.441730 threshold=0.500000 latency=147.103ms
2026-09-30 15:36:07 | INFO     | HIDS_API | POST /detection/predict status=200 152.43ms
2026-09-30 15:36:07 | INFO     | uvicorn.access | 127.0.0.1:50956 - "POST /detection/predict HTTP/1.1" 200
2026-09-30 15:36:07 | INFO     | HIDS_Detection | [6c7a8a7c-ac8a-4e84-a623-4b8e7c080040] verdict=BENIGN MAE=0.456997 threshold=0.500000 latency=176.948ms
2026-09-30 15:36:07 | INFO     | HIDS_API | POST /detection/predict status=200 181.06ms
2026-09-30 15:36:07 | INFO     | uvicorn.access | 127.0.0.1:50968 - "POST /detection/predict HTTP/1.1" 200
2026-09-30 15:36:08 | INFO     | HIDS_Detection | [5d3d786d-7121-4bc2-9f0e-24b6dff0282a] verdict=BENIGN MAE=0.429301 threshold=0.500000 latency=160.58ms
2026-09-30 15:36:08 | INFO     | HIDS_API | POST /detection/predict status=200 163.76ms
2026-09-30 15:36:08 | INFO     | uvicorn.access | 127.0.0.1:50978 - "POST /detection/predict HTTP/1.1" 200
2026-09-30 15:36:08 | INFO     | HIDS_Detection | [e907f67d-67bc-467e-b65b-b23c3b7b35e4] verdict=BENIGN MAE=0.459855 threshold=0.500000 latency=154.579ms
2026-09-30 15:36:08 | INFO     | HIDS_API | POST /detection/predict status=200 158.22ms
2026-09-30 15:36:08 | INFO     | uvicorn.access | 127.0.0.1:50982 - "POST /detection/predict HTTP/1.1" 200
2026-09-30 15:36:08 | INFO     | HIDS_Detection | [cbc3c7d6-c4de-43f4-9c30-715fe32a4872] verdict=BENIGN MAE=0.439863 threshold=0.500000 latency=180.661ms
2026-09-30 15:36:08 | INFO     | HIDS_API | POST /detection/predict status=200 185.24ms
2026-09-30 15:36:08 | INFO     | uvicorn.access | 127.0.0.1:50986 - "POST /detection/predict HTTP/1.1" 200
2026-09-30 15:36:08 | INFO     | HIDS_Detection | [fb99a10e-25c7-4de6-b911-ae00bd9c6d10] verdict=BENIGN MAE=0.437339 threshold=0.500000 latency=159.326ms
2026-09-30 15:36:08 | INFO     | HIDS_API | POST /detection/predict status=200 170.64ms
2026-09-30 15:36:08 | INFO     | uvicorn.access | 127.0.0.1:50998 - "POST /detection/predict HTTP/1.1" 200
2026-09-30 15:36:09 | INFO     | HIDS_Detection | [f225cda0-5883-4ee8-9a14-8aa1bfbc7401] verdict=BENIGN MAE=0.418236 threshold=0.500000 latency=134.94ms
2026-09-30 15:36:09 | INFO     | HIDS_API | POST /detection/predict status=200 137.65ms
2026-09-30 15:36:09 | INFO     | uvicorn.access | 127.0.0.1:51002 - "POST /detection/predict HTTP/1.1" 200
2026-09-30 15:36:09 | INFO     | HIDS_Detection | [d7126c16-45be-4e94-81ef-54fdef7e1fda] verdict=BENIGN MAE=0.451033 threshold=0.500000 latency=167.083ms
2026-09-30 15:36:09 | INFO     | HIDS_API | POST /detection/predict status=200 172.27ms
2026-09-30 15:36:09 | INFO     | uvicorn.access | 127.0.0.1:51016 - "POST /detection/predict HTTP/1.1" 200
2026-09-30 15:36:09 | INFO     | HIDS_Detection | [2613b2c0-facb-402d-aa31-74b6a71fb29d] verdict=BENIGN MAE=0.445498 threshold=0.500000 latency=180.274ms
2026-09-30 15:36:09 | INFO     | HIDS_API | POST /detection/predict status=200 183.69ms
2026-09-30 15:36:09 | INFO     | uvicorn.access | 127.0.0.1:51026 - "POST /detection/predict HTTP/1.1" 200
2026-09-30 15:36:10 | INFO     | HIDS_Detection | [39253841-7597-43e9-9811-11f6dbfa057f] verdict=BENIGN MAE=0.437651 threshold=0.500000 latency=165.076ms
2026-09-30 15:36:10 | INFO     | HIDS_API | POST /detection/predict status=200 168.03ms
2026-09-30 15:36:10 | INFO     | uvicorn.access | 127.0.0.1:51028 - "POST /detection/predict HTTP/1.1" 200
2026-09-30 15:36:10 | INFO     | HIDS_Detection | [de92933f-1a51-4f5e-8d11-79332c68e7d8] verdict=BENIGN MAE=0.456432 threshold=0.500000 latency=147.526ms
2026-09-30 15:36:10 | INFO     | HIDS_API | POST /detection/predict status=200 151.33ms
2026-09-30 15:36:10 | INFO     | uvicorn.access | 127.0.0.1:51040 - "POST /detection/predict HTTP/1.1" 200
2026-09-30 15:36:10 | INFO     | HIDS_Detection | [336ed4a7-f294-418c-8d81-231edc8207c7] verdict=BENIGN MAE=0.442386 threshold=0.500000 latency=150.136ms
2026-09-30 15:36:10 | INFO     | HIDS_API | POST /detection/predict status=200 153.28ms
2026-09-30 15:36:10 | INFO     | uvicorn.access | 127.0.0.1:51042 - "POST /detection/predict HTTP/1.1" 200
2026-09-30 15:36:11 | INFO     | HIDS_Detection | [2409617d-d704-4eeb-988d-64daa7f14acc] verdict=BENIGN MAE=0.426753 threshold=0.500000 latency=180.613ms
2026-09-30 15:36:11 | INFO     | HIDS_API | POST /detection/predict status=200 183.60ms
2026-09-30 15:36:11 | INFO     | uvicorn.access | 127.0.0.1:51046 - "POST /detection/predict HTTP/1.1" 200
2026-09-30 15:36:11 | INFO     | HIDS_Detection | [78aac7a8-886b-4849-946d-5d0d26a5d23b] verdict=BENIGN MAE=0.459180 threshold=0.500000 latency=160.513ms
2026-09-30 15:36:11 | INFO     | HIDS_API | POST /detection/predict status=200 166.95ms
2026-09-30 15:36:11 | INFO     | uvicorn.access | 127.0.0.1:51062 - "POST /detection/predict HTTP/1.1" 200
2026-09-30 15:36:11 | INFO     | HIDS_Detection | [0734203d-4b87-474f-9e5f-e6de46a0ef4a] verdict=BENIGN MAE=0.474449 threshold=0.500000 latency=159.378ms
2026-09-30 15:36:11 | INFO     | HIDS_API | POST /detection/predict status=200 166.46ms
2026-09-30 15:36:11 | INFO     | uvicorn.access | 127.0.0.1:51074 - "POST /detection/predict HTTP/1.1" 200
2026-09-30 15:36:11 | INFO     | HIDS_Detection | [41c4daf2-7063-42a7-ba59-e2594e65dc8f] verdict=BENIGN MAE=0.437511 threshold=0.500000 latency=169.075ms
2026-09-30 15:36:11 | INFO     | HIDS_API | POST /detection/predict status=200 172.77ms
2026-09-30 15:36:11 | INFO     | uvicorn.access | 127.0.0.1:51088 - "POST /detection/predict HTTP/1.1" 200
2026-09-30 15:36:11 | INFO     | HIDS_Detection | [91ca16e2-9ed4-4a30-847c-19164bc8a4c8] verdict=BENIGN MAE=0.426344 threshold=0.500000 latency=165.589ms
2026-09-30 15:36:11 | INFO     | HIDS_API | POST /detection/predict status=200 170.06ms
2026-09-30 15:36:11 | INFO     | uvicorn.access | 127.0.0.1:52516 - "POST /detection/predict HTTP/1.1" 200
2026-09-30 15:36:12 | INFO     | HIDS_Detection | [5e0aad44-c4e1-4401-af71-73707add0708] verdict=BENIGN MAE=0.423629 threshold=0.500000 latency=187.742ms
2026-09-30 15:36:12 | INFO     | HIDS_API | POST /detection/predict status=200 190.83ms
2026-09-30 15:36:12 | INFO     | uvicorn.access | 127.0.0.1:52524 - "POST /detection/predict HTTP/1.1" 200
2026-09-30 15:36:12 | INFO     | HIDS_Detection | [8f1b6400-d468-4168-801b-70f4c7876eb6] verdict=BENIGN MAE=0.440267 threshold=0.500000 latency=179.38ms
2026-09-30 15:36:12 | INFO     | HIDS_API | POST /detection/predict status=200 182.18ms
2026-09-30 15:36:12 | INFO     | uvicorn.access | 127.0.0.1:52532 - "POST /detection/predict HTTP/1.1" 200
2026-09-30 15:36:13 | INFO     | HIDS_Detection | [ed5ef344-0faf-46ad-bf50-cc46a47bb01e] verdict=BENIGN MAE=0.449279 threshold=0.500000 latency=144.388ms
2026-09-30 15:36:13 | INFO     | HIDS_API | POST /detection/predict status=200 147.19ms
2026-09-30 15:36:13 | INFO     | uvicorn.access | 127.0.0.1:52546 - "POST /detection/predict HTTP/1.1" 200
2026-09-30 15:36:13 | INFO     | HIDS_Detection | [ad6e0996-edb3-4717-8c7f-34319182a8f2] verdict=BENIGN MAE=0.435852 threshold=0.500000 latency=173.469ms
2026-09-30 15:36:13 | INFO     | HIDS_API | POST /detection/predict status=200 177.81ms
2026-09-30 15:36:13 | INFO     | uvicorn.access | 127.0.0.1:52558 - "POST /detection/predict HTTP/1.1" 200
2026-09-30 15:36:13 | INFO     | HIDS_Detection | [6c628939-4c09-4cf1-852e-f1ede957bf9d] verdict=BENIGN MAE=0.437624 threshold=0.500000 latency=145.795ms
2026-09-30 15:36:13 | INFO     | HIDS_API | POST /detection/predict status=200 148.73ms
2026-09-30 15:36:13 | INFO     | uvicorn.access | 127.0.0.1:52570 - "POST /detection/predict HTTP/1.1" 200
2026-09-30 15:36:13 | INFO     | HIDS_Detection | [edf8a650-cfb9-48fe-a9e0-7387d8226c5f] verdict=BENIGN MAE=0.444611 threshold=0.500000 latency=180.7ms
2026-09-30 15:36:13 | INFO     | HIDS_API | POST /detection/predict status=200 183.68ms
2026-09-30 15:36:13 | INFO     | uvicorn.access | 127.0.0.1:52574 - "POST /detection/predict HTTP/1.1" 200
2026-09-30 15:36:14 | INFO     | HIDS_Detection | [a050fffe-84ab-43a9-bfd9-881e55451965] verdict=BENIGN MAE=0.453335 threshold=0.500000 latency=206.256ms
2026-09-30 15:36:14 | INFO     | HIDS_API | POST /detection/predict status=200 209.80ms
2026-09-30 15:36:14 | INFO     | uvicorn.access | 127.0.0.1:52588 - "POST /detection/predict HTTP/1.1" 200
2026-09-30 15:36:14 | INFO     | HIDS_Detection | [b7c459f1-f56c-4ef4-bacb-600f11576cc4] verdict=BENIGN MAE=0.456105 threshold=0.500000 latency=171.108ms
2026-09-30 15:36:14 | INFO     | HIDS_API | POST /detection/predict status=200 174.38ms
2026-09-30 15:36:14 | INFO     | uvicorn.access | 127.0.0.1:52596 - "POST /detection/predict HTTP/1.1" 200
2026-09-30 15:36:14 | INFO     | HIDS_Detection | [417c11ca-3764-4774-b2d6-bc7db80a787e] verdict=BENIGN MAE=0.459486 threshold=0.500000 latency=156.423ms
2026-09-30 15:36:14 | INFO     | HIDS_API | POST /detection/predict status=200 162.70ms
2026-09-30 15:36:14 | INFO     | uvicorn.access | 127.0.0.1:52598 - "POST /detection/predict HTTP/1.1" 200
2026-09-30 15:36:15 | INFO     | HIDS_Detection | [2bf3af54-1d3a-48e0-bea2-db8c912678b7] verdict=BENIGN MAE=0.457848 threshold=0.500000 latency=157.759ms
2026-09-30 15:36:15 | INFO     | HIDS_API | POST /detection/predict status=200 161.59ms
2026-09-30 15:36:15 | INFO     | uvicorn.access | 127.0.0.1:52614 - "POST /detection/predict HTTP/1.1" 200
2026-09-30 15:36:15 | INFO     | HIDS_Detection | [2126ac3a-ff0c-44dd-9db6-a839e1b03ee5] verdict=BENIGN MAE=0.442993 threshold=0.500000 latency=147.307ms
2026-09-30 15:36:15 | INFO     | HIDS_API | POST /detection/predict status=200 164.06ms
2026-09-30 15:36:15 | INFO     | uvicorn.access | 127.0.0.1:52618 - "POST /detection/predict HTTP/1.1" 200
2026-09-30 15:36:15 | INFO     | HIDS_Detection | [4fd0599f-20fa-4b9a-b84f-d3e116fb4ab2] verdict=BENIGN MAE=0.423959 threshold=0.500000 latency=175.682ms
2026-09-30 15:36:15 | INFO     | HIDS_API | POST /detection/predict status=200 178.83ms
2026-09-30 15:36:15 | INFO     | uvicorn.access | 127.0.0.1:52632 - "POST /detection/predict HTTP/1.1" 200
2026-09-30 15:36:16 | INFO     | HIDS_Detection | [67316929-af69-4195-ac7d-af71016bf983] verdict=BENIGN MAE=0.437551 threshold=0.500000 latency=165.351ms
2026-09-30 15:36:16 | INFO     | HIDS_API | POST /detection/predict status=200 172.58ms
2026-09-30 15:36:16 | INFO     | uvicorn.access | 127.0.0.1:52644 - "POST /detection/predict HTTP/1.1" 200
2026-09-30 15:36:16 | INFO     | HIDS_Detection | [333d1060-df13-480e-89d6-23db98c74317] verdict=BENIGN MAE=0.459552 threshold=0.500000 latency=156.78ms
2026-09-30 15:36:16 | INFO     | HIDS_API | POST /detection/predict status=200 161.50ms
2026-09-30 15:36:16 | INFO     | uvicorn.access | 127.0.0.1:52654 - "POST /detection/predict HTTP/1.1" 200
2026-09-30 15:36:16 | INFO     | HIDS_Detection | [51fbe54a-04a5-4f14-9ea0-04809844730c] verdict=BENIGN MAE=0.421691 threshold=0.500000 latency=162.096ms
2026-09-30 15:36:16 | INFO     | HIDS_API | POST /detection/predict status=200 169.04ms
2026-09-30 15:36:16 | INFO     | uvicorn.access | 127.0.0.1:52660 - "POST /detection/predict HTTP/1.1" 200
2026-09-30 15:36:16 | INFO     | HIDS_Detection | [d634ad95-e211-4106-be81-24ba8b45cf07] verdict=BENIGN MAE=0.461360 threshold=0.500000 latency=167.162ms
2026-09-30 15:36:16 | INFO     | HIDS_API | POST /detection/predict status=200 170.02ms
2026-09-30 15:36:16 | INFO     | uvicorn.access | 127.0.0.1:52670 - "POST /detection/predict HTTP/1.1" 200
2026-09-30 15:36:17 | INFO     | HIDS_Detection | [7df53e4f-9174-4603-acaa-78d5ea65e746] verdict=BENIGN MAE=0.436266 threshold=0.500000 latency=162.362ms
2026-09-30 15:36:17 | INFO     | HIDS_API | POST /detection/predict status=200 169.13ms
2026-09-30 15:36:17 | INFO     | uvicorn.access | 127.0.0.1:52684 - "POST /detection/predict HTTP/1.1" 200
2026-09-30 15:36:17 | INFO     | HIDS_Detection | [f109493a-1266-43e9-aad1-67f230dfe9c9] verdict=BENIGN MAE=0.417394 threshold=0.500000 latency=177.641ms
2026-09-30 15:36:17 | INFO     | HIDS_API | POST /detection/predict status=200 180.94ms
2026-09-30 15:36:17 | INFO     | uvicorn.access | 127.0.0.1:52686 - "POST /detection/predict HTTP/1.1" 200
2026-09-30 15:36:17 | INFO     | HIDS_Detection | [ae971ec6-3033-4a72-84c0-450fa20f575d] verdict=BENIGN MAE=0.421798 threshold=0.500000 latency=143.576ms
2026-09-30 15:36:17 | INFO     | HIDS_API | POST /detection/predict status=200 147.04ms
2026-09-30 15:36:17 | INFO     | uvicorn.access | 127.0.0.1:52692 - "POST /detection/predict HTTP/1.1" 200
2026-09-30 15:36:17 | INFO     | HIDS_Detection | [4e93158c-03b8-4df7-805a-ffcec51e7563] verdict=BENIGN MAE=0.477933 threshold=0.500000 latency=165.647ms
2026-09-30 15:36:17 | INFO     | HIDS_API | POST /detection/predict status=200 168.57ms
2026-09-30 15:36:17 | INFO     | uvicorn.access | 127.0.0.1:52700 - "POST /detection/predict HTTP/1.1" 200
2026-09-30 15:36:17 | INFO     | HIDS_Detection | [208c7c65-46bd-43db-b08f-d04d4a98df43] verdict=BENIGN MAE=0.442883 threshold=0.500000 latency=171.402ms
2026-09-30 15:36:17 | INFO     | HIDS_API | POST /detection/predict status=200 174.08ms
2026-09-30 15:36:17 | INFO     | uvicorn.access | 127.0.0.1:52710 - "POST /detection/predict HTTP/1.1" 200
2026-09-30 15:36:17 | INFO     | HIDS_Detection | [8552f6c1-dff3-46d7-a808-eac2818ad135] verdict=BENIGN MAE=0.440861 threshold=0.500000 latency=136.206ms
2026-09-30 15:36:17 | INFO     | HIDS_API | POST /detection/predict status=200 138.76ms
2026-09-30 15:36:17 | INFO     | uvicorn.access | 127.0.0.1:52718 - "POST /detection/predict HTTP/1.1" 200
2026-09-30 15:36:18 | INFO     | HIDS_Detection | [92cd0ae0-6e3d-4c33-8a5b-724e2146eb8a] verdict=BENIGN MAE=0.445045 threshold=0.500000 latency=152.196ms
2026-09-30 15:36:18 | INFO     | HIDS_API | POST /detection/predict status=200 157.41ms
2026-09-30 15:36:18 | INFO     | uvicorn.access | 127.0.0.1:52720 - "POST /detection/predict HTTP/1.1" 200
2026-09-30 15:36:18 | INFO     | HIDS_Detection | [d13f831e-aa66-489a-9566-00a3c9670af4] verdict=BENIGN MAE=0.463519 threshold=0.500000 latency=175.138ms
2026-09-30 15:36:18 | INFO     | HIDS_API | POST /detection/predict status=200 177.85ms
2026-09-30 15:36:18 | INFO     | uvicorn.access | 127.0.0.1:52724 - "POST /detection/predict HTTP/1.1" 200
2026-09-30 15:36:18 | INFO     | HIDS_Detection | [7f50d5cc-54a5-45ca-b7dd-57567ee31930] verdict=BENIGN MAE=0.445243 threshold=0.500000 latency=148.151ms
2026-09-30 15:36:18 | INFO     | HIDS_API | POST /detection/predict status=200 151.17ms
2026-09-30 15:36:18 | INFO     | uvicorn.access | 127.0.0.1:52728 - "POST /detection/predict HTTP/1.1" 200
2026-09-30 15:36:18 | INFO     | HIDS_Detection | [11ed4592-12fe-4151-864e-b542d7479536] verdict=BENIGN MAE=0.441821 threshold=0.500000 latency=172.454ms
2026-09-30 15:36:18 | INFO     | HIDS_API | POST /detection/predict status=200 175.41ms
2026-09-30 15:36:18 | INFO     | uvicorn.access | 127.0.0.1:52734 - "POST /detection/predict HTTP/1.1" 200
2026-09-30 15:36:19 | INFO     | HIDS_Detection | [d9844609-c51f-4035-bdf5-6737cf8a60f6] verdict=BENIGN MAE=0.436051 threshold=0.500000 latency=140.434ms
2026-09-30 15:36:19 | INFO     | HIDS_API | POST /detection/predict status=200 143.40ms
2026-09-30 15:36:19 | INFO     | uvicorn.access | 127.0.0.1:52750 - "POST /detection/predict HTTP/1.1" 200
2026-09-30 15:36:19 | INFO     | HIDS_Detection | [5551b90c-2817-4690-8bdb-90149185823d] verdict=BENIGN MAE=0.446416 threshold=0.500000 latency=138.66ms
2026-09-30 15:36:19 | INFO     | HIDS_API | POST /detection/predict status=200 141.71ms
2026-09-30 15:36:19 | INFO     | uvicorn.access | 127.0.0.1:52764 - "POST /detection/predict HTTP/1.1" 200
2026-09-30 15:36:19 | INFO     | HIDS_Detection | [fb1ace8b-616e-494c-80d7-8d6a8830db2d] verdict=BENIGN MAE=0.444548 threshold=0.500000 latency=170.422ms
2026-09-30 15:36:19 | INFO     | HIDS_API | POST /detection/predict status=200 176.78ms
2026-09-30 15:36:19 | INFO     | uvicorn.access | 127.0.0.1:52772 - "POST /detection/predict HTTP/1.1" 200
2026-09-30 15:36:19 | INFO     | HIDS_Detection | [97deb91e-34ce-47b3-8fcb-db8cb35ddbc8] verdict=BENIGN MAE=0.459863 threshold=0.500000 latency=169.229ms
2026-09-30 15:36:19 | INFO     | HIDS_API | POST /detection/predict status=200 172.29ms
2026-09-30 15:36:19 | INFO     | uvicorn.access | 127.0.0.1:52788 - "POST /detection/predict HTTP/1.1" 200
2026-09-30 15:36:19 | INFO     | HIDS_Detection | [fc25c9d9-bdd4-4b97-a3d6-30ca3a6c23fc] verdict=BENIGN MAE=0.423790 threshold=0.500000 latency=170.605ms
2026-09-30 15:36:19 | INFO     | HIDS_API | POST /detection/predict status=200 173.86ms
2026-09-30 15:36:19 | INFO     | uvicorn.access | 127.0.0.1:52796 - "POST /detection/predict HTTP/1.1" 200
2026-09-30 15:36:20 | INFO     | HIDS_Detection | [ffcd598a-fd14-4b15-9ebc-ac9fb291bb4f] verdict=BENIGN MAE=0.427155 threshold=0.500000 latency=157.75ms
2026-09-30 15:36:20 | INFO     | HIDS_API | POST /detection/predict status=200 161.92ms
2026-09-30 15:36:20 | INFO     | uvicorn.access | 127.0.0.1:52806 - "POST /detection/predict HTTP/1.1" 200
2026-09-30 15:36:20 | INFO     | HIDS_Detection | [8ca91b95-caef-4072-b2bb-e6057238648e] verdict=BENIGN MAE=0.452742 threshold=0.500000 latency=174.536ms
2026-09-30 15:36:20 | INFO     | HIDS_API | POST /detection/predict status=200 177.27ms
2026-09-30 15:36:20 | INFO     | uvicorn.access | 127.0.0.1:52822 - "POST /detection/predict HTTP/1.1" 200
2026-09-30 15:36:21 | INFO     | HIDS_Detection | [3fc266b2-243f-4ca8-9bb5-cbed82b63b9e] verdict=BENIGN MAE=0.425333 threshold=0.500000 latency=164.445ms
2026-09-30 15:36:21 | INFO     | HIDS_API | POST /detection/predict status=200 168.21ms
2026-09-30 15:36:21 | INFO     | uvicorn.access | 127.0.0.1:52828 - "POST /detection/predict HTTP/1.1" 200
2026-09-30 15:36:21 | INFO     | HIDS_Detection | [42d04b2b-9da1-49be-b7d0-af0e6fb33f80] verdict=BENIGN MAE=0.435513 threshold=0.500000 latency=158.762ms
2026-09-30 15:36:21 | INFO     | HIDS_API | POST /detection/predict status=200 161.71ms
2026-09-30 15:36:21 | INFO     | uvicorn.access | 127.0.0.1:52836 - "POST /detection/predict HTTP/1.1" 200
2026-09-30 15:36:21 | INFO     | HIDS_Detection | [d45c0fbe-6782-4801-b32c-b1f235a312d4] verdict=BENIGN MAE=0.460419 threshold=0.500000 latency=172.818ms
2026-09-30 15:36:21 | INFO     | HIDS_API | POST /detection/predict status=200 178.86ms
2026-09-30 15:36:21 | INFO     | uvicorn.access | 127.0.0.1:52846 - "POST /detection/predict HTTP/1.1" 200
2026-09-30 15:36:21 | INFO     | HIDS_Detection | [90dff26c-0ebc-4f89-af94-f57d27cc4c9e] verdict=BENIGN MAE=0.492155 threshold=0.500000 latency=139.47ms
2026-09-30 15:36:21 | INFO     | HIDS_API | POST /detection/predict status=200 142.23ms
2026-09-30 15:36:21 | INFO     | uvicorn.access | 127.0.0.1:52852 - "POST /detection/predict HTTP/1.1" 200
2026-09-30 15:36:21 | INFO     | HIDS_Detection | [6bffab8e-8f65-45f5-b3fc-e0ebad5afcc9] verdict=BENIGN MAE=0.441974 threshold=0.500000 latency=149.869ms
2026-09-30 15:36:21 | INFO     | HIDS_API | POST /detection/predict status=200 152.87ms
2026-09-30 15:36:21 | INFO     | uvicorn.access | 127.0.0.1:49222 - "POST /detection/predict HTTP/1.1" 200
2026-09-30 15:36:21 | INFO     | HIDS_Detection | [c60b952c-642d-4b8a-928a-679ce076e3ee] verdict=BENIGN MAE=0.491799 threshold=0.500000 latency=130.735ms
2026-09-30 15:36:21 | INFO     | HIDS_API | POST /detection/predict status=200 133.31ms
2026-09-30 15:36:21 | INFO     | uvicorn.access | 127.0.0.1:49232 - "POST /detection/predict HTTP/1.1" 200
2026-09-30 15:36:22 | INFO     | HIDS_Detection | [83f8d8e1-f3c4-4ca8-8a30-7a7f9dad7692] verdict=BENIGN MAE=0.433544 threshold=0.500000 latency=160.482ms
2026-09-30 15:36:22 | INFO     | HIDS_API | POST /detection/predict status=200 163.58ms
2026-09-30 15:36:22 | INFO     | uvicorn.access | 127.0.0.1:49236 - "POST /detection/predict HTTP/1.1" 200
2026-09-30 15:36:22 | INFO     | HIDS_Detection | [b60650e8-711f-41b5-a69f-51b7d679a5b9] verdict=BENIGN MAE=0.443003 threshold=0.500000 latency=158.279ms
2026-09-30 15:36:22 | INFO     | HIDS_API | POST /detection/predict status=200 161.14ms
2026-09-30 15:36:22 | INFO     | uvicorn.access | 127.0.0.1:49252 - "POST /detection/predict HTTP/1.1" 200
2026-09-30 15:36:22 | INFO     | HIDS_Detection | [62620352-1601-4a71-883b-c803efead046] verdict=BENIGN MAE=0.443053 threshold=0.500000 latency=165.697ms
2026-09-30 15:36:22 | INFO     | HIDS_API | POST /detection/predict status=200 168.58ms
2026-09-30 15:36:22 | INFO     | uvicorn.access | 127.0.0.1:49264 - "POST /detection/predict HTTP/1.1" 200
2026-09-30 15:36:22 | INFO     | HIDS_Detection | [429f849f-7693-4001-a4c4-f90a9d7d9800] verdict=BENIGN MAE=0.439713 threshold=0.500000 latency=125.109ms
2026-09-30 15:36:22 | INFO     | HIDS_API | POST /detection/predict status=200 128.37ms
2026-09-30 15:36:22 | INFO     | uvicorn.access | 127.0.0.1:49266 - "POST /detection/predict HTTP/1.1" 200
2026-09-30 15:36:22 | INFO     | HIDS_Detection | [600f086e-f5f3-4baa-a633-7314b520ef6a] verdict=BENIGN MAE=0.452072 threshold=0.500000 latency=163.237ms
2026-09-30 15:36:22 | INFO     | HIDS_API | POST /detection/predict status=200 168.66ms
2026-09-30 15:36:22 | INFO     | uvicorn.access | 127.0.0.1:49268 - "POST /detection/predict HTTP/1.1" 200
2026-09-30 15:36:23 | INFO     | HIDS_Detection | [213dca4c-1f7d-44d8-9d54-609fb71bd5c0] verdict=BENIGN MAE=0.429419 threshold=0.500000 latency=140.385ms
2026-09-30 15:36:23 | INFO     | HIDS_API | POST /detection/predict status=200 143.48ms
2026-09-30 15:36:23 | INFO     | uvicorn.access | 127.0.0.1:49278 - "POST /detection/predict HTTP/1.1" 200
2026-09-30 15:36:23 | INFO     | HIDS_Detection | [5c747bac-4bb9-4093-a0e5-86abc62f5833] verdict=BENIGN MAE=0.439431 threshold=0.500000 latency=162.295ms
2026-09-30 15:36:23 | INFO     | HIDS_API | POST /detection/predict status=200 164.86ms
2026-09-30 15:36:23 | INFO     | uvicorn.access | 127.0.0.1:49292 - "POST /detection/predict HTTP/1.1" 200
2026-09-30 15:36:23 | INFO     | HIDS_Detection | [3fe9571e-cd76-49eb-a7b7-e52d3fb1bee6] verdict=BENIGN MAE=0.418919 threshold=0.500000 latency=163.239ms
2026-09-30 15:36:23 | INFO     | HIDS_API | POST /detection/predict status=200 165.97ms
2026-09-30 15:36:23 | INFO     | uvicorn.access | 127.0.0.1:49302 - "POST /detection/predict HTTP/1.1" 200
2026-09-30 15:36:24 | INFO     | HIDS_Detection | [a8dbaf57-edf6-44c5-a057-7573f5f97709] verdict=BENIGN MAE=0.429734 threshold=0.500000 latency=159.582ms
2026-09-30 15:36:24 | INFO     | HIDS_API | POST /detection/predict status=200 162.55ms
2026-09-30 15:36:24 | INFO     | uvicorn.access | 127.0.0.1:49308 - "POST /detection/predict HTTP/1.1" 200
2026-09-30 15:36:24 | INFO     | HIDS_Detection | [da88a09c-e3d7-47bc-a845-5d8dc4335a9e] verdict=BENIGN MAE=0.443401 threshold=0.500000 latency=157.584ms
2026-09-30 15:36:24 | INFO     | HIDS_API | POST /detection/predict status=200 160.97ms
2026-09-30 15:36:24 | INFO     | uvicorn.access | 127.0.0.1:49318 - "POST /detection/predict HTTP/1.1" 200
2026-09-30 15:36:24 | INFO     | HIDS_Detection | [7cca515c-aaaf-4a6a-9bfd-4dc3988ca006] verdict=MALICIOUS MAE=0.500607 threshold=0.500000 latency=135.537ms
2026-09-30 15:36:24 | INFO     | HIDS_API | POST /detection/predict status=200 138.30ms
2026-09-30 15:36:24 | INFO     | uvicorn.access | 127.0.0.1:49332 - "POST /detection/predict HTTP/1.1" 200
2026-09-30 15:36:24 | INFO     | HIDS_Detection | [598fd8ec-24eb-410c-8cd1-05800423d29c] verdict=BENIGN MAE=0.436342 threshold=0.500000 latency=146.238ms
2026-09-30 15:36:24 | INFO     | HIDS_API | POST /detection/predict status=200 149.43ms
2026-09-30 15:36:24 | INFO     | uvicorn.access | 127.0.0.1:49338 - "POST /detection/predict HTTP/1.1" 200
2026-09-30 15:36:25 | INFO     | HIDS_Detection | [be855ac6-aca4-4392-9505-66182cdceb22] verdict=BENIGN MAE=0.442851 threshold=0.500000 latency=141.611ms
2026-09-30 15:36:25 | INFO     | HIDS_API | POST /detection/predict status=200 144.61ms
2026-09-30 15:36:25 | INFO     | uvicorn.access | 127.0.0.1:49350 - "POST /detection/predict HTTP/1.1" 200
2026-09-30 15:36:25 | INFO     | HIDS_Detection | [38ea913c-ce53-46f3-ac98-446f8274a1d7] verdict=BENIGN MAE=0.457790 threshold=0.500000 latency=144.156ms
2026-09-30 15:36:25 | INFO     | HIDS_API | POST /detection/predict status=200 147.02ms
2026-09-30 15:36:25 | INFO     | uvicorn.access | 127.0.0.1:49356 - "POST /detection/predict HTTP/1.1" 200
2026-09-30 15:36:25 | INFO     | HIDS_Detection | [63946f91-0f86-4ef8-adef-a91e04a8ac18] verdict=BENIGN MAE=0.425190 threshold=0.500000 latency=145.144ms
2026-09-30 15:36:25 | INFO     | HIDS_API | POST /detection/predict status=200 147.93ms
2026-09-30 15:36:25 | INFO     | uvicorn.access | 127.0.0.1:49362 - "POST /detection/predict HTTP/1.1" 200
2026-09-30 15:36:25 | INFO     | HIDS_Detection | [a1888395-1554-4830-b676-f45bac5746c9] verdict=BENIGN MAE=0.417405 threshold=0.500000 latency=116.703ms
2026-09-30 15:36:25 | INFO     | HIDS_API | POST /detection/predict status=200 119.39ms
2026-09-30 15:36:25 | INFO     | uvicorn.access | 127.0.0.1:49372 - "POST /detection/predict HTTP/1.1" 200
2026-09-30 15:36:25 | INFO     | HIDS_Detection | [18161033-009d-4376-8d8b-9f7a57701c8e] verdict=BENIGN MAE=0.442600 threshold=0.500000 latency=125.885ms
2026-09-30 15:36:25 | INFO     | HIDS_API | POST /detection/predict status=200 128.27ms
2026-09-30 15:36:25 | INFO     | uvicorn.access | 127.0.0.1:49386 - "POST /detection/predict HTTP/1.1" 200
2026-09-30 15:36:25 | INFO     | HIDS_Detection | [3ca8e434-362f-4e7a-9574-a6a0dff06b68] verdict=BENIGN MAE=0.418607 threshold=0.500000 latency=169.9ms
2026-09-30 15:36:25 | INFO     | HIDS_API | POST /detection/predict status=200 172.85ms
2026-09-30 15:36:25 | INFO     | uvicorn.access | 127.0.0.1:49390 - "POST /detection/predict HTTP/1.1" 200
2026-09-30 15:36:26 | INFO     | HIDS_Detection | [9284d37d-3f0c-467f-81db-c7cc62ffc130] verdict=BENIGN MAE=0.429210 threshold=0.500000 latency=167.78ms
2026-09-30 15:36:26 | INFO     | HIDS_API | POST /detection/predict status=200 173.41ms
2026-09-30 15:36:26 | INFO     | uvicorn.access | 127.0.0.1:49396 - "POST /detection/predict HTTP/1.1" 200
2026-09-30 15:36:26 | INFO     | HIDS_Detection | [da28ddef-96ee-4c14-8092-d58abbcc9347] verdict=BENIGN MAE=0.460086 threshold=0.500000 latency=145.912ms
2026-09-30 15:36:26 | INFO     | HIDS_API | POST /detection/predict status=200 148.87ms
2026-09-30 15:36:26 | INFO     | uvicorn.access | 127.0.0.1:49404 - "POST /detection/predict HTTP/1.1" 200
2026-09-30 15:36:26 | INFO     | HIDS_Detection | [326af225-0113-4618-bc8c-bc13a9b582d9] verdict=BENIGN MAE=0.460115 threshold=0.500000 latency=175.078ms
2026-09-30 15:36:26 | INFO     | HIDS_API | POST /detection/predict status=200 178.12ms
2026-09-30 15:36:26 | INFO     | uvicorn.access | 127.0.0.1:49410 - "POST /detection/predict HTTP/1.1" 200
2026-09-30 15:36:26 | INFO     | HIDS_Detection | [985128cf-483b-4cc4-991a-fe3be5869a8f] verdict=BENIGN MAE=0.417401 threshold=0.500000 latency=160.642ms
2026-09-30 15:36:26 | INFO     | HIDS_API | POST /detection/predict status=200 163.53ms
2026-09-30 15:36:26 | INFO     | uvicorn.access | 127.0.0.1:49426 - "POST /detection/predict HTTP/1.1" 200
2026-09-30 15:36:26 | INFO     | HIDS_Detection | [fed1274a-aa7d-426c-9726-1d7ba3d4f317] verdict=BENIGN MAE=0.487875 threshold=0.500000 latency=171.219ms
2026-09-30 15:36:26 | INFO     | HIDS_API | POST /detection/predict status=200 174.14ms
2026-09-30 15:36:26 | INFO     | uvicorn.access | 127.0.0.1:49432 - "POST /detection/predict HTTP/1.1" 200
2026-09-30 15:36:27 | INFO     | HIDS_Detection | [f3deb6bf-0fa3-4ca2-9e2e-f63d96f1ffb1] verdict=BENIGN MAE=0.431951 threshold=0.500000 latency=173.151ms
2026-09-30 15:36:27 | INFO     | HIDS_API | POST /detection/predict status=200 175.97ms
2026-09-30 15:36:27 | INFO     | uvicorn.access | 127.0.0.1:49436 - "POST /detection/predict HTTP/1.1" 200
2026-09-30 15:36:27 | INFO     | HIDS_Detection | [13780529-5bcd-4e02-a13d-4fc0117f0a1b] verdict=BENIGN MAE=0.461105 threshold=0.500000 latency=156.129ms
2026-09-30 15:36:27 | INFO     | HIDS_API | POST /detection/predict status=200 158.95ms
2026-09-30 15:36:27 | INFO     | uvicorn.access | 127.0.0.1:49446 - "POST /detection/predict HTTP/1.1" 200
2026-09-30 15:36:27 | INFO     | HIDS_Detection | [cb57856c-0cd7-4c9a-877d-a542df720ed8] verdict=BENIGN MAE=0.447430 threshold=0.500000 latency=134.414ms
2026-09-30 15:36:27 | INFO     | HIDS_API | POST /detection/predict status=200 137.36ms
2026-09-30 15:36:27 | INFO     | uvicorn.access | 127.0.0.1:49454 - "POST /detection/predict HTTP/1.1" 200
2026-09-30 15:36:27 | INFO     | HIDS_Detection | [811a660b-c08b-4661-bee4-cf02e9d3216e] verdict=BENIGN MAE=0.447648 threshold=0.500000 latency=210.879ms
2026-09-30 15:36:27 | INFO     | HIDS_API | POST /detection/predict status=200 213.76ms
2026-09-30 15:36:27 | INFO     | uvicorn.access | 127.0.0.1:49458 - "POST /detection/predict HTTP/1.1" 200
2026-09-30 15:36:27 | INFO     | HIDS_Detection | [847b4b15-49c7-4f93-bb40-f61534fb4821] verdict=BENIGN MAE=0.428896 threshold=0.500000 latency=152.176ms
2026-09-30 15:36:27 | INFO     | HIDS_API | POST /detection/predict status=200 155.90ms
2026-09-30 15:36:27 | INFO     | uvicorn.access | 127.0.0.1:49460 - "POST /detection/predict HTTP/1.1" 200
2026-09-30 15:36:28 | INFO     | HIDS_Detection | [4322ad9f-a292-45f3-9410-3fe55e397a60] verdict=BENIGN MAE=0.422037 threshold=0.500000 latency=139.386ms
2026-09-30 15:36:28 | INFO     | HIDS_API | POST /detection/predict status=200 144.57ms
2026-09-30 15:36:28 | INFO     | uvicorn.access | 127.0.0.1:49470 - "POST /detection/predict HTTP/1.1" 200
2026-09-30 15:36:28 | INFO     | HIDS_Detection | [85f877a6-c3bb-4a75-97dd-756f48c0a853] verdict=BENIGN MAE=0.460744 threshold=0.500000 latency=149.427ms
2026-09-30 15:36:28 | INFO     | HIDS_API | POST /detection/predict status=200 152.80ms
2026-09-30 15:36:28 | INFO     | uvicorn.access | 127.0.0.1:49478 - "POST /detection/predict HTTP/1.1" 200
2026-09-30 15:36:28 | INFO     | HIDS_Detection | [6b4e3971-6db7-46b6-98a0-4f8f45748841] verdict=BENIGN MAE=0.443819 threshold=0.500000 latency=158.425ms
2026-09-30 15:36:28 | INFO     | HIDS_API | POST /detection/predict status=200 161.42ms
2026-09-30 15:36:28 | INFO     | uvicorn.access | 127.0.0.1:49490 - "POST /detection/predict HTTP/1.1" 200
2026-09-30 15:36:28 | INFO     | HIDS_Detection | [f29ea483-7e3a-4fd4-9dfa-af27a9b6c9e3] verdict=BENIGN MAE=0.460800 threshold=0.500000 latency=175.943ms
2026-09-30 15:36:28 | INFO     | HIDS_API | POST /detection/predict status=200 178.71ms
2026-09-30 15:36:28 | INFO     | uvicorn.access | 127.0.0.1:49498 - "POST /detection/predict HTTP/1.1" 200
2026-09-30 15:36:28 | INFO     | HIDS_Detection | [c719096b-28cc-4c14-8a23-22001b36efbd] verdict=BENIGN MAE=0.437985 threshold=0.500000 latency=147.333ms
2026-09-30 15:36:28 | INFO     | HIDS_API | POST /detection/predict status=200 150.90ms
2026-09-30 15:36:28 | INFO     | uvicorn.access | 127.0.0.1:49512 - "POST /detection/predict HTTP/1.1" 200
2026-09-30 15:36:28 | INFO     | HIDS_Detection | [bbe7f3fe-182c-448a-9ee6-bd9bed09fb9b] verdict=BENIGN MAE=0.444335 threshold=0.500000 latency=147.705ms
2026-09-30 15:36:28 | INFO     | HIDS_API | POST /detection/predict status=200 151.84ms
2026-09-30 15:36:28 | INFO     | uvicorn.access | 127.0.0.1:49518 - "POST /detection/predict HTTP/1.1" 200
2026-09-30 15:36:29 | INFO     | HIDS_Detection | [bf2bc80d-936e-4f8e-87f7-231653a83987] verdict=BENIGN MAE=0.442955 threshold=0.500000 latency=166.012ms
2026-09-30 15:36:29 | INFO     | HIDS_API | POST /detection/predict status=200 168.82ms
2026-09-30 15:36:29 | INFO     | uvicorn.access | 127.0.0.1:49524 - "POST /detection/predict HTTP/1.1" 200
2026-09-30 15:36:29 | INFO     | HIDS_Detection | [a49f3f94-4eb4-45bf-b2c6-b720f64e4861] verdict=BENIGN MAE=0.442275 threshold=0.500000 latency=142.056ms
2026-09-30 15:36:29 | INFO     | HIDS_API | POST /detection/predict status=200 148.27ms
2026-09-30 15:36:29 | INFO     | uvicorn.access | 127.0.0.1:49536 - "POST /detection/predict HTTP/1.1" 200
2026-09-30 15:36:29 | INFO     | HIDS_Detection | [9ed9d20b-b35e-4482-96a4-b57a1a718a5b] verdict=BENIGN MAE=0.444817 threshold=0.500000 latency=179.824ms
2026-09-30 15:36:29 | INFO     | HIDS_API | POST /detection/predict status=200 183.16ms
2026-09-30 15:36:29 | INFO     | uvicorn.access | 127.0.0.1:49542 - "POST /detection/predict HTTP/1.1" 200
2026-09-30 15:36:29 | INFO     | HIDS_Detection | [6ff78e25-ca40-409f-988d-f7819ebfa88f] verdict=BENIGN MAE=0.440215 threshold=0.500000 latency=161.997ms
2026-09-30 15:36:29 | INFO     | HIDS_API | POST /detection/predict status=200 165.14ms
2026-09-30 15:36:29 | INFO     | uvicorn.access | 127.0.0.1:49554 - "POST /detection/predict HTTP/1.1" 200
2026-09-30 15:36:29 | INFO     | HIDS_Detection | [5731c5ae-73a6-4cfd-9c3a-6abe200adf52] verdict=BENIGN MAE=0.442905 threshold=0.500000 latency=168.977ms
2026-09-30 15:36:29 | INFO     | HIDS_API | POST /detection/predict status=200 173.30ms
2026-09-30 15:36:29 | INFO     | uvicorn.access | 127.0.0.1:49566 - "POST /detection/predict HTTP/1.1" 200
2026-09-30 15:36:30 | INFO     | HIDS_Detection | [618390e1-5985-4c0a-9beb-ef4b9d837a16] verdict=BENIGN MAE=0.441239 threshold=0.500000 latency=256.746ms
2026-09-30 15:36:30 | INFO     | HIDS_API | POST /detection/predict status=200 259.59ms
2026-09-30 15:36:30 | INFO     | uvicorn.access | 127.0.0.1:49570 - "POST /detection/predict HTTP/1.1" 200
2026-09-30 15:36:30 | INFO     | HIDS_Detection | [41f3ce1e-0e0b-46c7-a483-b0cd50d2b3b8] verdict=BENIGN MAE=0.428228 threshold=0.500000 latency=166.379ms
2026-09-30 15:36:30 | INFO     | HIDS_API | POST /detection/predict status=200 169.39ms
2026-09-30 15:36:30 | INFO     | uvicorn.access | 127.0.0.1:49578 - "POST /detection/predict HTTP/1.1" 200
2026-09-30 15:36:30 | INFO     | HIDS_Detection | [2431fd97-55c6-48f3-9eff-27fdafd5cc9d] verdict=BENIGN MAE=0.454296 threshold=0.500000 latency=151.164ms
2026-09-30 15:36:30 | INFO     | HIDS_API | POST /detection/predict status=200 155.31ms
2026-09-30 15:36:30 | INFO     | uvicorn.access | 127.0.0.1:49580 - "POST /detection/predict HTTP/1.1" 200
2026-09-30 15:36:30 | INFO     | HIDS_Detection | [2519ddcf-abf9-4ce1-96b8-296294acb884] verdict=BENIGN MAE=0.444477 threshold=0.500000 latency=160.919ms
2026-09-30 15:36:30 | INFO     | HIDS_API | POST /detection/predict status=200 163.88ms
2026-09-30 15:36:30 | INFO     | uvicorn.access | 127.0.0.1:49588 - "POST /detection/predict HTTP/1.1" 200
2026-09-30 15:36:31 | INFO     | HIDS_Detection | [36c69088-7ab6-4b57-8ab8-8ff24719d032] verdict=BENIGN MAE=0.460927 threshold=0.500000 latency=153.577ms
2026-09-30 15:36:31 | INFO     | HIDS_API | POST /detection/predict status=200 156.83ms
2026-09-30 15:36:31 | INFO     | uvicorn.access | 127.0.0.1:49596 - "POST /detection/predict HTTP/1.1" 200
2026-09-30 15:36:31 | INFO     | HIDS_Detection | [236cddfe-437d-4857-84d7-6e5d13f53ec6] verdict=BENIGN MAE=0.491031 threshold=0.500000 latency=149.646ms
2026-09-30 15:36:31 | INFO     | HIDS_API | POST /detection/predict status=200 152.76ms
2026-09-30 15:36:31 | INFO     | uvicorn.access | 127.0.0.1:49604 - "POST /detection/predict HTTP/1.1" 200
2026-09-30 15:36:31 | INFO     | HIDS_Detection | [ea44d0e6-2693-432d-8066-c29de048d1a3] verdict=BENIGN MAE=0.422084 threshold=0.500000 latency=163.429ms
2026-09-30 15:36:31 | INFO     | HIDS_API | POST /detection/predict status=200 168.94ms
2026-09-30 15:36:31 | INFO     | uvicorn.access | 127.0.0.1:49620 - "POST /detection/predict HTTP/1.1" 200
2026-09-30 15:36:31 | INFO     | HIDS_Detection | [419da82b-4699-4128-93fd-796b42351439] verdict=BENIGN MAE=0.451224 threshold=0.500000 latency=153.333ms
2026-09-30 15:36:31 | INFO     | HIDS_API | POST /detection/predict status=200 155.98ms
2026-09-30 15:36:31 | INFO     | uvicorn.access | 127.0.0.1:49628 - "POST /detection/predict HTTP/1.1" 200
2026-09-30 15:36:31 | INFO     | HIDS_Detection | [9a9e57ad-ebc4-43c8-a653-7003e1dd8ce9] verdict=BENIGN MAE=0.443750 threshold=0.500000 latency=170.115ms
2026-09-30 15:36:31 | INFO     | HIDS_API | POST /detection/predict status=200 172.83ms
2026-09-30 15:36:31 | INFO     | uvicorn.access | 127.0.0.1:46390 - "POST /detection/predict HTTP/1.1" 200
2026-09-30 15:36:32 | INFO     | HIDS_Detection | [15b84683-7f41-40d2-ac79-6b889a89f188] verdict=BENIGN MAE=0.432412 threshold=0.500000 latency=137.944ms
2026-09-30 15:36:32 | INFO     | HIDS_API | POST /detection/predict status=200 140.54ms
2026-09-30 15:36:32 | INFO     | uvicorn.access | 127.0.0.1:46394 - "POST /detection/predict HTTP/1.1" 200
2026-09-30 15:36:32 | INFO     | HIDS_Detection | [6b859882-bc5c-449a-92b0-630151799d85] verdict=BENIGN MAE=0.424571 threshold=0.500000 latency=155.666ms
2026-09-30 15:36:32 | INFO     | HIDS_API | POST /detection/predict status=200 161.31ms
2026-09-30 15:36:32 | INFO     | uvicorn.access | 127.0.0.1:46400 - "POST /detection/predict HTTP/1.1" 200
2026-09-30 15:36:32 | INFO     | HIDS_Detection | [916e6edc-f690-4327-b4de-f0dc1f5e813b] verdict=BENIGN MAE=0.442762 threshold=0.500000 latency=140.271ms
2026-09-30 15:36:32 | INFO     | HIDS_API | POST /detection/predict status=200 143.25ms
2026-09-30 15:36:32 | INFO     | uvicorn.access | 127.0.0.1:46406 - "POST /detection/predict HTTP/1.1" 200
2026-09-30 15:36:33 | INFO     | HIDS_Detection | [49ffa268-fb4d-4ca5-a387-e73a44e040c2] verdict=BENIGN MAE=0.449657 threshold=0.500000 latency=158.773ms
2026-09-30 15:36:33 | INFO     | HIDS_API | POST /detection/predict status=200 161.47ms
2026-09-30 15:36:33 | INFO     | uvicorn.access | 127.0.0.1:46412 - "POST /detection/predict HTTP/1.1" 200
2026-09-30 15:36:33 | INFO     | HIDS_Detection | [309bf293-773f-4fa6-b383-8492f68ab067] verdict=BENIGN MAE=0.459154 threshold=0.500000 latency=134.659ms
2026-09-30 15:36:33 | INFO     | HIDS_API | POST /detection/predict status=200 137.59ms
2026-09-30 15:36:33 | INFO     | uvicorn.access | 127.0.0.1:46424 - "POST /detection/predict HTTP/1.1" 200
2026-09-30 15:36:33 | INFO     | HIDS_Detection | [2e27d15f-e1cc-4189-a733-f939f54b9b23] verdict=BENIGN MAE=0.441543 threshold=0.500000 latency=154.066ms
2026-09-30 15:36:33 | INFO     | HIDS_API | POST /detection/predict status=200 156.60ms
2026-09-30 15:36:33 | INFO     | uvicorn.access | 127.0.0.1:46438 - "POST /detection/predict HTTP/1.1" 200
2026-09-30 15:36:34 | INFO     | HIDS_Detection | [4d36c1cb-d879-4291-bd36-25922700c54a] verdict=BENIGN MAE=0.423365 threshold=0.500000 latency=153.297ms
2026-09-30 15:36:34 | INFO     | HIDS_API | POST /detection/predict status=200 160.80ms
2026-09-30 15:36:34 | INFO     | uvicorn.access | 127.0.0.1:46448 - "POST /detection/predict HTTP/1.1" 200
2026-09-30 15:36:34 | INFO     | HIDS_Detection | [5bbf13e4-ea71-4a7d-ad74-0a5babcc6657] verdict=BENIGN MAE=0.441327 threshold=0.500000 latency=141.56ms
2026-09-30 15:36:34 | INFO     | HIDS_API | POST /detection/predict status=200 151.06ms
2026-09-30 15:36:34 | INFO     | uvicorn.access | 127.0.0.1:46456 - "POST /detection/predict HTTP/1.1" 200
2026-09-30 15:36:34 | INFO     | HIDS_Detection | [8c2949c8-b407-4dee-8ee1-4e9a1d1a2db8] verdict=BENIGN MAE=0.467894 threshold=0.500000 latency=143.203ms
2026-09-30 15:36:34 | INFO     | HIDS_API | POST /detection/predict status=200 145.95ms
2026-09-30 15:36:34 | INFO     | uvicorn.access | 127.0.0.1:46468 - "POST /detection/predict HTTP/1.1" 200
2026-09-30 15:36:34 | INFO     | HIDS_Detection | [c1db3982-5b29-4e3c-a0bd-d5cd074c44f9] verdict=BENIGN MAE=0.440160 threshold=0.500000 latency=163.458ms
2026-09-30 15:36:34 | INFO     | HIDS_API | POST /detection/predict status=200 166.04ms
2026-09-30 15:36:34 | INFO     | uvicorn.access | 127.0.0.1:46484 - "POST /detection/predict HTTP/1.1" 200
2026-09-30 15:36:34 | INFO     | HIDS_Detection | [8964dfb8-b018-48fd-973d-9aeda029a4df] verdict=BENIGN MAE=0.467884 threshold=0.500000 latency=146.059ms
2026-09-30 15:36:34 | INFO     | HIDS_API | POST /detection/predict status=200 148.67ms
2026-09-30 15:36:34 | INFO     | uvicorn.access | 127.0.0.1:46488 - "POST /detection/predict HTTP/1.1" 200
2026-09-30 15:36:34 | INFO     | HIDS_Detection | [e05c90c3-cf90-49ca-a32f-b701edf9036f] verdict=BENIGN MAE=0.460110 threshold=0.500000 latency=142.484ms
2026-09-30 15:36:34 | INFO     | HIDS_API | POST /detection/predict status=200 145.03ms
2026-09-30 15:36:34 | INFO     | uvicorn.access | 127.0.0.1:46502 - "POST /detection/predict HTTP/1.1" 200
2026-09-30 15:36:35 | INFO     | HIDS_Detection | [f6a422fe-0ad9-402d-9fbb-2157c71688e9] verdict=BENIGN MAE=0.432475 threshold=0.500000 latency=147.757ms
2026-09-30 15:36:35 | INFO     | HIDS_API | POST /detection/predict status=200 150.75ms
2026-09-30 15:36:35 | INFO     | uvicorn.access | 127.0.0.1:46508 - "POST /detection/predict HTTP/1.1" 200
2026-09-30 15:36:35 | INFO     | HIDS_Detection | [76af8ea0-2ad5-4fbd-a802-f58167edffd0] verdict=BENIGN MAE=0.446560 threshold=0.500000 latency=128.776ms
2026-09-30 15:36:35 | INFO     | HIDS_API | POST /detection/predict status=200 131.57ms
2026-09-30 15:36:35 | INFO     | uvicorn.access | 127.0.0.1:46518 - "POST /detection/predict HTTP/1.1" 200
2026-09-30 15:36:35 | INFO     | HIDS_Detection | [ec7b9cf4-7fbc-43d6-8637-b95041d3289b] verdict=BENIGN MAE=0.483081 threshold=0.500000 latency=155.449ms
2026-09-30 15:36:35 | INFO     | HIDS_API | POST /detection/predict status=200 158.01ms
2026-09-30 15:36:35 | INFO     | uvicorn.access | 127.0.0.1:46524 - "POST /detection/predict HTTP/1.1" 200
2026-09-30 15:36:35 | INFO     | HIDS_Detection | [b05de486-1f01-4005-b56b-cd70a16b7b13] verdict=BENIGN MAE=0.495772 threshold=0.500000 latency=209.857ms
2026-09-30 15:36:35 | INFO     | HIDS_API | POST /detection/predict status=200 213.71ms
2026-09-30 15:36:35 | INFO     | uvicorn.access | 127.0.0.1:46532 - "POST /detection/predict HTTP/1.1" 200
2026-09-30 15:36:35 | INFO     | uvicorn.access | 127.0.0.1:46542 - "GET /ready HTTP/1.1" 200
2026-09-30 15:36:35 | INFO     | HIDS_Detection | [2b35ce64-36ec-412b-b7c5-8929e22a68f0] verdict=BENIGN MAE=0.434240 threshold=0.500000 latency=128.696ms
2026-09-30 15:36:35 | INFO     | HIDS_API | POST /detection/predict status=200 132.55ms
2026-09-30 15:36:35 | INFO     | uvicorn.access | 127.0.0.1:46554 - "POST /detection/predict HTTP/1.1" 200
2026-09-30 15:36:36 | INFO     | HIDS_Detection | [38285a76-b66b-450b-bd33-04f71061349a] verdict=BENIGN MAE=0.465730 threshold=0.500000 latency=152.139ms
2026-09-30 15:36:36 | INFO     | HIDS_API | POST /detection/predict status=200 155.16ms
2026-09-30 15:36:36 | INFO     | uvicorn.access | 127.0.0.1:46560 - "POST /detection/predict HTTP/1.1" 200
2026-09-30 15:36:36 | INFO     | HIDS_Detection | [d9043c8b-64ab-4a60-881a-9375ea12a566] verdict=BENIGN MAE=0.492069 threshold=0.500000 latency=144.406ms
2026-09-30 15:36:36 | INFO     | HIDS_API | POST /detection/predict status=200 147.49ms
2026-09-30 15:36:36 | INFO     | uvicorn.access | 127.0.0.1:46570 - "POST /detection/predict HTTP/1.1" 200
2026-09-30 15:36:36 | INFO     | HIDS_Detection | [9edc0486-ecd1-4997-80e1-47b8e8e44852] verdict=BENIGN MAE=0.459993 threshold=0.500000 latency=203.306ms
2026-09-30 15:36:36 | INFO     | HIDS_API | POST /detection/predict status=200 206.36ms
2026-09-30 15:36:36 | INFO     | uvicorn.access | 127.0.0.1:46574 - "POST /detection/predict HTTP/1.1" 200
2026-09-30 15:36:36 | INFO     | HIDS_Detection | [4953ac52-9b58-412d-9c7a-1d7660dfe7b4] verdict=BENIGN MAE=0.447344 threshold=0.500000 latency=177.402ms
2026-09-30 15:36:36 | INFO     | HIDS_API | POST /detection/predict status=200 180.79ms
2026-09-30 15:36:36 | INFO     | uvicorn.access | 127.0.0.1:46590 - "POST /detection/predict HTTP/1.1" 200
2026-09-30 15:36:36 | INFO     | HIDS_Detection | [2b35a993-109f-43f2-9a9a-1df35bc0bb84] verdict=BENIGN MAE=0.460670 threshold=0.500000 latency=144.337ms
2026-09-30 15:36:36 | INFO     | HIDS_API | POST /detection/predict status=200 153.03ms
2026-09-30 15:36:36 | INFO     | uvicorn.access | 127.0.0.1:46602 - "POST /detection/predict HTTP/1.1" 200
2026-09-30 15:36:37 | INFO     | HIDS_Detection | [60fdb062-048d-49e0-a65a-dde593f7ec38] verdict=BENIGN MAE=0.441925 threshold=0.500000 latency=188.624ms
2026-09-30 15:36:37 | INFO     | HIDS_API | POST /detection/predict status=200 201.63ms
2026-09-30 15:36:37 | INFO     | uvicorn.access | 127.0.0.1:46608 - "POST /detection/predict HTTP/1.1" 200
2026-09-30 15:36:37 | INFO     | HIDS_Detection | [97d8cda2-b972-4c1a-9d9b-0d72907d571a] verdict=BENIGN MAE=0.435461 threshold=0.500000 latency=157.915ms
2026-09-30 15:36:37 | INFO     | HIDS_API | POST /detection/predict status=200 162.05ms
2026-09-30 15:36:37 | INFO     | uvicorn.access | 127.0.0.1:46622 - "POST /detection/predict HTTP/1.1" 200
2026-09-30 15:36:37 | INFO     | HIDS_Detection | [99288ef2-c677-4bf3-a60a-24ad43fd6b10] verdict=BENIGN MAE=0.440228 threshold=0.500000 latency=175.572ms
2026-09-30 15:36:37 | INFO     | HIDS_API | POST /detection/predict status=200 178.63ms
2026-09-30 15:36:37 | INFO     | uvicorn.access | 127.0.0.1:46632 - "POST /detection/predict HTTP/1.1" 200
2026-09-30 15:36:37 | INFO     | HIDS_Detection | [b1f0fd41-64d8-4096-afde-4fd4e6f8a29c] verdict=BENIGN MAE=0.441400 threshold=0.500000 latency=175.039ms
2026-09-30 15:36:37 | INFO     | HIDS_API | POST /detection/predict status=200 179.07ms
2026-09-30 15:36:37 | INFO     | uvicorn.access | 127.0.0.1:46634 - "POST /detection/predict HTTP/1.1" 200
2026-09-30 15:36:37 | INFO     | HIDS_Detection | [6a889e16-857e-40a5-af27-541e34f29455] verdict=BENIGN MAE=0.439902 threshold=0.500000 latency=167.798ms
2026-09-30 15:36:37 | INFO     | HIDS_API | POST /detection/predict status=200 170.56ms
2026-09-30 15:36:37 | INFO     | uvicorn.access | 127.0.0.1:46636 - "POST /detection/predict HTTP/1.1" 200
2026-09-30 15:36:37 | INFO     | HIDS_Detection | [c1c53e13-09eb-4573-af04-255ff0b49573] verdict=BENIGN MAE=0.439846 threshold=0.500000 latency=129.296ms
2026-09-30 15:36:37 | INFO     | HIDS_API | POST /detection/predict status=200 131.92ms
2026-09-30 15:36:37 | INFO     | uvicorn.access | 127.0.0.1:46638 - "POST /detection/predict HTTP/1.1" 200
2026-09-30 15:36:38 | INFO     | HIDS_Detection | [7f2410fb-a6a3-49b4-94b8-14223473cc14] verdict=BENIGN MAE=0.448645 threshold=0.500000 latency=181.167ms
2026-09-30 15:36:38 | INFO     | HIDS_API | POST /detection/predict status=200 184.15ms
2026-09-30 15:36:38 | INFO     | uvicorn.access | 127.0.0.1:46652 - "POST /detection/predict HTTP/1.1" 200
2026-09-30 15:36:38 | INFO     | HIDS_Detection | [54eb160e-2f05-4428-a1f8-c43235db6420] verdict=BENIGN MAE=0.438385 threshold=0.500000 latency=150.105ms
2026-09-30 15:36:38 | INFO     | HIDS_API | POST /detection/predict status=200 153.50ms
2026-09-30 15:36:38 | INFO     | uvicorn.access | 127.0.0.1:46664 - "POST /detection/predict HTTP/1.1" 200
2026-09-30 15:36:38 | INFO     | HIDS_Detection | [b3bca077-4b89-4ac8-bd61-cd3f70d2de6a] verdict=MALICIOUS MAE=0.518408 threshold=0.500000 latency=177.076ms
2026-09-30 15:36:38 | INFO     | HIDS_API | POST /detection/predict status=200 179.60ms
2026-09-30 15:36:38 | INFO     | uvicorn.access | 127.0.0.1:46680 - "POST /detection/predict HTTP/1.1" 200
2026-09-30 15:36:38 | INFO     | HIDS_Detection | [4501dbd2-3c8c-46ad-a3b7-abcde2268de8] verdict=BENIGN MAE=0.441065 threshold=0.500000 latency=145.763ms
2026-09-30 15:36:38 | INFO     | HIDS_API | POST /detection/predict status=200 148.59ms
2026-09-30 15:36:38 | INFO     | uvicorn.access | 127.0.0.1:46688 - "POST /detection/predict HTTP/1.1" 200
2026-09-30 15:36:38 | INFO     | HIDS_Detection | [91945f20-a48f-4e87-aff3-47ff8179b782] verdict=BENIGN MAE=0.440612 threshold=0.500000 latency=188.3ms
2026-09-30 15:36:38 | INFO     | HIDS_API | POST /detection/predict status=200 196.85ms
2026-09-30 15:36:38 | INFO     | uvicorn.access | 127.0.0.1:46702 - "POST /detection/predict HTTP/1.1" 200
2026-09-30 15:36:39 | INFO     | HIDS_Detection | [ac57b54d-4e42-4e97-85fc-a084f21121c3] verdict=BENIGN MAE=0.494767 threshold=0.500000 latency=147.462ms
2026-09-30 15:36:39 | INFO     | HIDS_API | POST /detection/predict status=200 150.64ms
2026-09-30 15:36:39 | INFO     | uvicorn.access | 127.0.0.1:46706 - "POST /detection/predict HTTP/1.1" 200
2026-09-30 15:36:39 | INFO     | HIDS_Detection | [dbbbefcb-bfe8-46b3-a480-c637e0368ed9] verdict=BENIGN MAE=0.440872 threshold=0.500000 latency=155.377ms
2026-09-30 15:36:39 | INFO     | HIDS_API | POST /detection/predict status=200 160.73ms
2026-09-30 15:36:39 | INFO     | uvicorn.access | 127.0.0.1:46718 - "POST /detection/predict HTTP/1.1" 200
2026-09-30 15:36:39 | INFO     | HIDS_Detection | [f8f1bbf4-02db-4de2-aa40-290d17afca60] verdict=BENIGN MAE=0.443069 threshold=0.500000 latency=164.498ms
2026-09-30 15:36:39 | INFO     | HIDS_API | POST /detection/predict status=200 168.67ms
2026-09-30 15:36:39 | INFO     | uvicorn.access | 127.0.0.1:46728 - "POST /detection/predict HTTP/1.1" 200
2026-09-30 15:36:39 | INFO     | HIDS_Detection | [dafa1d2d-c6f1-48ae-8c37-c9e8eda7cad1] verdict=BENIGN MAE=0.417164 threshold=0.500000 latency=144.412ms
2026-09-30 15:36:39 | INFO     | HIDS_API | POST /detection/predict status=200 147.23ms
2026-09-30 15:36:39 | INFO     | uvicorn.access | 127.0.0.1:46734 - "POST /detection/predict HTTP/1.1" 200
2026-09-30 15:36:39 | INFO     | HIDS_Detection | [283032e9-db74-4683-bb50-5287e49d0fb7] verdict=BENIGN MAE=0.434988 threshold=0.500000 latency=156.343ms
2026-09-30 15:36:39 | INFO     | HIDS_API | POST /detection/predict status=200 159.98ms
2026-09-30 15:36:39 | INFO     | uvicorn.access | 127.0.0.1:46738 - "POST /detection/predict HTTP/1.1" 200
2026-09-30 15:36:40 | INFO     | HIDS_Detection | [98346b3f-b145-4629-952d-5cdb9f08f5d3] verdict=BENIGN MAE=0.459845 threshold=0.500000 latency=157.04ms
2026-09-30 15:36:40 | INFO     | HIDS_API | POST /detection/predict status=200 159.96ms
2026-09-30 15:36:40 | INFO     | uvicorn.access | 127.0.0.1:46740 - "POST /detection/predict HTTP/1.1" 200
2026-09-30 15:36:40 | INFO     | HIDS_Detection | [977231f4-ab2c-4198-a090-179ceecce8fb] verdict=BENIGN MAE=0.467884 threshold=0.500000 latency=144.779ms
2026-09-30 15:36:40 | INFO     | HIDS_API | POST /detection/predict status=200 148.57ms
2026-09-30 15:36:40 | INFO     | uvicorn.access | 127.0.0.1:46752 - "POST /detection/predict HTTP/1.1" 200
2026-09-30 15:36:40 | INFO     | HIDS_Detection | [0a431138-637b-4930-8ed2-c0bbe5263729] verdict=BENIGN MAE=0.446725 threshold=0.500000 latency=163.523ms
2026-09-30 15:36:40 | INFO     | HIDS_API | POST /detection/predict status=200 166.26ms
2026-09-30 15:36:40 | INFO     | uvicorn.access | 127.0.0.1:46766 - "POST /detection/predict HTTP/1.1" 200
2026-09-30 15:36:40 | INFO     | HIDS_Detection | [06cf27fc-7434-4024-88df-66b33a105ab5] verdict=BENIGN MAE=0.446656 threshold=0.500000 latency=169.449ms
2026-09-30 15:36:40 | INFO     | HIDS_API | POST /detection/predict status=200 173.47ms
2026-09-30 15:36:40 | INFO     | uvicorn.access | 127.0.0.1:46780 - "POST /detection/predict HTTP/1.1" 200
2026-09-30 15:36:40 | INFO     | HIDS_Detection | [4b9c77cc-bd17-48da-af54-8b7ef9675dbd] verdict=BENIGN MAE=0.460209 threshold=0.500000 latency=157.34ms
2026-09-30 15:36:40 | INFO     | HIDS_API | POST /detection/predict status=200 160.01ms
2026-09-30 15:36:40 | INFO     | uvicorn.access | 127.0.0.1:46792 - "POST /detection/predict HTTP/1.1" 200
2026-09-30 15:36:40 | INFO     | HIDS_Detection | [14267d50-63bb-4b77-8713-8c209ec33768] verdict=BENIGN MAE=0.459891 threshold=0.500000 latency=154.284ms
2026-09-30 15:36:40 | INFO     | HIDS_API | POST /detection/predict status=200 159.33ms
2026-09-30 15:36:40 | INFO     | uvicorn.access | 127.0.0.1:46796 - "POST /detection/predict HTTP/1.1" 200
2026-09-30 15:36:41 | INFO     | HIDS_Detection | [d7dbd17d-27ca-4a2e-8227-e5635b1e2875] verdict=BENIGN MAE=0.492253 threshold=0.500000 latency=163.49ms
2026-09-30 15:36:41 | INFO     | HIDS_API | POST /detection/predict status=200 165.98ms
2026-09-30 15:36:41 | INFO     | uvicorn.access | 127.0.0.1:46800 - "POST /detection/predict HTTP/1.1" 200
2026-09-30 15:36:41 | INFO     | HIDS_Detection | [5b4e139f-53fa-41d0-b35b-19aa5c51a58b] verdict=BENIGN MAE=0.460116 threshold=0.500000 latency=155.312ms
2026-09-30 15:36:41 | INFO     | HIDS_API | POST /detection/predict status=200 158.49ms
2026-09-30 15:36:41 | INFO     | uvicorn.access | 127.0.0.1:46804 - "POST /detection/predict HTTP/1.1" 200
2026-09-30 15:36:41 | INFO     | HIDS_Detection | [b783f1c1-a1d3-44b2-9128-796243f07610] verdict=BENIGN MAE=0.428964 threshold=0.500000 latency=155.634ms
2026-09-30 15:36:41 | INFO     | HIDS_API | POST /detection/predict status=200 158.30ms
2026-09-30 15:36:41 | INFO     | uvicorn.access | 127.0.0.1:46810 - "POST /detection/predict HTTP/1.1" 200
2026-09-30 15:36:41 | INFO     | HIDS_Detection | [0747d8b2-c632-4b1d-883e-ffac946c6a25] verdict=BENIGN MAE=0.446721 threshold=0.500000 latency=143.978ms
2026-09-30 15:36:41 | INFO     | HIDS_API | POST /detection/predict status=200 146.51ms
2026-09-30 15:36:41 | INFO     | uvicorn.access | 127.0.0.1:46820 - "POST /detection/predict HTTP/1.1" 200
2026-09-30 15:36:41 | INFO     | HIDS_Detection | [403e6a05-3ce0-49cc-b5a4-cc5a2a1bd9c7] verdict=BENIGN MAE=0.499884 threshold=0.500000 latency=159.582ms
2026-09-30 15:36:41 | INFO     | HIDS_API | POST /detection/predict status=200 168.24ms
2026-09-30 15:36:41 | INFO     | uvicorn.access | 127.0.0.1:34364 - "POST /detection/predict HTTP/1.1" 200
2026-09-30 15:36:42 | INFO     | HIDS_Detection | [715dc042-db30-4f57-8a14-af0aae895e15] verdict=BENIGN MAE=0.439878 threshold=0.500000 latency=132.56ms
2026-09-30 15:36:42 | INFO     | HIDS_API | POST /detection/predict status=200 135.28ms
2026-09-30 15:36:42 | INFO     | uvicorn.access | 127.0.0.1:34370 - "POST /detection/predict HTTP/1.1" 200
2026-09-30 15:36:42 | INFO     | HIDS_Detection | [35fe934b-4d25-41d2-8144-2c8b4012dd4a] verdict=BENIGN MAE=0.460436 threshold=0.500000 latency=133.928ms
2026-09-30 15:36:42 | INFO     | HIDS_API | POST /detection/predict status=200 137.88ms
2026-09-30 15:36:42 | INFO     | uvicorn.access | 127.0.0.1:34376 - "POST /detection/predict HTTP/1.1" 200
2026-09-30 15:36:42 | INFO     | HIDS_Detection | [410d4879-3a91-46d5-bfd2-92ed7962833f] verdict=BENIGN MAE=0.445741 threshold=0.500000 latency=168.89ms
2026-09-30 15:36:42 | INFO     | HIDS_API | POST /detection/predict status=200 172.02ms
2026-09-30 15:36:42 | INFO     | uvicorn.access | 127.0.0.1:34392 - "POST /detection/predict HTTP/1.1" 200
2026-09-30 15:36:42 | INFO     | HIDS_Detection | [bb46e8ac-1424-4fa4-acf4-cb71ac13f0d6] verdict=BENIGN MAE=0.452349 threshold=0.500000 latency=180.778ms
2026-09-30 15:36:42 | INFO     | HIDS_API | POST /detection/predict status=200 184.76ms
2026-09-30 15:36:42 | INFO     | uvicorn.access | 127.0.0.1:34406 - "POST /detection/predict HTTP/1.1" 200
2026-09-30 15:36:42 | INFO     | HIDS_Detection | [066ebed1-36ad-442c-aa9d-679d00b616e9] verdict=BENIGN MAE=0.437018 threshold=0.500000 latency=166.669ms
2026-09-30 15:36:42 | INFO     | HIDS_API | POST /detection/predict status=200 169.72ms
2026-09-30 15:36:42 | INFO     | uvicorn.access | 127.0.0.1:34408 - "POST /detection/predict HTTP/1.1" 200
2026-09-30 15:36:43 | INFO     | HIDS_Detection | [d154b0ea-9455-419f-a0fd-b636ff82c67f] verdict=BENIGN MAE=0.443486 threshold=0.500000 latency=161.223ms
2026-09-30 15:36:43 | INFO     | HIDS_API | POST /detection/predict status=200 164.00ms
2026-09-30 15:36:43 | INFO     | uvicorn.access | 127.0.0.1:34418 - "POST /detection/predict HTTP/1.1" 200
2026-09-30 15:36:43 | INFO     | HIDS_Detection | [549f68d7-6bc1-4f64-84f9-07492541087b] verdict=BENIGN MAE=0.460923 threshold=0.500000 latency=162.56ms
2026-09-30 15:36:43 | INFO     | HIDS_API | POST /detection/predict status=200 167.46ms
2026-09-30 15:36:43 | INFO     | uvicorn.access | 127.0.0.1:34430 - "POST /detection/predict HTTP/1.1" 200
2026-09-30 15:36:43 | INFO     | HIDS_Detection | [3a4b8f37-9ac6-4bac-896c-1f6c9be30d67] verdict=BENIGN MAE=0.442842 threshold=0.500000 latency=147.595ms
2026-09-30 15:36:43 | INFO     | HIDS_API | POST /detection/predict status=200 154.08ms
2026-09-30 15:36:43 | INFO     | uvicorn.access | 127.0.0.1:34436 - "POST /detection/predict HTTP/1.1" 200
2026-09-30 15:36:43 | INFO     | HIDS_Detection | [aa389cb7-af8b-414b-98f4-2cf0a2ccc2c0] verdict=BENIGN MAE=0.480344 threshold=0.500000 latency=166.503ms
2026-09-30 15:36:43 | INFO     | HIDS_API | POST /detection/predict status=200 169.28ms
2026-09-30 15:36:43 | INFO     | uvicorn.access | 127.0.0.1:34448 - "POST /detection/predict HTTP/1.1" 200
2026-09-30 15:36:43 | INFO     | HIDS_Detection | [f1a278a2-d88f-4ab3-ba8f-16ec7c4b965d] verdict=BENIGN MAE=0.442129 threshold=0.500000 latency=164.189ms
2026-09-30 15:36:43 | INFO     | HIDS_API | POST /detection/predict status=200 167.03ms
2026-09-30 15:36:43 | INFO     | uvicorn.access | 127.0.0.1:34464 - "POST /detection/predict HTTP/1.1" 200
2026-09-30 15:36:43 | INFO     | HIDS_Detection | [2c4a21a6-3e0c-4be9-ae39-401634bd486b] verdict=BENIGN MAE=0.442076 threshold=0.500000 latency=148.842ms
2026-09-30 15:36:43 | INFO     | HIDS_API | POST /detection/predict status=200 151.55ms
2026-09-30 15:36:43 | INFO     | uvicorn.access | 127.0.0.1:34466 - "POST /detection/predict HTTP/1.1" 200
2026-09-30 15:36:44 | INFO     | HIDS_Detection | [730edee6-cd15-4a47-9eeb-7a0c5ee55c90] verdict=BENIGN MAE=0.445082 threshold=0.500000 latency=147.824ms
2026-09-30 15:36:44 | INFO     | HIDS_API | POST /detection/predict status=200 151.06ms
2026-09-30 15:36:44 | INFO     | uvicorn.access | 127.0.0.1:34476 - "POST /detection/predict HTTP/1.1" 200
2026-09-30 15:36:44 | INFO     | HIDS_Detection | [5ab72850-44d9-42ad-ae64-0ddb216e3193] verdict=BENIGN MAE=0.482537 threshold=0.500000 latency=163.253ms
2026-09-30 15:36:44 | INFO     | HIDS_API | POST /detection/predict status=200 166.60ms
2026-09-30 15:36:44 | INFO     | uvicorn.access | 127.0.0.1:34488 - "POST /detection/predict HTTP/1.1" 200
2026-09-30 15:36:44 | INFO     | HIDS_Detection | [6dfaa94a-0224-4930-8ba8-b94cdf817100] verdict=BENIGN MAE=0.439259 threshold=0.500000 latency=177.628ms
2026-09-30 15:36:44 | INFO     | HIDS_API | POST /detection/predict status=200 183.19ms
2026-09-30 15:36:44 | INFO     | uvicorn.access | 127.0.0.1:34494 - "POST /detection/predict HTTP/1.1" 200
2026-09-30 15:36:44 | INFO     | HIDS_Detection | [d24ea113-6efa-440b-820f-53d3171d8c32] verdict=BENIGN MAE=0.407787 threshold=0.500000 latency=146.291ms
2026-09-30 15:36:44 | INFO     | HIDS_API | POST /detection/predict status=200 149.07ms
2026-09-30 15:36:44 | INFO     | uvicorn.access | 127.0.0.1:34500 - "POST /detection/predict HTTP/1.1" 200
2026-09-30 15:36:44 | INFO     | HIDS_Detection | [7a870cb4-01df-44a2-b8fb-240322a6f858] verdict=BENIGN MAE=0.454733 threshold=0.500000 latency=163.022ms
2026-09-30 15:36:44 | INFO     | HIDS_API | POST /detection/predict status=200 165.66ms
2026-09-30 15:36:44 | INFO     | uvicorn.access | 127.0.0.1:34512 - "POST /detection/predict HTTP/1.1" 200
2026-09-30 15:36:45 | INFO     | HIDS_Detection | [b5058159-ebbf-414b-8519-0c7e3163e341] verdict=BENIGN MAE=0.464554 threshold=0.500000 latency=167.759ms
2026-09-30 15:36:45 | INFO     | HIDS_API | POST /detection/predict status=200 170.84ms
2026-09-30 15:36:45 | INFO     | uvicorn.access | 127.0.0.1:34514 - "POST /detection/predict HTTP/1.1" 200
2026-09-30 15:36:45 | INFO     | HIDS_Detection | [3d090aae-c2b0-45d2-8899-09ecb19a23bc] verdict=BENIGN MAE=0.441329 threshold=0.500000 latency=177.399ms
2026-09-30 15:36:45 | INFO     | HIDS_API | POST /detection/predict status=200 181.02ms
2026-09-30 15:36:45 | INFO     | uvicorn.access | 127.0.0.1:34526 - "POST /detection/predict HTTP/1.1" 200
2026-09-30 15:36:45 | INFO     | HIDS_Detection | [7892cd15-d5fe-4f15-bc11-5884ebb1c860] verdict=BENIGN MAE=0.470578 threshold=0.500000 latency=171.259ms
2026-09-30 15:36:45 | INFO     | HIDS_API | POST /detection/predict status=200 175.40ms
2026-09-30 15:36:45 | INFO     | uvicorn.access | 127.0.0.1:34538 - "POST /detection/predict HTTP/1.1" 200
2026-09-30 15:36:45 | INFO     | HIDS_Detection | [4f528954-5f4d-4733-a492-7e11026e4e56] verdict=BENIGN MAE=0.438402 threshold=0.500000 latency=164.288ms
2026-09-30 15:36:45 | INFO     | HIDS_API | POST /detection/predict status=200 187.38ms
2026-09-30 15:36:45 | INFO     | uvicorn.access | 127.0.0.1:34540 - "POST /detection/predict HTTP/1.1" 200
2026-09-30 15:36:45 | INFO     | HIDS_Detection | [d14696b4-22c3-4984-91ef-cb96bceee23a] verdict=BENIGN MAE=0.437508 threshold=0.500000 latency=178.023ms
2026-09-30 15:36:45 | INFO     | HIDS_API | POST /detection/predict status=200 181.58ms
2026-09-30 15:36:45 | INFO     | uvicorn.access | 127.0.0.1:34550 - "POST /detection/predict HTTP/1.1" 200
2026-09-30 15:36:46 | INFO     | HIDS_Detection | [46249f92-f590-4245-b6cf-57e30645c8a9] verdict=BENIGN MAE=0.439894 threshold=0.500000 latency=187.963ms
2026-09-30 15:36:46 | INFO     | HIDS_API | POST /detection/predict status=200 193.14ms
2026-09-30 15:36:46 | INFO     | uvicorn.access | 127.0.0.1:34564 - "POST /detection/predict HTTP/1.1" 200
2026-09-30 15:36:46 | INFO     | HIDS_Detection | [c49fd316-906b-408e-8cf7-1bcd2d16ca90] verdict=BENIGN MAE=0.436456 threshold=0.500000 latency=209.2ms
2026-09-30 15:36:46 | INFO     | HIDS_API | POST /detection/predict status=200 212.21ms
2026-09-30 15:36:46 | INFO     | uvicorn.access | 127.0.0.1:34576 - "POST /detection/predict HTTP/1.1" 200
2026-09-30 15:36:46 | INFO     | HIDS_Detection | [8b66ec9d-ce5a-442b-9239-f33bcd5d59aa] verdict=BENIGN MAE=0.426081 threshold=0.500000 latency=271.473ms
2026-09-30 15:36:46 | INFO     | HIDS_API | POST /detection/predict status=200 275.63ms
2026-09-30 15:36:46 | INFO     | uvicorn.access | 127.0.0.1:34582 - "POST /detection/predict HTTP/1.1" 200
2026-09-30 15:36:46 | INFO     | HIDS_Detection | [031f7e13-e637-4c1b-b64d-a63c7a92b56e] verdict=BENIGN MAE=0.476259 threshold=0.500000 latency=172.21ms
2026-09-30 15:36:46 | INFO     | HIDS_API | POST /detection/predict status=200 177.39ms
2026-09-30 15:36:46 | INFO     | uvicorn.access | 127.0.0.1:34596 - "POST /detection/predict HTTP/1.1" 200
2026-09-30 15:36:47 | INFO     | HIDS_Detection | [506ec73c-cbdc-4796-9c25-92a39e1ba801] verdict=BENIGN MAE=0.460091 threshold=0.500000 latency=134.901ms
2026-09-30 15:36:47 | INFO     | HIDS_API | POST /detection/predict status=200 138.90ms
2026-09-30 15:36:47 | INFO     | uvicorn.access | 127.0.0.1:34606 - "POST /detection/predict HTTP/1.1" 200
2026-09-30 15:36:47 | INFO     | HIDS_Detection | [90798e5d-43b5-47ac-9441-8e14e4975628] verdict=BENIGN MAE=0.400496 threshold=0.500000 latency=169.509ms
2026-09-30 15:36:47 | INFO     | HIDS_API | POST /detection/predict status=200 172.62ms
2026-09-30 15:36:47 | INFO     | uvicorn.access | 127.0.0.1:34618 - "POST /detection/predict HTTP/1.1" 200
2026-09-30 15:36:47 | INFO     | HIDS_Detection | [14610bd7-8875-4076-8d44-725723603d0e] verdict=BENIGN MAE=0.471722 threshold=0.500000 latency=145.987ms
2026-09-30 15:36:47 | INFO     | HIDS_API | POST /detection/predict status=200 151.04ms
2026-09-30 15:36:47 | INFO     | uvicorn.access | 127.0.0.1:34634 - "POST /detection/predict HTTP/1.1" 200
2026-09-30 15:36:47 | INFO     | HIDS_Detection | [9e174b29-2ec9-490a-b0f2-2956277d8532] verdict=BENIGN MAE=0.480258 threshold=0.500000 latency=176.199ms
2026-09-30 15:36:47 | INFO     | HIDS_API | POST /detection/predict status=200 181.59ms
2026-09-30 15:36:47 | INFO     | uvicorn.access | 127.0.0.1:34644 - "POST /detection/predict HTTP/1.1" 200
2026-09-30 15:36:47 | INFO     | HIDS_Detection | [55bcacd2-65d1-4af2-9b4f-6d2541434783] verdict=BENIGN MAE=0.493563 threshold=0.500000 latency=144.972ms
2026-09-30 15:36:47 | INFO     | HIDS_API | POST /detection/predict status=200 148.41ms
2026-09-30 15:36:47 | INFO     | uvicorn.access | 127.0.0.1:34646 - "POST /detection/predict HTTP/1.1" 200
2026-09-30 15:36:47 | INFO     | HIDS_Detection | [03f8a729-b296-4747-b33b-85b31ed08f7b] verdict=BENIGN MAE=0.445552 threshold=0.500000 latency=157.146ms
2026-09-30 15:36:47 | INFO     | HIDS_API | POST /detection/predict status=200 160.01ms
2026-09-30 15:36:47 | INFO     | uvicorn.access | 127.0.0.1:34656 - "POST /detection/predict HTTP/1.1" 200
2026-09-30 15:36:48 | INFO     | HIDS_Detection | [3b5282bc-d5a0-4817-9b7f-32d37af5087e] verdict=BENIGN MAE=0.423771 threshold=0.500000 latency=177.136ms
2026-09-30 15:36:48 | INFO     | HIDS_API | POST /detection/predict status=200 180.04ms
2026-09-30 15:36:48 | INFO     | uvicorn.access | 127.0.0.1:34670 - "POST /detection/predict HTTP/1.1" 200
2026-09-30 15:36:48 | INFO     | HIDS_Detection | [3b48aaf2-ed5e-4d44-908b-5efc9bdff359] verdict=BENIGN MAE=0.434752 threshold=0.500000 latency=162.015ms
2026-09-30 15:36:48 | INFO     | HIDS_API | POST /detection/predict status=200 172.01ms
2026-09-30 15:36:48 | INFO     | uvicorn.access | 127.0.0.1:34678 - "POST /detection/predict HTTP/1.1" 200
2026-09-30 15:36:48 | INFO     | HIDS_Detection | [3e15d7e0-97cf-4cf3-9d95-be515f7cdc46] verdict=BENIGN MAE=0.460114 threshold=0.500000 latency=182.366ms
2026-09-30 15:36:48 | INFO     | HIDS_API | POST /detection/predict status=200 187.56ms
2026-09-30 15:36:48 | INFO     | uvicorn.access | 127.0.0.1:34694 - "POST /detection/predict HTTP/1.1" 200
2026-09-30 15:36:48 | INFO     | HIDS_Detection | [91f3047f-7c38-4e6e-871c-bf85365bc845] verdict=BENIGN MAE=0.444034 threshold=0.500000 latency=171.725ms
2026-09-30 15:36:48 | INFO     | HIDS_API | POST /detection/predict status=200 175.04ms
2026-09-30 15:36:48 | INFO     | uvicorn.access | 127.0.0.1:34698 - "POST /detection/predict HTTP/1.1" 200
2026-09-30 15:36:49 | INFO     | HIDS_Detection | [b45bf923-bf83-47ee-9871-e204756643dc] verdict=BENIGN MAE=0.483420 threshold=0.500000 latency=168.889ms
2026-09-30 15:36:49 | INFO     | HIDS_API | POST /detection/predict status=200 174.25ms
2026-09-30 15:36:49 | INFO     | uvicorn.access | 127.0.0.1:34712 - "POST /detection/predict HTTP/1.1" 200
2026-09-30 15:36:49 | INFO     | HIDS_Detection | [cdf7b06d-7142-4371-b8f3-0bbb2f3cdabb] verdict=BENIGN MAE=0.473649 threshold=0.500000 latency=172.247ms
2026-09-30 15:36:49 | INFO     | HIDS_API | POST /detection/predict status=200 174.94ms
2026-09-30 15:36:49 | INFO     | uvicorn.access | 127.0.0.1:34722 - "POST /detection/predict HTTP/1.1" 200
2026-09-30 15:36:49 | INFO     | HIDS_Detection | [2488d930-0094-4d16-a7f7-3d665e8aff32] verdict=BENIGN MAE=0.459907 threshold=0.500000 latency=189.338ms
2026-09-30 15:36:49 | INFO     | HIDS_API | POST /detection/predict status=200 197.27ms
2026-09-30 15:36:49 | INFO     | uvicorn.access | 127.0.0.1:34736 - "POST /detection/predict HTTP/1.1" 200
2026-09-30 15:36:49 | INFO     | HIDS_Detection | [97461fa8-c1ca-45aa-a13b-b4dccfe32a9c] verdict=BENIGN MAE=0.460049 threshold=0.500000 latency=163.286ms
2026-09-30 15:36:49 | INFO     | HIDS_API | POST /detection/predict status=200 165.73ms
2026-09-30 15:36:49 | INFO     | uvicorn.access | 127.0.0.1:34752 - "POST /detection/predict HTTP/1.1" 200
2026-09-30 15:36:49 | INFO     | HIDS_Detection | [30230b4c-cafb-4a56-be09-2301feed473d] verdict=BENIGN MAE=0.437509 threshold=0.500000 latency=156.879ms
2026-09-30 15:36:49 | INFO     | HIDS_API | POST /detection/predict status=200 160.00ms
2026-09-30 15:36:49 | INFO     | uvicorn.access | 127.0.0.1:34764 - "POST /detection/predict HTTP/1.1" 200
2026-09-30 15:36:50 | INFO     | HIDS_Detection | [980b25b4-17e5-4e0b-b4ae-234da5c55873] verdict=BENIGN MAE=0.460108 threshold=0.500000 latency=168.092ms
2026-09-30 15:36:50 | INFO     | HIDS_API | POST /detection/predict status=200 172.01ms
2026-09-30 15:36:50 | INFO     | uvicorn.access | 127.0.0.1:34774 - "POST /detection/predict HTTP/1.1" 200
2026-09-30 15:36:50 | INFO     | HIDS_Detection | [a59b19a2-d8e0-4e6f-9243-99f370582548] verdict=BENIGN MAE=0.491576 threshold=0.500000 latency=165.781ms
2026-09-30 15:36:50 | INFO     | HIDS_API | POST /detection/predict status=200 168.59ms
2026-09-30 15:36:50 | INFO     | uvicorn.access | 127.0.0.1:34788 - "POST /detection/predict HTTP/1.1" 200
2026-09-30 15:36:50 | INFO     | HIDS_Detection | [9dfd0f9c-5376-4253-a2ad-77aa8c245fe5] verdict=BENIGN MAE=0.438866 threshold=0.500000 latency=150.567ms
2026-09-30 15:36:50 | INFO     | HIDS_API | POST /detection/predict status=200 153.22ms
2026-09-30 15:36:50 | INFO     | uvicorn.access | 127.0.0.1:34804 - "POST /detection/predict HTTP/1.1" 200
2026-09-30 15:36:50 | INFO     | HIDS_Detection | [d7c46d18-b1b1-48ad-888c-36d6532db192] verdict=BENIGN MAE=0.491249 threshold=0.500000 latency=191.847ms
2026-09-30 15:36:50 | INFO     | HIDS_API | POST /detection/predict status=200 197.25ms
2026-09-30 15:36:50 | INFO     | uvicorn.access | 127.0.0.1:34816 - "POST /detection/predict HTTP/1.1" 200
2026-09-30 15:36:50 | INFO     | HIDS_Detection | [5fb84e76-f3d1-4c56-81fd-589e00bfb742] verdict=BENIGN MAE=0.429860 threshold=0.500000 latency=171.536ms
2026-09-30 15:36:50 | INFO     | HIDS_API | POST /detection/predict status=200 177.82ms
2026-09-30 15:36:50 | INFO     | uvicorn.access | 127.0.0.1:34828 - "POST /detection/predict HTTP/1.1" 200
2026-09-30 15:36:51 | INFO     | HIDS_Detection | [defcd5fb-4ace-475d-b9ae-384349cc1d3f] verdict=BENIGN MAE=0.425056 threshold=0.500000 latency=146.147ms
2026-09-30 15:36:51 | INFO     | HIDS_API | POST /detection/predict status=200 150.94ms
2026-09-30 15:36:51 | INFO     | uvicorn.access | 127.0.0.1:34836 - "POST /detection/predict HTTP/1.1" 200
2026-09-30 15:36:51 | INFO     | HIDS_Detection | [98d9fb44-c756-466a-8e75-1e44c08491a2] verdict=BENIGN MAE=0.470588 threshold=0.500000 latency=172.925ms
2026-09-30 15:36:51 | INFO     | HIDS_API | POST /detection/predict status=200 177.80ms
2026-09-30 15:36:51 | INFO     | uvicorn.access | 127.0.0.1:34844 - "POST /detection/predict HTTP/1.1" 200
2026-09-30 15:36:51 | INFO     | HIDS_Detection | [b7063104-83fc-469c-9106-ecb4ee51d1e6] verdict=BENIGN MAE=0.442444 threshold=0.500000 latency=178.926ms
2026-09-30 15:36:51 | INFO     | HIDS_API | POST /detection/predict status=200 182.10ms
2026-09-30 15:36:51 | INFO     | uvicorn.access | 127.0.0.1:34860 - "POST /detection/predict HTTP/1.1" 200
2026-09-30 15:36:51 | INFO     | HIDS_Detection | [6f9af9ec-248b-4641-9e3f-e7e8ba936bd4] verdict=BENIGN MAE=0.440648 threshold=0.500000 latency=172.519ms
2026-09-30 15:36:51 | INFO     | HIDS_API | POST /detection/predict status=200 175.41ms
2026-09-30 15:36:51 | INFO     | uvicorn.access | 127.0.0.1:34872 - "POST /detection/predict HTTP/1.1" 200
2026-09-30 15:36:51 | INFO     | HIDS_Detection | [920c8c1e-cef2-4dde-b0a0-2460e68a5f9b] verdict=BENIGN MAE=0.438278 threshold=0.500000 latency=172.531ms
2026-09-30 15:36:51 | INFO     | HIDS_API | POST /detection/predict status=200 175.42ms
2026-09-30 15:36:51 | INFO     | uvicorn.access | 127.0.0.1:35274 - "POST /detection/predict HTTP/1.1" 200
2026-09-30 15:36:52 | INFO     | HIDS_Detection | [b0d4eba9-5dc7-4790-a525-09045398941a] verdict=BENIGN MAE=0.460815 threshold=0.500000 latency=140.787ms
2026-09-30 15:36:52 | INFO     | HIDS_API | POST /detection/predict status=200 143.78ms
2026-09-30 15:36:52 | INFO     | uvicorn.access | 127.0.0.1:35282 - "POST /detection/predict HTTP/1.1" 200
2026-09-30 15:36:52 | INFO     | HIDS_Detection | [0eb9d64b-3b8a-4b48-8679-61241919b208] verdict=BENIGN MAE=0.445634 threshold=0.500000 latency=162.979ms
2026-09-30 15:36:52 | INFO     | HIDS_API | POST /detection/predict status=200 166.16ms
2026-09-30 15:36:52 | INFO     | uvicorn.access | 127.0.0.1:35298 - "POST /detection/predict HTTP/1.1" 200
2026-09-30 15:36:52 | INFO     | HIDS_Detection | [ef870172-cbf0-42f7-9dbd-4246ff2239a3] verdict=BENIGN MAE=0.460940 threshold=0.500000 latency=164.258ms
2026-09-30 15:36:52 | INFO     | HIDS_API | POST /detection/predict status=200 168.69ms
2026-09-30 15:36:52 | INFO     | uvicorn.access | 127.0.0.1:35304 - "POST /detection/predict HTTP/1.1" 200
2026-09-30 15:36:52 | INFO     | HIDS_Detection | [0c01cab5-ba25-45d3-85be-3dec922ee73d] verdict=BENIGN MAE=0.442307 threshold=0.500000 latency=176.782ms
2026-09-30 15:36:52 | INFO     | HIDS_API | POST /detection/predict status=200 180.62ms
2026-09-30 15:36:52 | INFO     | uvicorn.access | 127.0.0.1:35306 - "POST /detection/predict HTTP/1.1" 200
2026-09-30 15:36:52 | INFO     | HIDS_Detection | [061646ef-38fa-4330-b254-edcc60c1a96c] verdict=BENIGN MAE=0.438704 threshold=0.500000 latency=154.625ms
2026-09-30 15:36:52 | INFO     | HIDS_API | POST /detection/predict status=200 158.76ms
2026-09-30 15:36:52 | INFO     | uvicorn.access | 127.0.0.1:35314 - "POST /detection/predict HTTP/1.1" 200
2026-09-30 15:36:52 | INFO     | HIDS_Detection | [c7207518-481c-4f4c-af62-712837f7a00c] verdict=BENIGN MAE=0.442224 threshold=0.500000 latency=175.695ms
2026-09-30 15:36:52 | INFO     | HIDS_API | POST /detection/predict status=200 180.39ms
2026-09-30 15:36:52 | INFO     | uvicorn.access | 127.0.0.1:35328 - "POST /detection/predict HTTP/1.1" 200
2026-09-30 15:36:53 | INFO     | HIDS_Detection | [78118cc3-ae27-49f6-87fa-7557267ce62d] verdict=MALICIOUS MAE=0.502635 threshold=0.500000 latency=172.919ms
2026-09-30 15:36:53 | INFO     | HIDS_API | POST /detection/predict status=200 177.28ms
2026-09-30 15:36:53 | INFO     | uvicorn.access | 127.0.0.1:35330 - "POST /detection/predict HTTP/1.1" 200
2026-09-30 15:36:53 | INFO     | HIDS_Detection | [4de712b9-c155-4dbe-bad6-5376be389791] verdict=MALICIOUS MAE=0.503065 threshold=0.500000 latency=174.421ms
2026-09-30 15:36:53 | INFO     | HIDS_API | POST /detection/predict status=200 177.49ms
2026-09-30 15:36:53 | INFO     | uvicorn.access | 127.0.0.1:35338 - "POST /detection/predict HTTP/1.1" 200
2026-09-30 15:36:53 | INFO     | HIDS_Detection | [8022b824-8480-4066-aa8c-050d14ee4b8e] verdict=BENIGN MAE=0.458569 threshold=0.500000 latency=176.858ms
2026-09-30 15:36:53 | INFO     | HIDS_API | POST /detection/predict status=200 180.96ms
2026-09-30 15:36:53 | INFO     | uvicorn.access | 127.0.0.1:35346 - "POST /detection/predict HTTP/1.1" 200
2026-09-30 15:36:53 | INFO     | HIDS_Detection | [25e1ecba-155b-4554-b46d-fc11e6578ca6] verdict=BENIGN MAE=0.460675 threshold=0.500000 latency=153.118ms
2026-09-30 15:36:53 | INFO     | HIDS_API | POST /detection/predict status=200 156.35ms
2026-09-30 15:36:53 | INFO     | uvicorn.access | 127.0.0.1:35362 - "POST /detection/predict HTTP/1.1" 200
2026-09-30 15:36:54 | INFO     | HIDS_Detection | [11b7d1db-7983-4a5c-b8a3-27275cc5255a] verdict=BENIGN MAE=0.439313 threshold=0.500000 latency=183.857ms
2026-09-30 15:36:54 | INFO     | HIDS_API | POST /detection/predict status=200 187.83ms
2026-09-30 15:36:54 | INFO     | uvicorn.access | 127.0.0.1:35368 - "POST /detection/predict HTTP/1.1" 200
2026-09-30 15:36:54 | INFO     | HIDS_Detection | [fcd1c234-4bfe-4732-bf39-81c8290f8f6c] verdict=BENIGN MAE=0.460090 threshold=0.500000 latency=167.338ms
2026-09-30 15:36:54 | INFO     | HIDS_API | POST /detection/predict status=200 171.08ms
2026-09-30 15:36:54 | INFO     | uvicorn.access | 127.0.0.1:35370 - "POST /detection/predict HTTP/1.1" 200
2026-09-30 15:36:54 | INFO     | HIDS_Detection | [fdac205c-db48-4f9f-991e-3eed67ee6492] verdict=BENIGN MAE=0.439396 threshold=0.500000 latency=170.452ms
2026-09-30 15:36:54 | INFO     | HIDS_API | POST /detection/predict status=200 174.70ms
2026-09-30 15:36:54 | INFO     | uvicorn.access | 127.0.0.1:35374 - "POST /detection/predict HTTP/1.1" 200
2026-09-30 15:36:54 | INFO     | HIDS_Detection | [7f169018-ea27-4ae6-b627-a70e1eceba73] verdict=BENIGN MAE=0.462773 threshold=0.500000 latency=169.066ms
2026-09-30 15:36:54 | INFO     | HIDS_API | POST /detection/predict status=200 172.61ms
2026-09-30 15:36:54 | INFO     | uvicorn.access | 127.0.0.1:35388 - "POST /detection/predict HTTP/1.1" 200
2026-09-30 15:36:54 | INFO     | HIDS_Detection | [b091f661-bd14-4f6a-8f5b-c6b4a33616e8] verdict=BENIGN MAE=0.444560 threshold=0.500000 latency=176.994ms
2026-09-30 15:36:54 | INFO     | HIDS_API | POST /detection/predict status=200 181.09ms
2026-09-30 15:36:54 | INFO     | uvicorn.access | 127.0.0.1:35404 - "POST /detection/predict HTTP/1.1" 200
2026-09-30 15:36:55 | INFO     | HIDS_Detection | [ae050f2a-a3b6-48f7-a2e6-0001b7348a67] verdict=BENIGN MAE=0.438923 threshold=0.500000 latency=155.887ms
2026-09-30 15:36:55 | INFO     | HIDS_API | POST /detection/predict status=200 159.72ms
2026-09-30 15:36:55 | INFO     | uvicorn.access | 127.0.0.1:35416 - "POST /detection/predict HTTP/1.1" 200
2026-09-30 15:36:55 | INFO     | HIDS_Detection | [6332b456-4923-4d56-a2d2-a2156317ba69] verdict=BENIGN MAE=0.440106 threshold=0.500000 latency=175.288ms
2026-09-30 15:36:55 | INFO     | HIDS_API | POST /detection/predict status=200 181.90ms
2026-09-30 15:36:55 | INFO     | uvicorn.access | 127.0.0.1:35430 - "POST /detection/predict HTTP/1.1" 200
2026-09-30 15:36:55 | INFO     | HIDS_Detection | [dad31108-5ee0-421f-af65-b7705520c0f8] verdict=BENIGN MAE=0.460941 threshold=0.500000 latency=160.878ms
2026-09-30 15:36:55 | INFO     | HIDS_API | POST /detection/predict status=200 167.97ms
2026-09-30 15:36:55 | INFO     | uvicorn.access | 127.0.0.1:35438 - "POST /detection/predict HTTP/1.1" 200
2026-09-30 15:36:55 | INFO     | HIDS_Detection | [a0eec16e-6245-42f3-a323-35bf8426147d] verdict=BENIGN MAE=0.443619 threshold=0.500000 latency=149.481ms
2026-09-30 15:36:55 | INFO     | HIDS_API | POST /detection/predict status=200 152.86ms
2026-09-30 15:36:55 | INFO     | uvicorn.access | 127.0.0.1:35452 - "POST /detection/predict HTTP/1.1" 200
2026-09-30 15:36:55 | INFO     | HIDS_Detection | [b0ac0877-2b2f-4168-8c5a-a99518265f6c] verdict=BENIGN MAE=0.446085 threshold=0.500000 latency=169.188ms
2026-09-30 15:36:55 | INFO     | HIDS_API | POST /detection/predict status=200 172.63ms
2026-09-30 15:36:55 | INFO     | uvicorn.access | 127.0.0.1:35468 - "POST /detection/predict HTTP/1.1" 200
2026-09-30 15:36:56 | INFO     | HIDS_Detection | [76d161b6-4d2c-49bb-b025-66359dc84cc1] verdict=BENIGN MAE=0.440712 threshold=0.500000 latency=179.258ms
2026-09-30 15:36:56 | INFO     | HIDS_API | POST /detection/predict status=200 182.77ms
2026-09-30 15:36:56 | INFO     | uvicorn.access | 127.0.0.1:35482 - "POST /detection/predict HTTP/1.1" 200
2026-09-30 15:36:56 | INFO     | HIDS_Detection | [6d28460d-5be8-43d9-a3f6-e8a7e8e6221d] verdict=BENIGN MAE=0.439807 threshold=0.500000 latency=140.651ms
2026-09-30 15:36:56 | INFO     | HIDS_API | POST /detection/predict status=200 147.98ms
2026-09-30 15:36:56 | INFO     | uvicorn.access | 127.0.0.1:35496 - "POST /detection/predict HTTP/1.1" 200
2026-09-30 15:36:56 | INFO     | HIDS_Detection | [d2d3bd88-8581-44d3-ad00-f73e25af2cad] verdict=BENIGN MAE=0.447004 threshold=0.500000 latency=152.793ms
2026-09-30 15:36:56 | INFO     | HIDS_API | POST /detection/predict status=200 157.88ms
2026-09-30 15:36:56 | INFO     | uvicorn.access | 127.0.0.1:35512 - "POST /detection/predict HTTP/1.1" 200
2026-09-30 15:36:56 | INFO     | HIDS_Detection | [9d5ff5f1-8f9c-4fa6-b8c2-2be0c2714582] verdict=MALICIOUS MAE=0.504763 threshold=0.500000 latency=181.573ms
2026-09-30 15:36:56 | INFO     | HIDS_API | POST /detection/predict status=200 184.67ms
2026-09-30 15:36:56 | INFO     | uvicorn.access | 127.0.0.1:35522 - "POST /detection/predict HTTP/1.1" 200
2026-09-30 15:36:57 | INFO     | HIDS_Detection | [9dc38fe1-b290-442d-99b4-a24ecd6eeb64] verdict=BENIGN MAE=0.413301 threshold=0.500000 latency=273.419ms
2026-09-30 15:36:57 | INFO     | HIDS_API | POST /detection/predict status=200 276.53ms
2026-09-30 15:36:57 | INFO     | uvicorn.access | 127.0.0.1:35536 - "POST /detection/predict HTTP/1.1" 200
2026-09-30 15:36:57 | INFO     | HIDS_Detection | [b4526f0d-7b45-4843-ba03-9d28bc4a03c9] verdict=BENIGN MAE=0.495648 threshold=0.500000 latency=168.796ms
2026-09-30 15:36:57 | INFO     | HIDS_API | POST /detection/predict status=200 171.67ms
2026-09-30 15:36:57 | INFO     | uvicorn.access | 127.0.0.1:35552 - "POST /detection/predict HTTP/1.1" 200
2026-09-30 15:36:57 | INFO     | HIDS_Detection | [113cd311-9af6-48b2-9096-1a143df6591e] verdict=BENIGN MAE=0.469177 threshold=0.500000 latency=174.032ms
2026-09-30 15:36:57 | INFO     | HIDS_API | POST /detection/predict status=200 178.79ms
2026-09-30 15:36:57 | INFO     | uvicorn.access | 127.0.0.1:35562 - "POST /detection/predict HTTP/1.1" 200
2026-09-30 15:36:57 | INFO     | HIDS_Detection | [baaaf361-e23f-4a39-8eca-158da23c1d6d] verdict=BENIGN MAE=0.441231 threshold=0.500000 latency=166.936ms
2026-09-30 15:36:57 | INFO     | HIDS_API | POST /detection/predict status=200 171.18ms
2026-09-30 15:36:57 | INFO     | uvicorn.access | 127.0.0.1:35568 - "POST /detection/predict HTTP/1.1" 200
2026-09-30 15:36:57 | INFO     | HIDS_Detection | [f5d3cc1c-f395-4370-9d17-837e779c3c31] verdict=BENIGN MAE=0.437408 threshold=0.500000 latency=156.452ms
2026-09-30 15:36:57 | INFO     | HIDS_API | POST /detection/predict status=200 160.73ms
2026-09-30 15:36:57 | INFO     | uvicorn.access | 127.0.0.1:35574 - "POST /detection/predict HTTP/1.1" 200
2026-09-30 15:36:58 | INFO     | HIDS_Detection | [3e107c1a-ff66-477d-8738-4520adaaa8c1] verdict=BENIGN MAE=0.426950 threshold=0.500000 latency=177.961ms
2026-09-30 15:36:58 | INFO     | HIDS_API | POST /detection/predict status=200 181.75ms
2026-09-30 15:36:58 | INFO     | uvicorn.access | 127.0.0.1:35578 - "POST /detection/predict HTTP/1.1" 200
2026-09-30 15:36:58 | INFO     | HIDS_Detection | [d599541c-ee25-493a-9f20-19e74a9b5046] verdict=BENIGN MAE=0.460883 threshold=0.500000 latency=152.848ms
2026-09-30 15:36:58 | INFO     | HIDS_API | POST /detection/predict status=200 155.85ms
2026-09-30 15:36:58 | INFO     | uvicorn.access | 127.0.0.1:35584 - "POST /detection/predict HTTP/1.1" 200
2026-09-30 15:36:58 | INFO     | HIDS_Detection | [7ef173ca-9d66-41e7-8a15-c4c491ddef79] verdict=BENIGN MAE=0.440311 threshold=0.500000 latency=166.102ms
2026-09-30 15:36:58 | INFO     | HIDS_API | POST /detection/predict status=200 169.20ms
2026-09-30 15:36:58 | INFO     | uvicorn.access | 127.0.0.1:35598 - "POST /detection/predict HTTP/1.1" 200
2026-09-30 15:36:58 | INFO     | HIDS_Detection | [54f3753b-1e6c-44da-874c-56e26ceca76b] verdict=BENIGN MAE=0.460807 threshold=0.500000 latency=168.643ms
2026-09-30 15:36:58 | INFO     | HIDS_API | POST /detection/predict status=200 174.58ms
2026-09-30 15:36:58 | INFO     | uvicorn.access | 127.0.0.1:35608 - "POST /detection/predict HTTP/1.1" 200
2026-09-30 15:36:58 | INFO     | HIDS_Detection | [2b093876-c794-489b-a439-c726d866fd43] verdict=BENIGN MAE=0.438683 threshold=0.500000 latency=174.976ms
2026-09-30 15:36:58 | INFO     | HIDS_API | POST /detection/predict status=200 180.57ms
2026-09-30 15:36:58 | INFO     | uvicorn.access | 127.0.0.1:35622 - "POST /detection/predict HTTP/1.1" 200
2026-09-30 15:36:58 | INFO     | HIDS_Detection | [ebec6afb-b3ab-4b63-bc75-da3ad2968a4f] verdict=BENIGN MAE=0.494280 threshold=0.500000 latency=166.162ms
2026-09-30 15:36:58 | INFO     | HIDS_API | POST /detection/predict status=200 168.78ms
2026-09-30 15:36:58 | INFO     | uvicorn.access | 127.0.0.1:35636 - "POST /detection/predict HTTP/1.1" 200
2026-09-30 15:36:59 | INFO     | HIDS_Detection | [3eb29c77-6460-474b-98bb-6405d370ed71] verdict=BENIGN MAE=0.494517 threshold=0.500000 latency=167.691ms
2026-09-30 15:36:59 | INFO     | HIDS_API | POST /detection/predict status=200 173.10ms
2026-09-30 15:36:59 | INFO     | uvicorn.access | 127.0.0.1:35640 - "POST /detection/predict HTTP/1.1" 200
2026-09-30 15:36:59 | INFO     | HIDS_Detection | [a8b9b5cc-6c76-4d1f-b35d-bc0d8c356914] verdict=BENIGN MAE=0.465951 threshold=0.500000 latency=184.147ms
2026-09-30 15:36:59 | INFO     | HIDS_API | POST /detection/predict status=200 189.50ms
2026-09-30 15:36:59 | INFO     | uvicorn.access | 127.0.0.1:35654 - "POST /detection/predict HTTP/1.1" 200
2026-09-30 15:36:59 | INFO     | HIDS_Detection | [3e453f34-6899-472a-82d8-d8fc2c85bd77] verdict=BENIGN MAE=0.418867 threshold=0.500000 latency=164.74ms
2026-09-30 15:36:59 | INFO     | HIDS_API | POST /detection/predict status=200 167.64ms
2026-09-30 15:36:59 | INFO     | uvicorn.access | 127.0.0.1:35664 - "POST /detection/predict HTTP/1.1" 200
2026-09-30 15:36:59 | INFO     | HIDS_Detection | [de2670ae-8a52-484d-87e6-a7b9b9e9180c] verdict=MALICIOUS MAE=0.506096 threshold=0.500000 latency=142.663ms
2026-09-30 15:36:59 | INFO     | HIDS_API | POST /detection/predict status=200 148.54ms
2026-09-30 15:36:59 | INFO     | uvicorn.access | 127.0.0.1:35680 - "POST /detection/predict HTTP/1.1" 200
2026-09-30 15:37:00 | INFO     | HIDS_Detection | [28b75aad-9ab4-4d3c-af93-d2e84a55661f] verdict=MALICIOUS MAE=0.506096 threshold=0.500000 latency=169.119ms
2026-09-30 15:37:00 | INFO     | HIDS_API | POST /detection/predict status=200 171.76ms
2026-09-30 15:37:00 | INFO     | uvicorn.access | 127.0.0.1:35686 - "POST /detection/predict HTTP/1.1" 200
2026-09-30 15:37:00 | INFO     | HIDS_Detection | [6e396639-0991-4cb1-89b8-9b501dffd29b] verdict=BENIGN MAE=0.482313 threshold=0.500000 latency=141.423ms
2026-09-30 15:37:00 | INFO     | HIDS_API | POST /detection/predict status=200 144.18ms
2026-09-30 15:37:00 | INFO     | uvicorn.access | 127.0.0.1:35698 - "POST /detection/predict HTTP/1.1" 200
2026-09-30 15:37:00 | INFO     | HIDS_Detection | [1152b07d-354e-441e-ad02-1ca11158bbf4] verdict=BENIGN MAE=0.455339 threshold=0.500000 latency=147.015ms
2026-09-30 15:37:00 | INFO     | HIDS_API | POST /detection/predict status=200 155.28ms
2026-09-30 15:37:00 | INFO     | uvicorn.access | 127.0.0.1:35700 - "POST /detection/predict HTTP/1.1" 200
2026-09-30 15:37:00 | INFO     | HIDS_Detection | [b752dfdc-5daa-4bfb-9e79-e5883116a573] verdict=BENIGN MAE=0.437673 threshold=0.500000 latency=158.899ms
2026-09-30 15:37:00 | INFO     | HIDS_API | POST /detection/predict status=200 162.70ms
2026-09-30 15:37:00 | INFO     | uvicorn.access | 127.0.0.1:35708 - "POST /detection/predict HTTP/1.1" 200
2026-09-30 15:37:00 | INFO     | HIDS_Detection | [43855ef5-2041-4368-9e51-f248da4300a2] verdict=BENIGN MAE=0.435111 threshold=0.500000 latency=138.27ms
2026-09-30 15:37:00 | INFO     | HIDS_API | POST /detection/predict status=200 141.58ms
2026-09-30 15:37:00 | INFO     | uvicorn.access | 127.0.0.1:35720 - "POST /detection/predict HTTP/1.1" 200
2026-09-30 15:37:00 | INFO     | HIDS_Detection | [bb8d2743-bd5a-4891-b252-f5452c465082] verdict=BENIGN MAE=0.477810 threshold=0.500000 latency=182.39ms
2026-09-30 15:37:00 | INFO     | HIDS_API | POST /detection/predict status=200 185.44ms
2026-09-30 15:37:00 | INFO     | uvicorn.access | 127.0.0.1:35726 - "POST /detection/predict HTTP/1.1" 200
2026-09-30 15:37:01 | INFO     | HIDS_Detection | [1d533d71-d767-40ec-af20-135a7b8e4837] verdict=BENIGN MAE=0.432741 threshold=0.500000 latency=182.194ms
2026-09-30 15:37:01 | INFO     | HIDS_API | POST /detection/predict status=200 185.20ms
2026-09-30 15:37:01 | INFO     | uvicorn.access | 127.0.0.1:35730 - "POST /detection/predict HTTP/1.1" 200
2026-09-30 15:37:01 | INFO     | HIDS_Detection | [fba5d1de-a019-4ba2-9683-a3ad962f5053] verdict=BENIGN MAE=0.470899 threshold=0.500000 latency=178.535ms
2026-09-30 15:37:01 | INFO     | HIDS_API | POST /detection/predict status=200 183.68ms
2026-09-30 15:37:01 | INFO     | uvicorn.access | 127.0.0.1:35736 - "POST /detection/predict HTTP/1.1" 200
2026-09-30 15:37:01 | INFO     | HIDS_Detection | [d618116e-ee0b-41ae-a1fb-5685e182814c] verdict=BENIGN MAE=0.417804 threshold=0.500000 latency=173.983ms
2026-09-30 15:37:01 | INFO     | HIDS_API | POST /detection/predict status=200 177.96ms
2026-09-30 15:37:01 | INFO     | uvicorn.access | 127.0.0.1:35746 - "POST /detection/predict HTTP/1.1" 200
2026-09-30 15:37:01 | INFO     | HIDS_Detection | [e824660e-3ad1-4426-a4b0-31975b94db5e] verdict=BENIGN MAE=0.455688 threshold=0.500000 latency=158.811ms
2026-09-30 15:37:01 | INFO     | HIDS_API | POST /detection/predict status=200 164.90ms
2026-09-30 15:37:01 | INFO     | uvicorn.access | 127.0.0.1:35750 - "POST /detection/predict HTTP/1.1" 200
2026-09-30 15:37:01 | INFO     | HIDS_Detection | [4a5ac262-9177-4496-9b23-85833c35a4b9] verdict=BENIGN MAE=0.440083 threshold=0.500000 latency=169.988ms
2026-09-30 15:37:01 | INFO     | HIDS_API | POST /detection/predict status=200 173.17ms
2026-09-30 15:37:01 | INFO     | uvicorn.access | 127.0.0.1:38048 - "POST /detection/predict HTTP/1.1" 200
2026-09-30 15:37:02 | INFO     | HIDS_Detection | [6f61021a-b457-49ac-9222-2990aad91480] verdict=MALICIOUS MAE=0.504213 threshold=0.500000 latency=173.282ms
2026-09-30 15:37:02 | INFO     | HIDS_API | POST /detection/predict status=200 176.68ms
2026-09-30 15:37:02 | INFO     | uvicorn.access | 127.0.0.1:38062 - "POST /detection/predict HTTP/1.1" 200
2026-09-30 15:37:02 | INFO     | HIDS_Detection | [2079bbfa-6603-4fe1-8b17-cd922b23faec] verdict=BENIGN MAE=0.426539 threshold=0.500000 latency=177.017ms
2026-09-30 15:37:02 | INFO     | HIDS_API | POST /detection/predict status=200 180.35ms
2026-09-30 15:37:02 | INFO     | uvicorn.access | 127.0.0.1:38076 - "POST /detection/predict HTTP/1.1" 200
2026-09-30 15:37:02 | INFO     | HIDS_Detection | [91d5de47-04f2-4a3b-a102-bb7a7d64f2d8] verdict=BENIGN MAE=0.444936 threshold=0.500000 latency=159.281ms
2026-09-30 15:37:02 | INFO     | HIDS_API | POST /detection/predict status=200 162.44ms
2026-09-30 15:37:02 | INFO     | uvicorn.access | 127.0.0.1:38082 - "POST /detection/predict HTTP/1.1" 200
2026-09-30 15:37:02 | INFO     | HIDS_Detection | [687811b0-ed68-42bc-972d-9c4d08a1a93a] verdict=BENIGN MAE=0.421495 threshold=0.500000 latency=166.789ms
2026-09-30 15:37:02 | INFO     | HIDS_API | POST /detection/predict status=200 170.05ms
2026-09-30 15:37:02 | INFO     | uvicorn.access | 127.0.0.1:38096 - "POST /detection/predict HTTP/1.1" 200
2026-09-30 15:37:03 | INFO     | HIDS_Detection | [891b436e-d621-49e9-8f84-d9886da84cc2] verdict=MALICIOUS MAE=0.502405 threshold=0.500000 latency=189.629ms
2026-09-30 15:37:03 | INFO     | HIDS_API | POST /detection/predict status=200 193.88ms
2026-09-30 15:37:03 | INFO     | uvicorn.access | 127.0.0.1:38106 - "POST /detection/predict HTTP/1.1" 200
2026-09-30 15:37:03 | INFO     | HIDS_Detection | [2c40d61c-a8f0-4fce-99f3-a7bd0b4af9b3] verdict=MALICIOUS MAE=0.522325 threshold=0.500000 latency=196.471ms
2026-09-30 15:37:03 | INFO     | HIDS_API | POST /detection/predict status=200 200.21ms
2026-09-30 15:37:03 | INFO     | uvicorn.access | 127.0.0.1:38116 - "POST /detection/predict HTTP/1.1" 200
2026-09-30 15:37:04 | INFO     | HIDS_Detection | [0855777b-fd6e-4f66-8717-f7cca2d30417] verdict=MALICIOUS MAE=0.504709 threshold=0.500000 latency=187.149ms
2026-09-30 15:37:04 | INFO     | HIDS_API | POST /detection/predict status=200 190.81ms
2026-09-30 15:37:04 | INFO     | uvicorn.access | 127.0.0.1:38122 - "POST /detection/predict HTTP/1.1" 200
2026-09-30 15:37:04 | INFO     | HIDS_Detection | [c1d5b38c-cbb8-4fd9-85c5-c2aeec836b3b] verdict=MALICIOUS MAE=0.500316 threshold=0.500000 latency=172.131ms
2026-09-30 15:37:04 | INFO     | HIDS_API | POST /detection/predict status=200 176.50ms
2026-09-30 15:37:04 | INFO     | uvicorn.access | 127.0.0.1:38138 - "POST /detection/predict HTTP/1.1" 200
2026-09-30 15:37:04 | INFO     | HIDS_Detection | [9a9b531c-32ac-46f3-8d5f-c1462ff46dd4] verdict=BENIGN MAE=0.460112 threshold=0.500000 latency=164.601ms
2026-09-30 15:37:04 | INFO     | HIDS_API | POST /detection/predict status=200 168.13ms
2026-09-30 15:37:04 | INFO     | uvicorn.access | 127.0.0.1:38152 - "POST /detection/predict HTTP/1.1" 200
2026-09-30 15:37:04 | INFO     | HIDS_Detection | [63066c27-1078-407f-957f-635049511aac] verdict=MALICIOUS MAE=0.506096 threshold=0.500000 latency=166.915ms
2026-09-30 15:37:04 | INFO     | HIDS_API | POST /detection/predict status=200 171.34ms
2026-09-30 15:37:04 | INFO     | uvicorn.access | 127.0.0.1:38166 - "POST /detection/predict HTTP/1.1" 200
2026-09-30 15:37:05 | INFO     | HIDS_Detection | [2bd0f057-e0f9-43b6-abbd-c3715d2812e8] verdict=MALICIOUS MAE=0.500380 threshold=0.500000 latency=160.611ms
2026-09-30 15:37:05 | INFO     | HIDS_API | POST /detection/predict status=200 164.71ms
2026-09-30 15:37:05 | INFO     | uvicorn.access | 127.0.0.1:38176 - "POST /detection/predict HTTP/1.1" 200
2026-09-30 15:37:05 | INFO     | HIDS_Detection | [8e0f6a5f-f81e-4423-a2af-4a43d602c82e] verdict=BENIGN MAE=0.459664 threshold=0.500000 latency=172.587ms
2026-09-30 15:37:05 | INFO     | HIDS_API | POST /detection/predict status=200 176.47ms
2026-09-30 15:37:05 | INFO     | uvicorn.access | 127.0.0.1:38182 - "POST /detection/predict HTTP/1.1" 200
2026-09-30 15:37:05 | INFO     | HIDS_Detection | [d4916f6a-8f59-4e71-80c6-639c6b8143bd] verdict=BENIGN MAE=0.492922 threshold=0.500000 latency=134.899ms
2026-09-30 15:37:05 | INFO     | HIDS_API | POST /detection/predict status=200 139.23ms
2026-09-30 15:37:05 | INFO     | uvicorn.access | 127.0.0.1:38184 - "POST /detection/predict HTTP/1.1" 200
2026-09-30 15:37:05 | INFO     | HIDS_Detection | [cb3342d6-deb3-4188-bcbc-09e89d2c2fbd] verdict=BENIGN MAE=0.491092 threshold=0.500000 latency=145.432ms
2026-09-30 15:37:05 | INFO     | HIDS_API | POST /detection/predict status=200 149.34ms
2026-09-30 15:37:05 | INFO     | uvicorn.access | 127.0.0.1:38200 - "POST /detection/predict HTTP/1.1" 200
2026-09-30 15:37:05 | INFO     | uvicorn.access | 127.0.0.1:38204 - "GET /ready HTTP/1.1" 200
2026-09-30 15:37:06 | INFO     | HIDS_Detection | [1df42f99-1df0-4a6b-a3e5-1e2e6b5e9aed] verdict=MALICIOUS MAE=0.508400 threshold=0.500000 latency=162.272ms
2026-09-30 15:37:06 | INFO     | HIDS_API | POST /detection/predict status=200 166.63ms
2026-09-30 15:37:06 | INFO     | uvicorn.access | 127.0.0.1:38216 - "POST /detection/predict HTTP/1.1" 200
2026-09-30 15:37:06 | INFO     | HIDS_Detection | [430e33b0-9d2f-47fb-a307-55c3b2bd0882] verdict=MALICIOUS MAE=0.508287 threshold=0.500000 latency=197.564ms
2026-09-30 15:37:06 | INFO     | HIDS_API | POST /detection/predict status=200 200.49ms
2026-09-30 15:37:06 | INFO     | uvicorn.access | 127.0.0.1:38226 - "POST /detection/predict HTTP/1.1" 200
2026-09-30 15:37:06 | INFO     | HIDS_Detection | [2047af70-951b-4007-bf96-96e677c34c3e] verdict=BENIGN MAE=0.475650 threshold=0.500000 latency=159.096ms
2026-09-30 15:37:06 | INFO     | HIDS_API | POST /detection/predict status=200 162.65ms
2026-09-30 15:37:06 | INFO     | uvicorn.access | 127.0.0.1:38232 - "POST /detection/predict HTTP/1.1" 200
2026-09-30 15:37:06 | INFO     | HIDS_Detection | [83d318e6-5ed5-4b7b-9663-f4e3d36bbbd3] verdict=BENIGN MAE=0.492932 threshold=0.500000 latency=179.472ms
2026-09-30 15:37:06 | INFO     | HIDS_API | POST /detection/predict status=200 187.41ms
2026-09-30 15:37:06 | INFO     | uvicorn.access | 127.0.0.1:38248 - "POST /detection/predict HTTP/1.1" 200
2026-09-30 15:37:07 | INFO     | HIDS_Detection | [af218710-49e7-44f0-8008-204c41564c44] verdict=BENIGN MAE=0.435116 threshold=0.500000 latency=160.123ms
2026-09-30 15:37:07 | INFO     | HIDS_API | POST /detection/predict status=200 165.42ms
2026-09-30 15:37:07 | INFO     | uvicorn.access | 127.0.0.1:38262 - "POST /detection/predict HTTP/1.1" 200
2026-09-30 15:37:07 | INFO     | HIDS_Detection | [5bb8fe73-1c51-46c8-b934-45acaa5298e1] verdict=BENIGN MAE=0.436921 threshold=0.500000 latency=162.798ms
2026-09-30 15:37:07 | INFO     | HIDS_API | POST /detection/predict status=200 168.05ms
2026-09-30 15:37:07 | INFO     | uvicorn.access | 127.0.0.1:38270 - "POST /detection/predict HTTP/1.1" 200
2026-09-30 15:37:08 | INFO     | HIDS_Detection | [0ee68665-d570-4299-85de-ff1f217c1bd7] verdict=BENIGN MAE=0.484408 threshold=0.500000 latency=179.984ms
2026-09-30 15:37:08 | INFO     | HIDS_API | POST /detection/predict status=200 182.77ms
2026-09-30 15:37:08 | INFO     | uvicorn.access | 127.0.0.1:38284 - "POST /detection/predict HTTP/1.1" 200
2026-09-30 15:37:08 | INFO     | HIDS_Detection | [c9d96a78-093b-486d-bfc6-1ba6ba76b09f] verdict=BENIGN MAE=0.486840 threshold=0.500000 latency=148.352ms
2026-09-30 15:37:08 | INFO     | HIDS_API | POST /detection/predict status=200 151.41ms
2026-09-30 15:37:09 | INFO     | uvicorn.access | 127.0.0.1:38288 - "POST /detection/predict HTTP/1.1" 200
2026-09-30 15:37:10 | INFO     | HIDS_Detection | [ffd67ed9-4830-490c-9024-6ddeb59ff3c5] verdict=BENIGN MAE=0.484485 threshold=0.500000 latency=160.044ms
2026-09-30 15:37:10 | INFO     | HIDS_API | POST /detection/predict status=200 163.83ms
2026-09-30 15:37:10 | INFO     | uvicorn.access | 127.0.0.1:38290 - "POST /detection/predict HTTP/1.1" 200
2026-09-30 15:37:11 | INFO     | HIDS_Detection | [70edb525-8cc9-4522-b907-3565e6c09e16] verdict=BENIGN MAE=0.492120 threshold=0.500000 latency=164.467ms
2026-09-30 15:37:11 | INFO     | HIDS_API | POST /detection/predict status=200 169.84ms
2026-09-30 15:37:11 | INFO     | uvicorn.access | 127.0.0.1:38298 - "POST /detection/predict HTTP/1.1" 200
2026-09-30 15:37:11 | INFO     | HIDS_Detection | [27665e09-a036-4736-86e0-7a3fe4e1a832] verdict=BENIGN MAE=0.484489 threshold=0.500000 latency=170.533ms
2026-09-30 15:37:11 | INFO     | HIDS_API | POST /detection/predict status=200 174.53ms
2026-09-30 15:37:11 | INFO     | uvicorn.access | 127.0.0.1:38308 - "POST /detection/predict HTTP/1.1" 200
2026-09-30 15:37:11 | INFO     | HIDS_Detection | [3862fb7b-682a-4dff-a95a-62282985822c] verdict=BENIGN MAE=0.460938 threshold=0.500000 latency=202.578ms
2026-09-30 15:37:11 | INFO     | HIDS_API | POST /detection/predict status=200 206.34ms
2026-09-30 15:37:11 | INFO     | uvicorn.access | 127.0.0.1:38324 - "POST /detection/predict HTTP/1.1" 200
2026-09-30 15:37:11 | INFO     | HIDS_Detection | [c93894c6-fa78-4822-bac5-1764aa5d9eb4] verdict=BENIGN MAE=0.432303 threshold=0.500000 latency=149.551ms
2026-09-30 15:37:11 | INFO     | HIDS_API | POST /detection/predict status=200 155.00ms
2026-09-30 15:37:11 | INFO     | uvicorn.access | 127.0.0.1:54910 - "POST /detection/predict HTTP/1.1" 200
2026-09-30 15:37:12 | INFO     | HIDS_Detection | [381782cf-e47a-444c-9056-a6fb7d798a81] verdict=BENIGN MAE=0.494045 threshold=0.500000 latency=166.495ms
2026-09-30 15:37:12 | INFO     | HIDS_API | POST /detection/predict status=200 169.58ms
2026-09-30 15:37:12 | INFO     | uvicorn.access | 127.0.0.1:54926 - "POST /detection/predict HTTP/1.1" 200
2026-09-30 15:37:12 | INFO     | HIDS_Detection | [0c9936cd-09a4-4204-afd5-6227756221a1] verdict=BENIGN MAE=0.459960 threshold=0.500000 latency=183.629ms
2026-09-30 15:37:12 | INFO     | HIDS_API | POST /detection/predict status=200 186.62ms
2026-09-30 15:37:12 | INFO     | uvicorn.access | 127.0.0.1:54938 - "POST /detection/predict HTTP/1.1" 200
2026-09-30 15:37:19 | INFO     | HIDS_Detection | [c7e24de7-153f-4275-91ca-0142aca99144] verdict=BENIGN MAE=0.484957 threshold=0.500000 latency=189.528ms
2026-09-30 15:37:19 | INFO     | HIDS_API | POST /detection/predict status=200 192.93ms
2026-09-30 15:37:19 | INFO     | uvicorn.access | 127.0.0.1:54954 - "POST /detection/predict HTTP/1.1" 200
2026-09-30 15:37:20 | INFO     | HIDS_Detection | [81db5db6-6d10-4f1c-99b1-b17bfe802810] verdict=MALICIOUS MAE=0.506654 threshold=0.500000 latency=164.822ms
2026-09-30 15:37:20 | INFO     | HIDS_API | POST /detection/predict status=200 177.10ms
2026-09-30 15:37:20 | INFO     | uvicorn.access | 127.0.0.1:54958 - "POST /detection/predict HTTP/1.1" 200
2026-09-30 15:37:20 | INFO     | HIDS_Detection | [fe5c1004-1c32-4c8a-be02-24ce47826e02] verdict=MALICIOUS MAE=0.506353 threshold=0.500000 latency=151.816ms
2026-09-30 15:37:20 | INFO     | HIDS_API | POST /detection/predict status=200 154.58ms
2026-09-30 15:37:20 | INFO     | uvicorn.access | 127.0.0.1:54968 - "POST /detection/predict HTTP/1.1" 200
2026-09-30 15:37:23 | INFO     | HIDS_Detection | [d501c45d-f5d3-48a4-846d-439e4584b39e] verdict=MALICIOUS MAE=0.500715 threshold=0.500000 latency=192.907ms
2026-09-30 15:37:23 | INFO     | HIDS_API | POST /detection/predict status=200 196.14ms
2026-09-30 15:37:23 | INFO     | uvicorn.access | 127.0.0.1:35726 - "POST /detection/predict HTTP/1.1" 200
2026-09-30 15:37:26 | INFO     | HIDS_Detection | [cda089db-a9a6-49cc-8ea7-9b71f261938b] verdict=BENIGN MAE=0.478083 threshold=0.500000 latency=123.268ms
2026-09-30 15:37:26 | INFO     | HIDS_API | POST /detection/predict status=200 126.06ms
2026-09-30 15:37:26 | INFO     | uvicorn.access | 127.0.0.1:35730 - "POST /detection/predict HTTP/1.1" 200
2026-09-30 15:37:26 | INFO     | HIDS_Detection | [2c178e0b-67cf-474d-87c2-df82bdf8fd72] verdict=BENIGN MAE=0.477754 threshold=0.500000 latency=156.771ms
2026-09-30 15:37:26 | INFO     | HIDS_API | POST /detection/predict status=200 159.65ms
2026-09-30 15:37:26 | INFO     | uvicorn.access | 127.0.0.1:35738 - "POST /detection/predict HTTP/1.1" 200
2026-09-30 15:37:27 | INFO     | HIDS_Detection | [1a13531a-6f1b-429c-bf95-f2cfd57e1f99] verdict=BENIGN MAE=0.477262 threshold=0.500000 latency=177.191ms
2026-09-30 15:37:27 | INFO     | HIDS_API | POST /detection/predict status=200 182.05ms
2026-09-30 15:37:27 | INFO     | uvicorn.access | 127.0.0.1:35748 - "POST /detection/predict HTTP/1.1" 200
2026-09-30 15:37:28 | INFO     | HIDS_Detection | [1d03d61d-8b0c-4b8a-a1e0-017d51137cd2] verdict=MALICIOUS MAE=0.506790 threshold=0.500000 latency=147.359ms
2026-09-30 15:37:28 | INFO     | HIDS_API | POST /detection/predict status=200 150.12ms
2026-09-30 15:37:28 | INFO     | uvicorn.access | 127.0.0.1:35760 - "POST /detection/predict HTTP/1.1" 200
2026-09-30 15:37:28 | INFO     | HIDS_Detection | [c426d080-a288-421c-9d71-b1450efa7e4c] verdict=BENIGN MAE=0.495739 threshold=0.500000 latency=159.596ms
2026-09-30 15:37:28 | INFO     | HIDS_API | POST /detection/predict status=200 164.26ms
2026-09-30 15:37:28 | INFO     | uvicorn.access | 127.0.0.1:35772 - "POST /detection/predict HTTP/1.1" 200
2026-09-30 15:37:29 | INFO     | HIDS_Detection | [9659c53e-018d-4aa5-975a-0258b29f285c] verdict=BENIGN MAE=0.494707 threshold=0.500000 latency=106.654ms
2026-09-30 15:37:29 | INFO     | HIDS_API | POST /detection/predict status=200 109.16ms
2026-09-30 15:37:29 | INFO     | uvicorn.access | 127.0.0.1:35774 - "POST /detection/predict HTTP/1.1" 200
2026-09-30 15:37:30 | INFO     | HIDS_Detection | [5b80a374-340d-42b8-8840-2c0017af3dcd] verdict=BENIGN MAE=0.454200 threshold=0.500000 latency=157.634ms
2026-09-30 15:37:30 | INFO     | HIDS_API | POST /detection/predict status=200 164.04ms
2026-09-30 15:37:30 | INFO     | uvicorn.access | 127.0.0.1:35780 - "POST /detection/predict HTTP/1.1" 200
2026-09-30 15:37:30 | INFO     | HIDS_Detection | [f1cb0c16-31ad-4154-b5e0-32974a11bc9c] verdict=BENIGN MAE=0.447683 threshold=0.500000 latency=180.457ms
2026-09-30 15:37:30 | INFO     | HIDS_API | POST /detection/predict status=200 189.38ms
2026-09-30 15:37:30 | INFO     | uvicorn.access | 127.0.0.1:35792 - "POST /detection/predict HTTP/1.1" 200
2026-09-30 15:37:30 | INFO     | HIDS_Detection | [f4e71301-1cbd-4350-beb3-7892b600f6e8] verdict=BENIGN MAE=0.470841 threshold=0.500000 latency=176.904ms
2026-09-30 15:37:30 | INFO     | HIDS_API | POST /detection/predict status=200 185.14ms
2026-09-30 15:37:30 | INFO     | uvicorn.access | 127.0.0.1:35802 - "POST /detection/predict HTTP/1.1" 200
2026-09-30 15:37:30 | INFO     | HIDS_Detection | [fa0e34eb-35dd-4b67-9d73-ef3a4db88bfc] verdict=BENIGN MAE=0.480632 threshold=0.500000 latency=145.775ms
2026-09-30 15:37:30 | INFO     | HIDS_API | POST /detection/predict status=200 156.26ms
2026-09-30 15:37:30 | INFO     | uvicorn.access | 127.0.0.1:35812 - "POST /detection/predict HTTP/1.1" 200
2026-09-30 15:37:31 | INFO     | HIDS_Detection | [d3a4abef-e4c8-480e-bdd2-5a208d2d2deb] verdict=BENIGN MAE=0.468634 threshold=0.500000 latency=180.344ms
2026-09-30 15:37:31 | INFO     | HIDS_API | POST /detection/predict status=200 183.49ms
2026-09-30 15:37:31 | INFO     | uvicorn.access | 127.0.0.1:35816 - "POST /detection/predict HTTP/1.1" 200
2026-09-30 15:37:31 | INFO     | HIDS_Detection | [0337e24c-227c-43ec-8130-31b9650bbbe8] verdict=BENIGN MAE=0.448605 threshold=0.500000 latency=171.417ms
2026-09-30 15:37:31 | INFO     | HIDS_API | POST /detection/predict status=200 174.91ms
2026-09-30 15:37:31 | INFO     | uvicorn.access | 127.0.0.1:35826 - "POST /detection/predict HTTP/1.1" 200
2026-09-30 15:37:31 | INFO     | HIDS_Detection | [0f6f33c3-d118-4dc1-9611-c74391aae500] verdict=BENIGN MAE=0.451135 threshold=0.500000 latency=197.93ms
2026-09-30 15:37:31 | INFO     | HIDS_API | POST /detection/predict status=200 202.96ms
2026-09-30 15:37:31 | INFO     | uvicorn.access | 127.0.0.1:35830 - "POST /detection/predict HTTP/1.1" 200
2026-09-30 15:37:31 | INFO     | HIDS_Detection | [501cad88-5a1a-4e51-babf-76c4ca39b8d9] verdict=BENIGN MAE=0.426896 threshold=0.500000 latency=182.328ms
2026-09-30 15:37:31 | INFO     | HIDS_API | POST /detection/predict status=200 187.26ms
2026-09-30 15:37:31 | INFO     | uvicorn.access | 127.0.0.1:35842 - "POST /detection/predict HTTP/1.1" 200
2026-09-30 15:37:31 | INFO     | HIDS_Detection | [7dbc0807-b1ea-4949-be74-9b945649bb40] verdict=BENIGN MAE=0.451996 threshold=0.500000 latency=160.546ms
2026-09-30 15:37:31 | INFO     | HIDS_API | POST /detection/predict status=200 166.54ms
2026-09-30 15:37:31 | INFO     | uvicorn.access | 127.0.0.1:39690 - "POST /detection/predict HTTP/1.1" 200
2026-09-30 15:37:32 | INFO     | HIDS_Detection | [61b4bc10-6b1a-4e52-851d-f176465f90ac] verdict=BENIGN MAE=0.471635 threshold=0.500000 latency=174.549ms
2026-09-30 15:37:32 | INFO     | HIDS_API | POST /detection/predict status=200 180.05ms
2026-09-30 15:37:32 | INFO     | uvicorn.access | 127.0.0.1:39696 - "POST /detection/predict HTTP/1.1" 200
2026-09-30 15:37:32 | INFO     | HIDS_Detection | [df0d6a85-b5d2-4c32-9561-81452336c105] verdict=BENIGN MAE=0.446115 threshold=0.500000 latency=180.043ms
2026-09-30 15:37:32 | INFO     | HIDS_API | POST /detection/predict status=200 182.96ms
2026-09-30 15:37:32 | INFO     | uvicorn.access | 127.0.0.1:39698 - "POST /detection/predict HTTP/1.1" 200
2026-09-30 15:37:32 | INFO     | HIDS_Detection | [ecda8527-8a50-4fc4-971c-528ffcfdb599] verdict=BENIGN MAE=0.483683 threshold=0.500000 latency=191.423ms
2026-09-30 15:37:32 | INFO     | HIDS_API | POST /detection/predict status=200 204.59ms
2026-09-30 15:37:32 | INFO     | uvicorn.access | 127.0.0.1:39712 - "POST /detection/predict HTTP/1.1" 200
2026-09-30 15:37:32 | INFO     | HIDS_Detection | [e5c981cb-843c-4af6-911f-1b38966515bf] verdict=BENIGN MAE=0.499580 threshold=0.500000 latency=188.104ms
2026-09-30 15:37:32 | INFO     | HIDS_API | POST /detection/predict status=200 191.04ms
2026-09-30 15:37:32 | INFO     | uvicorn.access | 127.0.0.1:39724 - "POST /detection/predict HTTP/1.1" 200
2026-09-30 15:37:33 | INFO     | HIDS_Detection | [e9d3542f-999c-413f-bb0a-6f0548bd12ba] verdict=BENIGN MAE=0.414095 threshold=0.500000 latency=200.188ms
2026-09-30 15:37:33 | INFO     | HIDS_API | POST /detection/predict status=200 204.84ms
2026-09-30 15:37:33 | INFO     | uvicorn.access | 127.0.0.1:39730 - "POST /detection/predict HTTP/1.1" 200
2026-09-30 15:37:33 | INFO     | HIDS_Detection | [790806db-1efe-4c10-a8ae-7bb27d844134] verdict=BENIGN MAE=0.445758 threshold=0.500000 latency=173.329ms
2026-09-30 15:37:33 | INFO     | HIDS_API | POST /detection/predict status=200 176.70ms
2026-09-30 15:37:33 | INFO     | uvicorn.access | 127.0.0.1:39742 - "POST /detection/predict HTTP/1.1" 200
2026-09-30 15:37:33 | INFO     | HIDS_Detection | [bb7e79ec-98ef-40cf-bb10-5b8d4a49bcde] verdict=BENIGN MAE=0.446110 threshold=0.500000 latency=139.257ms
2026-09-30 15:37:33 | INFO     | HIDS_API | POST /detection/predict status=200 142.44ms
2026-09-30 15:37:33 | INFO     | uvicorn.access | 127.0.0.1:39746 - "POST /detection/predict HTTP/1.1" 200
2026-09-30 15:37:33 | INFO     | HIDS_Detection | [9a9f9e81-1c6a-47d7-8a20-2befd8ac9a11] verdict=BENIGN MAE=0.442088 threshold=0.500000 latency=168.003ms
2026-09-30 15:37:33 | INFO     | HIDS_API | POST /detection/predict status=200 171.33ms
2026-09-30 15:37:33 | INFO     | uvicorn.access | 127.0.0.1:39748 - "POST /detection/predict HTTP/1.1" 200
2026-09-30 15:37:33 | INFO     | HIDS_Detection | [5a564448-49f1-4cfa-bdd1-145aecf903cf] verdict=BENIGN MAE=0.446049 threshold=0.500000 latency=145.491ms
2026-09-30 15:37:33 | INFO     | HIDS_API | POST /detection/predict status=200 148.32ms
2026-09-30 15:37:33 | INFO     | uvicorn.access | 127.0.0.1:39756 - "POST /detection/predict HTTP/1.1" 200
2026-09-30 15:37:33 | INFO     | HIDS_Detection | [14e33aee-6cfb-4315-8886-8e44554eb6ef] verdict=BENIGN MAE=0.459269 threshold=0.500000 latency=157.349ms
2026-09-30 15:37:33 | INFO     | HIDS_API | POST /detection/predict status=200 160.19ms
2026-09-30 15:37:33 | INFO     | uvicorn.access | 127.0.0.1:39772 - "POST /detection/predict HTTP/1.1" 200
2026-09-30 15:37:34 | INFO     | HIDS_Detection | [64c939a0-6999-40db-8313-53bee38969d1] verdict=BENIGN MAE=0.418971 threshold=0.500000 latency=165.116ms
2026-09-30 15:37:34 | INFO     | HIDS_API | POST /detection/predict status=200 167.87ms
2026-09-30 15:37:34 | INFO     | uvicorn.access | 127.0.0.1:39776 - "POST /detection/predict HTTP/1.1" 200
2026-09-30 15:37:34 | INFO     | HIDS_Detection | [5809684c-8c47-4f08-abdf-5f088ccba1ac] verdict=BENIGN MAE=0.460947 threshold=0.500000 latency=146.776ms
2026-09-30 15:37:34 | INFO     | HIDS_API | POST /detection/predict status=200 155.47ms
2026-09-30 15:37:34 | INFO     | uvicorn.access | 127.0.0.1:39780 - "POST /detection/predict HTTP/1.1" 200
2026-09-30 15:37:34 | INFO     | HIDS_Detection | [bcaadd55-5f9c-4264-a054-7ed7d5b3db85] verdict=BENIGN MAE=0.460949 threshold=0.500000 latency=141.161ms
2026-09-30 15:37:34 | INFO     | HIDS_API | POST /detection/predict status=200 143.94ms
2026-09-30 15:37:34 | INFO     | uvicorn.access | 127.0.0.1:39784 - "POST /detection/predict HTTP/1.1" 200
2026-09-30 15:37:34 | INFO     | HIDS_Detection | [a539b32b-60f3-420e-b17d-7c995c8505eb] verdict=BENIGN MAE=0.445614 threshold=0.500000 latency=153.336ms
2026-09-30 15:37:34 | INFO     | HIDS_API | POST /detection/predict status=200 158.64ms
2026-09-30 15:37:34 | INFO     | uvicorn.access | 127.0.0.1:39788 - "POST /detection/predict HTTP/1.1" 200
2026-09-30 15:37:34 | INFO     | HIDS_Detection | [a03d09ae-85dd-4445-a137-bbe5c3c86130] verdict=BENIGN MAE=0.459288 threshold=0.500000 latency=178.927ms
2026-09-30 15:37:34 | INFO     | HIDS_API | POST /detection/predict status=200 182.15ms
2026-09-30 15:37:34 | INFO     | uvicorn.access | 127.0.0.1:39798 - "POST /detection/predict HTTP/1.1" 200
2026-09-30 18:37:34 | INFO     | HIDS_API | HIDS API shutting down.
2026-09-30 15:37:34 | INFO     | HIDS_Detection | [484fcc35-f636-453d-ae0f-83aba3f51e12] verdict=BENIGN MAE=0.460679 threshold=0.500000 latency=159.205ms
2026-09-30 15:37:34 | INFO     | HIDS_API | POST /detection/predict status=200 163.46ms
2026-09-30 15:37:35 | INFO     | uvicorn.access | 127.0.0.1:39800 - "POST /detection/predict HTTP/1.1" 200
2026-09-30 15:37:35 | INFO     | HIDS_Detection | [a6288820-a14b-40d8-be7c-1e285d5113e5] verdict=BENIGN MAE=0.470853 threshold=0.500000 latency=163.347ms
2026-09-30 15:37:35 | INFO     | HIDS_API | POST /detection/predict status=200 166.16ms
2026-09-30 15:37:35 | INFO     | uvicorn.access | 127.0.0.1:39806 - "POST /detection/predict HTTP/1.1" 200
2026-09-30 15:37:35 | INFO     | HIDS_Detection | [6651d374-affe-43ff-b24d-86bd3fdcad89] verdict=BENIGN MAE=0.466580 threshold=0.500000 latency=128.371ms
2026-09-30 15:37:35 | INFO     | HIDS_API | POST /detection/predict status=200 135.22ms
2026-09-30 15:37:35 | INFO     | uvicorn.access | 127.0.0.1:39812 - "POST /detection/predict HTTP/1.1" 200
2026-09-30 15:37:35 | INFO     | HIDS_Detection | [f4a28131-0e02-4391-acc6-51eef44daa8c] verdict=BENIGN MAE=0.447270 threshold=0.500000 latency=168.355ms
2026-09-30 15:37:35 | INFO     | HIDS_API | POST /detection/predict status=200 173.11ms
2026-09-30 15:37:35 | INFO     | uvicorn.access | 127.0.0.1:39814 - "POST /detection/predict HTTP/1.1" 200
2026-09-30 15:37:35 | INFO     | HIDS_Detection | [7f823478-0573-4513-bb89-814aee5267e2] verdict=MALICIOUS MAE=0.513698 threshold=0.500000 latency=142.707ms
2026-09-30 15:37:35 | INFO     | HIDS_API | POST /detection/predict status=200 149.12ms
2026-09-30 15:37:35 | INFO     | uvicorn.access | 127.0.0.1:39830 - "POST /detection/predict HTTP/1.1" 200
2026-09-30 15:37:35 | INFO     | HIDS_Detection | [29dab5ba-6fe7-44d7-83ac-7ec9b8faab88] verdict=BENIGN MAE=0.495638 threshold=0.500000 latency=175.729ms
2026-09-30 15:37:35 | INFO     | HIDS_API | POST /detection/predict status=200 181.75ms
2026-09-30 15:37:35 | INFO     | uvicorn.access | 127.0.0.1:39842 - "POST /detection/predict HTTP/1.1" 200
2026-09-30 15:37:36 | INFO     | HIDS_Detection | [f4788f9c-a4b9-49aa-bfb0-418c31406034] verdict=MALICIOUS MAE=0.506907 threshold=0.500000 latency=159.921ms
2026-09-30 15:37:36 | INFO     | HIDS_API | POST /detection/predict status=200 167.84ms
2026-09-30 15:37:36 | INFO     | uvicorn.access | 127.0.0.1:39846 - "POST /detection/predict HTTP/1.1" 200
2026-09-30 15:37:36 | INFO     | uvicorn.access | 127.0.0.1:39858 - "GET /ready HTTP/1.1" 200
2026-09-30 15:37:36 | INFO     | HIDS_Detection | [a2c06ade-b4c3-4606-a1fb-2f06f97f5b99] verdict=BENIGN MAE=0.470815 threshold=0.500000 latency=145.991ms
2026-09-30 15:37:36 | INFO     | HIDS_API | POST /detection/predict status=200 151.55ms
2026-09-30 15:37:36 | INFO     | uvicorn.access | 127.0.0.1:39872 - "POST /detection/predict HTTP/1.1" 200
2026-09-30 15:37:36 | INFO     | HIDS_Detection | [5743da7c-ed39-4e77-865a-85fb378506fb] verdict=BENIGN MAE=0.470757 threshold=0.500000 latency=165.808ms
2026-09-30 15:37:36 | INFO     | HIDS_API | POST /detection/predict status=200 168.55ms
2026-09-30 15:37:36 | INFO     | uvicorn.access | 127.0.0.1:39884 - "POST /detection/predict HTTP/1.1" 200
2026-09-30 15:37:36 | INFO     | HIDS_Detection | [25d87d96-390b-4f19-8393-126b429f96cc] verdict=BENIGN MAE=0.443126 threshold=0.500000 latency=124.459ms
2026-09-30 15:37:36 | INFO     | HIDS_API | POST /detection/predict status=200 126.99ms
2026-09-30 15:37:36 | INFO     | uvicorn.access | 127.0.0.1:39888 - "POST /detection/predict HTTP/1.1" 200
2026-09-30 15:37:36 | INFO     | HIDS_Detection | [5c8fb0d0-5d18-4a3c-96ff-beac4a8368cf] verdict=BENIGN MAE=0.470837 threshold=0.500000 latency=145.403ms
2026-09-30 15:37:36 | INFO     | HIDS_API | POST /detection/predict status=200 148.39ms
2026-09-30 15:37:36 | INFO     | uvicorn.access | 127.0.0.1:39898 - "POST /detection/predict HTTP/1.1" 200
2026-09-30 15:37:36 | INFO     | HIDS_Detection | [faffea1c-019d-46b6-840a-71ffe73ee041] verdict=BENIGN MAE=0.443762 threshold=0.500000 latency=150.611ms
2026-09-30 15:37:36 | INFO     | HIDS_API | POST /detection/predict status=200 153.66ms
2026-09-30 15:37:36 | INFO     | uvicorn.access | 127.0.0.1:39902 - "POST /detection/predict HTTP/1.1" 200
2026-09-30 15:37:37 | INFO     | HIDS_Detection | [3d148e2d-8e51-480e-a1f2-f6a2e763086c] verdict=BENIGN MAE=0.460946 threshold=0.500000 latency=173.952ms
2026-09-30 15:37:37 | INFO     | HIDS_API | POST /detection/predict status=200 176.83ms
2026-09-30 15:37:37 | INFO     | uvicorn.access | 127.0.0.1:39906 - "POST /detection/predict HTTP/1.1" 200
2026-09-30 15:37:37 | INFO     | HIDS_Detection | [95e2312e-e2b5-4904-bef0-4cf5fa308910] verdict=BENIGN MAE=0.460223 threshold=0.500000 latency=142.863ms
2026-09-30 15:37:37 | INFO     | HIDS_API | POST /detection/predict status=200 157.17ms
2026-09-30 15:37:37 | INFO     | uvicorn.access | 127.0.0.1:39908 - "POST /detection/predict HTTP/1.1" 200
2026-09-30 15:37:37 | INFO     | HIDS_Detection | [6987f0e5-08d5-44d6-99ac-9664717bddf9] verdict=BENIGN MAE=0.446592 threshold=0.500000 latency=170.058ms
2026-09-30 15:37:37 | INFO     | HIDS_API | POST /detection/predict status=200 176.58ms
2026-09-30 15:37:37 | INFO     | uvicorn.access | 127.0.0.1:39910 - "POST /detection/predict HTTP/1.1" 200
2026-09-30 15:37:37 | INFO     | HIDS_Detection | [b451b57e-9ed2-4ce6-8757-c645761965ca] verdict=BENIGN MAE=0.444527 threshold=0.500000 latency=168.657ms
2026-09-30 15:37:37 | INFO     | HIDS_API | POST /detection/predict status=200 174.59ms
2026-09-30 15:37:37 | INFO     | uvicorn.access | 127.0.0.1:39914 - "POST /detection/predict HTTP/1.1" 200
2026-09-30 15:37:37 | INFO     | HIDS_Detection | [0661ee12-5915-4936-8b55-4170a0d45cfb] verdict=BENIGN MAE=0.487960 threshold=0.500000 latency=141.602ms
2026-09-30 15:37:37 | INFO     | HIDS_API | POST /detection/predict status=200 144.92ms
2026-09-30 15:37:37 | INFO     | uvicorn.access | 127.0.0.1:39922 - "POST /detection/predict HTTP/1.1" 200
2026-09-30 15:37:38 | INFO     | HIDS_Detection | [121c4efe-3f87-4a29-b70f-b830d2d082e5] verdict=BENIGN MAE=0.441893 threshold=0.500000 latency=181.507ms
2026-09-30 15:37:38 | INFO     | HIDS_API | POST /detection/predict status=200 184.11ms
2026-09-30 15:37:38 | INFO     | uvicorn.access | 127.0.0.1:39932 - "POST /detection/predict HTTP/1.1" 200
2026-09-30 15:37:38 | INFO     | HIDS_Detection | [a7353ad2-693b-46f6-98d3-bde01a9b0129] verdict=BENIGN MAE=0.466607 threshold=0.500000 latency=140.06ms
2026-09-30 15:37:38 | INFO     | HIDS_API | POST /detection/predict status=200 143.03ms
2026-09-30 15:37:38 | INFO     | uvicorn.access | 127.0.0.1:39946 - "POST /detection/predict HTTP/1.1" 200
2026-09-30 15:37:38 | INFO     | HIDS_Detection | [c5a46326-fec4-442f-a63c-5683497f9974] verdict=BENIGN MAE=0.422936 threshold=0.500000 latency=135.355ms
2026-09-30 15:37:38 | INFO     | HIDS_API | POST /detection/predict status=200 140.68ms
2026-09-30 15:37:38 | INFO     | uvicorn.access | 127.0.0.1:39954 - "POST /detection/predict HTTP/1.1" 200
2026-09-30 15:37:38 | INFO     | HIDS_Detection | [811fbed8-aa59-4524-9831-70b73339589a] verdict=BENIGN MAE=0.495615 threshold=0.500000 latency=139.552ms
2026-09-30 15:37:38 | INFO     | HIDS_API | POST /detection/predict status=200 147.67ms
2026-09-30 15:37:38 | INFO     | uvicorn.access | 127.0.0.1:39970 - "POST /detection/predict HTTP/1.1" 200
2026-09-30 15:37:38 | INFO     | HIDS_Detection | [d919c072-e63c-477e-a84b-5d9051f1f3a1] verdict=BENIGN MAE=0.431975 threshold=0.500000 latency=126.576ms
2026-09-30 15:37:38 | INFO     | HIDS_API | POST /detection/predict status=200 146.45ms
2026-09-30 15:37:38 | INFO     | uvicorn.access | 127.0.0.1:39982 - "POST /detection/predict HTTP/1.1" 200
2026-09-30 15:37:38 | INFO     | HIDS_Detection | [dbf00fc8-a84e-4831-97ac-133720ffe3c7] verdict=BENIGN MAE=0.485029 threshold=0.500000 latency=131.501ms
2026-09-30 15:37:38 | INFO     | HIDS_API | POST /detection/predict status=200 135.81ms
2026-09-30 15:37:38 | INFO     | uvicorn.access | 127.0.0.1:39984 - "POST /detection/predict HTTP/1.1" 200
2026-09-30 15:37:39 | INFO     | HIDS_Detection | [e1dffe8f-524f-4c8f-894e-66bf8f24149c] verdict=BENIGN MAE=0.469753 threshold=0.500000 latency=140.607ms
2026-09-30 15:37:39 | INFO     | HIDS_API | POST /detection/predict status=200 143.41ms
2026-09-30 15:37:39 | INFO     | uvicorn.access | 127.0.0.1:39988 - "POST /detection/predict HTTP/1.1" 200
2026-09-30 15:37:39 | INFO     | HIDS_Detection | [d656734a-8fa2-4366-b1c4-8c1bcc75cda4] verdict=BENIGN MAE=0.455267 threshold=0.500000 latency=133.501ms
2026-09-30 15:37:39 | INFO     | HIDS_API | POST /detection/predict status=200 136.51ms
2026-09-30 15:37:39 | INFO     | uvicorn.access | 127.0.0.1:40000 - "POST /detection/predict HTTP/1.1" 200
2026-09-30 15:37:39 | INFO     | HIDS_Detection | [d7f1791f-0f8b-4def-98ac-214500d9bb71] verdict=BENIGN MAE=0.450331 threshold=0.500000 latency=145.617ms
2026-09-30 15:37:39 | INFO     | HIDS_API | POST /detection/predict status=200 148.61ms
2026-09-30 15:37:39 | INFO     | uvicorn.access | 127.0.0.1:40012 - "POST /detection/predict HTTP/1.1" 200
2026-09-30 15:37:39 | INFO     | HIDS_Detection | [85c12139-3e3b-4e5f-ac38-daef63fbccf9] verdict=BENIGN MAE=0.460897 threshold=0.500000 latency=158.304ms
2026-09-30 15:37:39 | INFO     | HIDS_API | POST /detection/predict status=200 161.60ms
2026-09-30 15:37:39 | INFO     | uvicorn.access | 127.0.0.1:40022 - "POST /detection/predict HTTP/1.1" 200
2026-09-30 15:37:39 | INFO     | HIDS_Detection | [68b04b23-0b34-4eed-89c6-eab939af98e2] verdict=BENIGN MAE=0.444699 threshold=0.500000 latency=135.499ms
2026-09-30 15:37:39 | INFO     | HIDS_API | POST /detection/predict status=200 139.32ms
2026-09-30 15:37:39 | INFO     | uvicorn.access | 127.0.0.1:40034 - "POST /detection/predict HTTP/1.1" 200
2026-09-30 15:37:40 | INFO     | HIDS_Detection | [96988e67-57e3-433d-9e0a-024b8b473f59] verdict=BENIGN MAE=0.451501 threshold=0.500000 latency=162.037ms
2026-09-30 15:37:40 | INFO     | HIDS_API | POST /detection/predict status=200 167.47ms
2026-09-30 15:37:40 | INFO     | uvicorn.access | 127.0.0.1:40046 - "POST /detection/predict HTTP/1.1" 200
2026-09-30 15:37:40 | INFO     | HIDS_Detection | [ceefebfd-faf3-457c-b691-8c83f05e0fd3] verdict=BENIGN MAE=0.437244 threshold=0.500000 latency=156.117ms
2026-09-30 15:37:40 | INFO     | HIDS_API | POST /detection/predict status=200 160.20ms
2026-09-30 15:37:40 | INFO     | uvicorn.access | 127.0.0.1:40058 - "POST /detection/predict HTTP/1.1" 200
2026-09-30 15:37:40 | INFO     | HIDS_Detection | [6652ce20-4e7e-40fc-944b-8b7ad8dccb19] verdict=BENIGN MAE=0.445415 threshold=0.500000 latency=176.126ms
2026-09-30 15:37:40 | INFO     | HIDS_API | POST /detection/predict status=200 179.76ms
2026-09-30 15:37:40 | INFO     | uvicorn.access | 127.0.0.1:40068 - "POST /detection/predict HTTP/1.1" 200
2026-09-30 15:37:40 | INFO     | HIDS_Detection | [7df3635a-37b4-449e-9b4d-1b84b1cc247d] verdict=BENIGN MAE=0.421389 threshold=0.500000 latency=129.063ms
2026-09-30 15:37:40 | INFO     | HIDS_API | POST /detection/predict status=200 133.59ms
2026-09-30 15:37:40 | INFO     | uvicorn.access | 127.0.0.1:40082 - "POST /detection/predict HTTP/1.1" 200
2026-09-30 15:37:40 | INFO     | HIDS_Detection | [03b145eb-2ce6-4e4d-964a-1c0ed640a9c8] verdict=BENIGN MAE=0.438509 threshold=0.500000 latency=145.89ms
2026-09-30 15:37:40 | INFO     | HIDS_API | POST /detection/predict status=200 181.17ms
2026-09-30 15:37:40 | INFO     | uvicorn.access | 127.0.0.1:40088 - "POST /detection/predict HTTP/1.1" 200
2026-09-30 15:37:41 | INFO     | HIDS_Detection | [685747ca-f034-4f95-8397-1ec717fc4a14] verdict=BENIGN MAE=0.471770 threshold=0.500000 latency=141.059ms
2026-09-30 15:37:41 | INFO     | HIDS_API | POST /detection/predict status=200 143.87ms
2026-09-30 15:37:41 | INFO     | uvicorn.access | 127.0.0.1:40100 - "POST /detection/predict HTTP/1.1" 200
2026-09-30 15:37:41 | INFO     | HIDS_Detection | [5d8ae996-3815-4ee8-82d0-23dbbd10736a] verdict=MALICIOUS MAE=0.500310 threshold=0.500000 latency=122.425ms
2026-09-30 15:37:41 | INFO     | HIDS_API | POST /detection/predict status=200 126.13ms
2026-09-30 15:37:41 | INFO     | uvicorn.access | 127.0.0.1:40110 - "POST /detection/predict HTTP/1.1" 200
2026-09-30 15:37:41 | INFO     | HIDS_Detection | [6f1c2d8b-d651-43ee-bfc0-4a595c6a4bc1] verdict=BENIGN MAE=0.471359 threshold=0.500000 latency=124.053ms
2026-09-30 15:37:41 | INFO     | HIDS_API | POST /detection/predict status=200 126.95ms
2026-09-30 15:37:41 | INFO     | uvicorn.access | 127.0.0.1:40112 - "POST /detection/predict HTTP/1.1" 200
2026-09-30 15:37:41 | INFO     | HIDS_Detection | [a940bb28-82c9-4972-b19b-40d24808c644] verdict=BENIGN MAE=0.425301 threshold=0.500000 latency=173.308ms
2026-09-30 15:37:41 | INFO     | HIDS_API | POST /detection/predict status=200 176.11ms
2026-09-30 15:37:41 | INFO     | uvicorn.access | 127.0.0.1:40116 - "POST /detection/predict HTTP/1.1" 200
2026-09-30 15:37:41 | INFO     | HIDS_Detection | [c3d4278e-62d5-4160-8ed2-302be7d53e86] verdict=BENIGN MAE=0.470765 threshold=0.500000 latency=160.865ms
2026-09-30 15:37:41 | INFO     | HIDS_API | POST /detection/predict status=200 166.28ms
2026-09-30 15:37:41 | INFO     | uvicorn.access | 127.0.0.1:40132 - "POST /detection/predict HTTP/1.1" 200
2026-09-30 15:37:41 | INFO     | HIDS_Detection | [d77d09c5-04a9-49f3-a7a7-5f3f7fc0ad9c] verdict=BENIGN MAE=0.442819 threshold=0.500000 latency=131.219ms
2026-09-30 15:37:41 | INFO     | HIDS_API | POST /detection/predict status=200 135.07ms
2026-09-30 15:37:41 | INFO     | uvicorn.access | 127.0.0.1:36014 - "POST /detection/predict HTTP/1.1" 200
2026-09-30 15:37:42 | INFO     | HIDS_Detection | [a02a8fe1-3d58-40ae-924c-0793b8e19af0] verdict=BENIGN MAE=0.470848 threshold=0.500000 latency=149.414ms
2026-09-30 15:37:42 | INFO     | HIDS_API | POST /detection/predict status=200 164.95ms
2026-09-30 15:37:42 | INFO     | uvicorn.access | 127.0.0.1:36030 - "POST /detection/predict HTTP/1.1" 200
2026-09-30 15:37:42 | INFO     | HIDS_Detection | [37820a7b-3ad0-49a8-b728-282115a425c0] verdict=BENIGN MAE=0.460950 threshold=0.500000 latency=144.626ms
2026-09-30 15:37:42 | INFO     | HIDS_API | POST /detection/predict status=200 148.45ms
2026-09-30 15:37:42 | INFO     | uvicorn.access | 127.0.0.1:36036 - "POST /detection/predict HTTP/1.1" 200
2026-09-30 15:37:42 | INFO     | HIDS_Detection | [e80f1cea-86dc-4534-a2e2-1bfbac0dfab8] verdict=BENIGN MAE=0.423340 threshold=0.500000 latency=141.148ms
2026-09-30 15:37:42 | INFO     | HIDS_API | POST /detection/predict status=200 143.95ms
2026-09-30 15:37:42 | INFO     | uvicorn.access | 127.0.0.1:36050 - "POST /detection/predict HTTP/1.1" 200
2026-09-30 15:37:42 | INFO     | HIDS_Detection | [1afa5759-4436-4cca-8916-a88757da7977] verdict=BENIGN MAE=0.485653 threshold=0.500000 latency=127.884ms
2026-09-30 15:37:42 | INFO     | HIDS_API | POST /detection/predict status=200 130.96ms
2026-09-30 15:37:42 | INFO     | uvicorn.access | 127.0.0.1:36066 - "POST /detection/predict HTTP/1.1" 200
2026-09-30 15:37:44 | INFO     | HIDS_Detection | [c444c90e-7c45-4c93-9eb7-50a0de7eb36f] verdict=BENIGN MAE=0.499350 threshold=0.500000 latency=161.423ms
2026-09-30 15:37:44 | INFO     | HIDS_API | POST /detection/predict status=200 163.50ms
2026-09-30 15:37:44 | INFO     | uvicorn.access | 127.0.0.1:36076 - "POST /detection/predict HTTP/1.1" 200
2026-09-30 15:37:44 | INFO     | HIDS_Detection | [9df5c86c-047a-4c40-ac1f-595fd8af5f02] verdict=BENIGN MAE=0.496229 threshold=0.500000 latency=121.892ms
2026-09-30 15:37:44 | INFO     | HIDS_API | POST /detection/predict status=200 125.29ms
2026-09-30 15:37:44 | INFO     | uvicorn.access | 127.0.0.1:36080 - "POST /detection/predict HTTP/1.1" 200
2026-09-30 15:37:47 | INFO     | HIDS_Detection | [96754e92-9169-4ae8-86da-b2c8a0c9f3db] verdict=BENIGN MAE=0.460573 threshold=0.500000 latency=178.036ms
2026-09-30 15:37:47 | INFO     | HIDS_API | POST /detection/predict status=200 180.92ms
2026-09-30 15:37:47 | INFO     | uvicorn.access | 127.0.0.1:36084 - "POST /detection/predict HTTP/1.1" 200
2026-09-30 15:37:47 | INFO     | HIDS_Detection | [1089c514-40cd-4689-9f99-5156b6157d75] verdict=MALICIOUS MAE=0.500974 threshold=0.500000 latency=163.833ms
2026-09-30 15:37:47 | INFO     | HIDS_API | POST /detection/predict status=200 167.96ms
2026-09-30 15:37:47 | INFO     | uvicorn.access | 127.0.0.1:36092 - "POST /detection/predict HTTP/1.1" 200
2026-09-30 15:37:47 | INFO     | HIDS_Detection | [b51e5245-6f2c-4b53-a5b2-907e7594e320] verdict=MALICIOUS MAE=0.516619 threshold=0.500000 latency=130.695ms
2026-09-30 15:37:47 | INFO     | HIDS_API | POST /detection/predict status=200 133.25ms
2026-09-30 15:37:47 | INFO     | uvicorn.access | 127.0.0.1:36106 - "POST /detection/predict HTTP/1.1" 200
2026-09-30 15:37:49 | INFO     | HIDS_Detection | [04fb0024-57a3-4b5e-80ec-eec0c4d2c77c] verdict=BENIGN MAE=0.489673 threshold=0.500000 latency=149.332ms
2026-09-30 15:37:49 | INFO     | HIDS_API | POST /detection/predict status=200 153.39ms
2026-09-30 15:37:49 | INFO     | uvicorn.access | 127.0.0.1:36108 - "POST /detection/predict HTTP/1.1" 200
2026-09-30 15:37:49 | INFO     | HIDS_Detection | [094fddfb-2429-4dc9-be08-3d9881659199] verdict=BENIGN MAE=0.463537 threshold=0.500000 latency=162.514ms
2026-09-30 15:37:49 | INFO     | HIDS_API | POST /detection/predict status=200 166.30ms
2026-09-30 15:37:49 | INFO     | uvicorn.access | 127.0.0.1:36116 - "POST /detection/predict HTTP/1.1" 200
2026-09-30 15:37:49 | INFO     | HIDS_Detection | [3b08d6cd-23f2-46b5-8738-50a2b9609d33] verdict=BENIGN MAE=0.448290 threshold=0.500000 latency=119.868ms
2026-09-30 15:37:49 | INFO     | HIDS_API | POST /detection/predict status=200 122.30ms
2026-09-30 15:37:49 | INFO     | uvicorn.access | 127.0.0.1:36130 - "POST /detection/predict HTTP/1.1" 200
2026-09-30 15:37:49 | INFO     | HIDS_Detection | [0324107a-6446-4aad-98ab-9d8427957ce9] verdict=BENIGN MAE=0.460939 threshold=0.500000 latency=121.718ms
2026-09-30 15:37:49 | INFO     | HIDS_API | POST /detection/predict status=200 128.88ms
2026-09-30 15:37:49 | INFO     | uvicorn.access | 127.0.0.1:36134 - "POST /detection/predict HTTP/1.1" 200
2026-09-30 15:37:49 | INFO     | HIDS_Detection | [034dcbaa-552e-439b-93c8-473cc52b12b9] verdict=BENIGN MAE=0.449739 threshold=0.500000 latency=138.401ms
2026-09-30 15:37:49 | INFO     | HIDS_API | POST /detection/predict status=200 141.63ms
2026-09-30 15:37:49 | INFO     | uvicorn.access | 127.0.0.1:36140 - "POST /detection/predict HTTP/1.1" 200
2026-09-30 15:37:49 | INFO     | HIDS_Detection | [9ae2bc89-6695-4ba8-8786-b8590b6279e0] verdict=BENIGN MAE=0.481719 threshold=0.500000 latency=123.485ms
2026-09-30 15:37:49 | INFO     | HIDS_API | POST /detection/predict status=200 126.50ms
2026-09-30 15:37:49 | INFO     | uvicorn.access | 127.0.0.1:36152 - "POST /detection/predict HTTP/1.1" 200
2026-09-30 15:37:51 | INFO     | HIDS_Detection | [a9476ec0-adfb-4570-8a9f-6ca14d003944] verdict=BENIGN MAE=0.471125 threshold=0.500000 latency=103.566ms
2026-09-30 15:37:51 | INFO     | HIDS_API | POST /detection/predict status=200 106.25ms
2026-09-30 15:37:51 | INFO     | uvicorn.access | 127.0.0.1:36160 - "POST /detection/predict HTTP/1.1" 200
2026-09-30 15:37:52 | INFO     | HIDS_Detection | [774a3ab7-6581-4454-9d4c-441215691c92] verdict=BENIGN MAE=0.461060 threshold=0.500000 latency=125.85ms
2026-09-30 15:37:52 | INFO     | HIDS_API | POST /detection/predict status=200 129.01ms
2026-09-30 15:37:52 | INFO     | uvicorn.access | 127.0.0.1:40294 - "POST /detection/predict HTTP/1.1" 200
2026-09-30 15:37:52 | INFO     | HIDS_Detection | [a53a86da-4275-4c97-a00b-c92d644f7ce9] verdict=BENIGN MAE=0.443075 threshold=0.500000 latency=139.712ms
2026-09-30 15:37:52 | INFO     | HIDS_API | POST /detection/predict status=200 142.94ms
2026-09-30 15:37:52 | INFO     | uvicorn.access | 127.0.0.1:40300 - "POST /detection/predict HTTP/1.1" 200
2026-09-30 15:37:52 | INFO     | HIDS_Detection | [ce86bcde-2f36-43a8-91a0-fb32456df7ab] verdict=BENIGN MAE=0.470845 threshold=0.500000 latency=118.781ms
2026-09-30 15:37:52 | INFO     | HIDS_API | POST /detection/predict status=200 122.13ms
2026-09-30 15:37:52 | INFO     | uvicorn.access | 127.0.0.1:40302 - "POST /detection/predict HTTP/1.1" 200
2026-09-30 15:37:52 | INFO     | HIDS_Detection | [df23a1cc-2f72-44ce-baeb-db0178e59c51] verdict=BENIGN MAE=0.460957 threshold=0.500000 latency=118.65ms
2026-09-30 15:37:52 | INFO     | HIDS_API | POST /detection/predict status=200 121.63ms
2026-09-30 15:37:52 | INFO     | uvicorn.access | 127.0.0.1:40308 - "POST /detection/predict HTTP/1.1" 200
2026-09-30 15:37:52 | INFO     | HIDS_Detection | [79a99cd7-8318-43d2-a364-bc360478e54c] verdict=BENIGN MAE=0.427638 threshold=0.500000 latency=125.779ms
2026-09-30 15:37:52 | INFO     | HIDS_API | POST /detection/predict status=200 129.98ms
2026-09-30 15:37:52 | INFO     | uvicorn.access | 127.0.0.1:40320 - "POST /detection/predict HTTP/1.1" 200
2026-09-30 15:37:53 | INFO     | HIDS_Detection | [d1c0d4e6-280b-43c3-99a5-8b6c53ea520c] verdict=BENIGN MAE=0.460956 threshold=0.500000 latency=124.641ms
2026-09-30 15:37:53 | INFO     | HIDS_API | POST /detection/predict status=200 127.81ms
2026-09-30 15:37:53 | INFO     | uvicorn.access | 127.0.0.1:40334 - "POST /detection/predict HTTP/1.1" 200
2026-09-30 15:37:56 | INFO     | HIDS_Detection | [cb885e96-9ba1-4e62-a581-672cd9f00bae] verdict=MALICIOUS MAE=0.501212 threshold=0.500000 latency=112.466ms
2026-09-30 15:37:56 | INFO     | HIDS_API | POST /detection/predict status=200 115.26ms
2026-09-30 15:37:56 | INFO     | uvicorn.access | 127.0.0.1:40344 - "POST /detection/predict HTTP/1.1" 200
2026-09-30 15:37:57 | INFO     | HIDS_Detection | [4597518d-f09b-4977-b21f-75d24b7df303] verdict=BENIGN MAE=0.490255 threshold=0.500000 latency=162.414ms
2026-09-30 15:37:57 | INFO     | HIDS_API | POST /detection/predict status=200 165.79ms
2026-09-30 15:37:57 | INFO     | uvicorn.access | 127.0.0.1:40358 - "POST /detection/predict HTTP/1.1" 200
2026-09-30 15:37:58 | INFO     | HIDS_Detection | [a6fa6122-2dad-4c58-84e1-070164fc4516] verdict=BENIGN MAE=0.459024 threshold=0.500000 latency=88.357ms
2026-09-30 15:37:58 | INFO     | HIDS_API | POST /detection/predict status=200 92.01ms
2026-09-30 15:37:58 | INFO     | uvicorn.access | 127.0.0.1:40368 - "POST /detection/predict HTTP/1.1" 200
2026-09-30 15:37:59 | INFO     | HIDS_Detection | [1275e283-8d91-44ac-a053-e7be37abd901] verdict=BENIGN MAE=0.420902 threshold=0.500000 latency=114.269ms
2026-09-30 15:37:59 | INFO     | HIDS_API | POST /detection/predict status=200 116.76ms
2026-09-30 15:37:59 | INFO     | uvicorn.access | 127.0.0.1:40378 - "POST /detection/predict HTTP/1.1" 200
2026-09-30 15:37:59 | INFO     | HIDS_Detection | [24dec5c4-79d1-44cc-8539-ebdb276e1575] verdict=BENIGN MAE=0.447109 threshold=0.500000 latency=114.403ms
2026-09-30 15:37:59 | INFO     | HIDS_API | POST /detection/predict status=200 121.70ms
2026-09-30 15:37:59 | INFO     | uvicorn.access | 127.0.0.1:40388 - "POST /detection/predict HTTP/1.1" 200
2026-09-30 15:37:59 | INFO     | HIDS_Detection | [c389886e-37cc-4912-8105-032d4b4e66a1] verdict=BENIGN MAE=0.445351 threshold=0.500000 latency=125.204ms
2026-09-30 15:37:59 | INFO     | HIDS_API | POST /detection/predict status=200 127.82ms
2026-09-30 15:37:59 | INFO     | uvicorn.access | 127.0.0.1:40404 - "POST /detection/predict HTTP/1.1" 200
2026-09-30 15:37:59 | INFO     | HIDS_Detection | [fceb82fe-0a64-4e0b-bb78-518f6dc35ee0] verdict=BENIGN MAE=0.455849 threshold=0.500000 latency=113.946ms
2026-09-30 15:37:59 | INFO     | HIDS_API | POST /detection/predict status=200 116.36ms
2026-09-30 15:37:59 | INFO     | uvicorn.access | 127.0.0.1:40418 - "POST /detection/predict HTTP/1.1" 200
2026-09-30 15:37:59 | INFO     | HIDS_Detection | [5d4a63b0-c9b8-4413-a4a5-04e9cd9d8f0b] verdict=BENIGN MAE=0.437027 threshold=0.500000 latency=120.015ms
2026-09-30 15:37:59 | INFO     | HIDS_API | POST /detection/predict status=200 123.25ms
2026-09-30 15:37:59 | INFO     | uvicorn.access | 127.0.0.1:40430 - "POST /detection/predict HTTP/1.1" 200
2026-09-30 15:37:59 | INFO     | HIDS_Detection | [78c33dda-9819-40a5-a8a5-d60cf473d98c] verdict=BENIGN MAE=0.467872 threshold=0.500000 latency=120.935ms
2026-09-30 15:37:59 | INFO     | HIDS_API | POST /detection/predict status=200 123.74ms
2026-09-30 15:37:59 | INFO     | uvicorn.access | 127.0.0.1:40436 - "POST /detection/predict HTTP/1.1" 200
2026-09-30 15:37:59 | INFO     | HIDS_Detection | [f2c66c1f-2733-422e-928f-5d091bf09215] verdict=BENIGN MAE=0.446785 threshold=0.500000 latency=122.345ms
2026-09-30 15:37:59 | INFO     | HIDS_API | POST /detection/predict status=200 125.37ms
2026-09-30 15:37:59 | INFO     | uvicorn.access | 127.0.0.1:40442 - "POST /detection/predict HTTP/1.1" 200
2026-09-30 15:38:00 | INFO     | HIDS_Detection | [302fd955-01af-48bf-a154-75afebec30ed] verdict=BENIGN MAE=0.444576 threshold=0.500000 latency=109.896ms
2026-09-30 15:38:00 | INFO     | HIDS_API | POST /detection/predict status=200 112.42ms
2026-09-30 15:38:00 | INFO     | uvicorn.access | 127.0.0.1:40446 - "POST /detection/predict HTTP/1.1" 200
2026-09-30 15:38:00 | INFO     | HIDS_Detection | [095a3fd0-9a2a-4106-a8dd-af693943d016] verdict=BENIGN MAE=0.478670 threshold=0.500000 latency=99.347ms
2026-09-30 15:38:00 | INFO     | HIDS_API | POST /detection/predict status=200 101.90ms
2026-09-30 15:38:00 | INFO     | uvicorn.access | 127.0.0.1:40454 - "POST /detection/predict HTTP/1.1" 200
2026-09-30 15:38:00 | INFO     | HIDS_Detection | [77a806a5-3904-4316-a8dc-908d6d9d737c] verdict=MALICIOUS MAE=0.500656 threshold=0.500000 latency=172.147ms
2026-09-30 15:38:00 | INFO     | HIDS_API | POST /detection/predict status=200 174.70ms
2026-09-30 15:38:00 | INFO     | uvicorn.access | 127.0.0.1:40460 - "POST /detection/predict HTTP/1.1" 200
2026-09-30 15:38:01 | INFO     | HIDS_Detection | [16dd411f-9e02-45e3-8ef6-e97c24f37f67] verdict=MALICIOUS MAE=0.510557 threshold=0.500000 latency=112.682ms
2026-09-30 15:38:01 | INFO     | HIDS_API | POST /detection/predict status=200 115.53ms
2026-09-30 15:38:01 | INFO     | uvicorn.access | 127.0.0.1:40472 - "POST /detection/predict HTTP/1.1" 200
2026-09-30 15:38:01 | INFO     | HIDS_Detection | [27ee2021-82bd-4022-ac91-79b986266796] verdict=BENIGN MAE=0.451725 threshold=0.500000 latency=102.692ms
2026-09-30 15:38:01 | INFO     | HIDS_API | POST /detection/predict status=200 105.11ms
2026-09-30 15:38:01 | INFO     | uvicorn.access | 127.0.0.1:40484 - "POST /detection/predict HTTP/1.1" 200
2026-09-30 15:38:01 | INFO     | HIDS_Detection | [b3e2c534-833d-437d-8d4d-e3699e461d51] verdict=BENIGN MAE=0.494926 threshold=0.500000 latency=145.933ms
2026-09-30 15:38:01 | INFO     | HIDS_API | POST /detection/predict status=200 149.68ms
2026-09-30 15:38:01 | INFO     | uvicorn.access | 127.0.0.1:40488 - "POST /detection/predict HTTP/1.1" 200
2026-09-30 15:38:01 | INFO     | HIDS_Detection | [04a6f2ba-bfb9-4512-adb2-20c231c9b89e] verdict=BENIGN MAE=0.441159 threshold=0.500000 latency=125.226ms
2026-09-30 15:38:01 | INFO     | HIDS_API | POST /detection/predict status=200 127.92ms
2026-09-30 15:38:01 | INFO     | uvicorn.access | 127.0.0.1:40494 - "POST /detection/predict HTTP/1.1" 200
2026-09-30 15:38:03 | INFO     | HIDS_Detection | [edcbc0ec-9a3e-411e-b3de-b3ef7ade895b] verdict=BENIGN MAE=0.483655 threshold=0.500000 latency=91.816ms
2026-09-30 15:38:03 | INFO     | HIDS_API | POST /detection/predict status=200 93.97ms
2026-09-30 15:38:03 | INFO     | uvicorn.access | 127.0.0.1:57612 - "POST /detection/predict HTTP/1.1" 200
2026-09-30 15:38:05 | INFO     | HIDS_Detection | [1611a1eb-f549-4507-9c9e-9951d2fd3973] verdict=BENIGN MAE=0.476344 threshold=0.500000 latency=112.217ms
2026-09-30 15:38:05 | INFO     | HIDS_API | POST /detection/predict status=200 114.96ms
2026-09-30 15:38:05 | INFO     | uvicorn.access | 127.0.0.1:57624 - "POST /detection/predict HTTP/1.1" 200
2026-09-30 15:38:05 | INFO     | HIDS_Detection | [913aa0e4-6d01-4ded-93b3-cc0983a9b1bc] verdict=BENIGN MAE=0.459778 threshold=0.500000 latency=172.554ms
2026-09-30 15:38:05 | INFO     | HIDS_API | POST /detection/predict status=200 175.87ms
2026-09-30 15:38:05 | INFO     | uvicorn.access | 127.0.0.1:57626 - "POST /detection/predict HTTP/1.1" 200
2026-09-30 15:38:06 | INFO     | HIDS_Detection | [1ffdda87-a6e3-437a-b80d-d72c8183e393] verdict=BENIGN MAE=0.467893 threshold=0.500000 latency=187.524ms
2026-09-30 15:38:06 | INFO     | HIDS_API | POST /detection/predict status=200 190.97ms
2026-09-30 15:38:06 | INFO     | uvicorn.access | 127.0.0.1:57638 - "POST /detection/predict HTTP/1.1" 200
2026-09-30 15:38:06 | INFO     | HIDS_Detection | [208894b5-5df5-43f9-b17c-4f20974f02e5] verdict=BENIGN MAE=0.446712 threshold=0.500000 latency=157.765ms
2026-09-30 15:38:06 | INFO     | HIDS_API | POST /detection/predict status=200 166.59ms
2026-09-30 15:38:06 | INFO     | uvicorn.access | 127.0.0.1:57646 - "POST /detection/predict HTTP/1.1" 200
2026-09-30 15:38:06 | INFO     | uvicorn.access | 127.0.0.1:57658 - "GET /ready HTTP/1.1" 200
2026-09-30 15:38:06 | INFO     | HIDS_Detection | [35d382b9-3d8b-4f8e-bd61-b76b80ac13ab] verdict=BENIGN MAE=0.434059 threshold=0.500000 latency=122.482ms
2026-09-30 15:38:06 | INFO     | HIDS_API | POST /detection/predict status=200 125.47ms
2026-09-30 15:38:06 | INFO     | uvicorn.access | 127.0.0.1:57674 - "POST /detection/predict HTTP/1.1" 200
2026-09-30 15:38:06 | INFO     | HIDS_Detection | [4f6006ca-7547-4634-ac19-7963decf8b7e] verdict=BENIGN MAE=0.436688 threshold=0.500000 latency=155.674ms
2026-09-30 15:38:06 | INFO     | HIDS_API | POST /detection/predict status=200 159.59ms
2026-09-30 15:38:06 | INFO     | uvicorn.access | 127.0.0.1:57688 - "POST /detection/predict HTTP/1.1" 200
2026-09-30 15:38:06 | INFO     | HIDS_Detection | [60c218f1-12f8-49aa-8ed4-bd49f214e1eb] verdict=BENIGN MAE=0.467906 threshold=0.500000 latency=203.727ms
2026-09-30 15:38:06 | INFO     | HIDS_API | POST /detection/predict status=200 208.14ms
2026-09-30 15:38:06 | INFO     | uvicorn.access | 127.0.0.1:57700 - "POST /detection/predict HTTP/1.1" 200
2026-09-30 15:38:07 | INFO     | HIDS_Detection | [abd0b3ba-2b25-4ffb-9b2e-756f507bdc06] verdict=BENIGN MAE=0.429514 threshold=0.500000 latency=181.0ms
2026-09-30 15:38:07 | INFO     | HIDS_API | POST /detection/predict status=200 183.84ms
2026-09-30 15:38:07 | INFO     | uvicorn.access | 127.0.0.1:57710 - "POST /detection/predict HTTP/1.1" 200
2026-09-30 15:38:07 | INFO     | HIDS_Detection | [8a6bc043-030e-4dc4-b366-ff23eb6ab0d4] verdict=BENIGN MAE=0.434046 threshold=0.500000 latency=178.047ms
2026-09-30 15:38:07 | INFO     | HIDS_API | POST /detection/predict status=200 190.24ms
2026-09-30 15:38:07 | INFO     | uvicorn.access | 127.0.0.1:57712 - "POST /detection/predict HTTP/1.1" 200
2026-09-30 15:38:07 | INFO     | HIDS_Detection | [9ce6bd06-d862-4c5f-bef7-69f2e9113009] verdict=BENIGN MAE=0.429974 threshold=0.500000 latency=175.825ms
2026-09-30 15:38:07 | INFO     | HIDS_API | POST /detection/predict status=200 180.18ms
2026-09-30 15:38:07 | INFO     | uvicorn.access | 127.0.0.1:57718 - "POST /detection/predict HTTP/1.1" 200
2026-09-30 15:38:07 | INFO     | HIDS_Detection | [652aadd0-a409-473a-9eb0-7d10f736fbf7] verdict=BENIGN MAE=0.495843 threshold=0.500000 latency=164.817ms
2026-09-30 15:38:07 | INFO     | HIDS_API | POST /detection/predict status=200 167.84ms
2026-09-30 15:38:07 | INFO     | uvicorn.access | 127.0.0.1:57720 - "POST /detection/predict HTTP/1.1" 200
2026-09-30 15:38:07 | INFO     | HIDS_Detection | [b84a4214-3a4a-4183-9068-d1ae5cd1000f] verdict=BENIGN MAE=0.460095 threshold=0.500000 latency=138.604ms
2026-09-30 15:38:07 | INFO     | HIDS_API | POST /detection/predict status=200 142.29ms
2026-09-30 15:38:07 | INFO     | uvicorn.access | 127.0.0.1:57726 - "POST /detection/predict HTTP/1.1" 200
2026-09-30 15:38:08 | INFO     | HIDS_Detection | [6c7ad3a2-72ec-4be1-a725-f9a2a999eecd] verdict=BENIGN MAE=0.443811 threshold=0.500000 latency=136.465ms
2026-09-30 15:38:08 | INFO     | HIDS_API | POST /detection/predict status=200 139.95ms
2026-09-30 15:38:08 | INFO     | uvicorn.access | 127.0.0.1:57734 - "POST /detection/predict HTTP/1.1" 200
2026-09-30 15:38:08 | INFO     | HIDS_Detection | [1d3c49d1-b935-4b31-826b-bb1b640790a4] verdict=BENIGN MAE=0.460072 threshold=0.500000 latency=134.22ms
2026-09-30 15:38:08 | INFO     | HIDS_API | POST /detection/predict status=200 136.88ms
2026-09-30 15:38:08 | INFO     | uvicorn.access | 127.0.0.1:57742 - "POST /detection/predict HTTP/1.1" 200
2026-09-30 15:38:08 | INFO     | HIDS_Detection | [d75c41e3-9e68-4f16-a650-c81b7950a0d6] verdict=BENIGN MAE=0.480489 threshold=0.500000 latency=116.495ms
2026-09-30 15:38:08 | INFO     | HIDS_API | POST /detection/predict status=200 119.22ms
2026-09-30 15:38:08 | INFO     | uvicorn.access | 127.0.0.1:57748 - "POST /detection/predict HTTP/1.1" 200
2026-09-30 15:38:08 | INFO     | HIDS_Detection | [b54fc77c-78c5-4dec-96e8-67ceecaa30db] verdict=BENIGN MAE=0.422217 threshold=0.500000 latency=163.742ms
2026-09-30 15:38:08 | INFO     | HIDS_API | POST /detection/predict status=200 170.27ms
2026-09-30 15:38:08 | INFO     | uvicorn.access | 127.0.0.1:57758 - "POST /detection/predict HTTP/1.1" 200
2026-09-30 15:38:08 | INFO     | HIDS_Detection | [aa5dfa57-7b66-4c08-96d0-6e06910b5da1] verdict=BENIGN MAE=0.451720 threshold=0.500000 latency=121.388ms
2026-09-30 15:38:08 | INFO     | HIDS_API | POST /detection/predict status=200 126.73ms
2026-09-30 15:38:08 | INFO     | uvicorn.access | 127.0.0.1:57764 - "POST /detection/predict HTTP/1.1" 200
2026-09-30 15:38:08 | INFO     | HIDS_Detection | [dcd88348-f9b2-42b6-821e-cef3067f8ff1] verdict=BENIGN MAE=0.446143 threshold=0.500000 latency=139.579ms
2026-09-30 15:38:08 | INFO     | HIDS_API | POST /detection/predict status=200 142.45ms
2026-09-30 15:38:08 | INFO     | uvicorn.access | 127.0.0.1:57780 - "POST /detection/predict HTTP/1.1" 200
2026-09-30 15:38:08 | INFO     | HIDS_Detection | [9df044d8-76c5-4b75-a6ea-bdf231102c71] verdict=BENIGN MAE=0.446091 threshold=0.500000 latency=146.498ms
2026-09-30 15:38:08 | INFO     | HIDS_API | POST /detection/predict status=200 150.35ms
2026-09-30 15:38:08 | INFO     | uvicorn.access | 127.0.0.1:57796 - "POST /detection/predict HTTP/1.1" 200
2026-09-30 15:38:09 | INFO     | HIDS_Detection | [6c4c7406-3cd1-45a5-bdb7-82a7f81fb850] verdict=BENIGN MAE=0.424074 threshold=0.500000 latency=121.939ms
2026-09-30 15:38:09 | INFO     | HIDS_API | POST /detection/predict status=200 124.59ms
2026-09-30 15:38:09 | INFO     | uvicorn.access | 127.0.0.1:57806 - "POST /detection/predict HTTP/1.1" 200
2026-09-30 15:38:10 | INFO     | HIDS_Detection | [38bb3d6e-87e0-4aa3-b445-4645b3dfb997] verdict=BENIGN MAE=0.485260 threshold=0.500000 latency=121.774ms
2026-09-30 15:38:10 | INFO     | HIDS_API | POST /detection/predict status=200 124.98ms
2026-09-30 15:38:10 | INFO     | uvicorn.access | 127.0.0.1:57822 - "POST /detection/predict HTTP/1.1" 200
2026-09-30 15:38:11 | INFO     | HIDS_Detection | [58bd1578-d90f-4703-98d1-715156ddee9e] verdict=BENIGN MAE=0.439560 threshold=0.500000 latency=158.436ms
2026-09-30 15:38:11 | INFO     | HIDS_API | POST /detection/predict status=200 161.55ms
2026-09-30 15:38:11 | INFO     | uvicorn.access | 127.0.0.1:57832 - "POST /detection/predict HTTP/1.1" 200
2026-09-30 15:38:11 | INFO     | HIDS_Detection | [14a9d1d2-ec67-4a63-af09-02dc11d38973] verdict=BENIGN MAE=0.448486 threshold=0.500000 latency=100.199ms
2026-09-30 15:38:11 | INFO     | HIDS_API | POST /detection/predict status=200 102.71ms
2026-09-30 15:38:11 | INFO     | uvicorn.access | 127.0.0.1:37568 - "POST /detection/predict HTTP/1.1" 200
2026-09-30 15:38:12 | INFO     | HIDS_Detection | [1577dff9-8131-4772-9853-3b1164fd42ef] verdict=BENIGN MAE=0.471500 threshold=0.500000 latency=110.718ms
2026-09-30 15:38:12 | INFO     | HIDS_API | POST /detection/predict status=200 112.95ms
2026-09-30 15:38:12 | INFO     | uvicorn.access | 127.0.0.1:37584 - "POST /detection/predict HTTP/1.1" 200
2026-09-30 15:38:16 | INFO     | HIDS_Detection | [a122440f-40ca-4522-bf7f-9012c6802fa3] verdict=MALICIOUS MAE=0.502893 threshold=0.500000 latency=125.258ms
2026-09-30 15:38:16 | INFO     | HIDS_API | POST /detection/predict status=200 128.34ms
2026-09-30 15:38:16 | INFO     | uvicorn.access | 127.0.0.1:37598 - "POST /detection/predict HTTP/1.1" 200
2026-09-30 15:38:16 | INFO     | HIDS_Detection | [04f04c68-dd1a-4dc5-9843-0391e467ec8a] verdict=BENIGN MAE=0.496975 threshold=0.500000 latency=116.363ms
2026-09-30 15:38:16 | INFO     | HIDS_API | POST /detection/predict status=200 118.54ms
2026-09-30 15:38:16 | INFO     | uvicorn.access | 127.0.0.1:37612 - "POST /detection/predict HTTP/1.1" 200
2026-09-30 15:38:21 | INFO     | HIDS_Detection | [6ee966cc-63cb-42a5-b57c-b1be1744f3fa] verdict=MALICIOUS MAE=0.508226 threshold=0.500000 latency=160.391ms
2026-09-30 15:38:21 | INFO     | HIDS_API | POST /detection/predict status=200 165.96ms
2026-09-30 15:38:21 | INFO     | uvicorn.access | 127.0.0.1:60476 - "POST /detection/predict HTTP/1.1" 200
2026-09-30 15:38:22 | INFO     | HIDS_Detection | [a08d7c56-fd79-4c76-af1d-92b0e29785f0] verdict=MALICIOUS MAE=0.508227 threshold=0.500000 latency=130.53ms
2026-09-30 15:38:22 | INFO     | HIDS_API | POST /detection/predict status=200 134.66ms
2026-09-30 15:38:22 | INFO     | uvicorn.access | 127.0.0.1:60488 - "POST /detection/predict HTTP/1.1" 200
2026-09-30 15:38:22 | INFO     | HIDS_Detection | [7439dacd-4f21-497c-8ead-614325b2b23f] verdict=BENIGN MAE=0.492320 threshold=0.500000 latency=137.038ms
2026-09-30 15:38:22 | INFO     | HIDS_API | POST /detection/predict status=200 142.51ms
2026-09-30 15:38:22 | INFO     | uvicorn.access | 127.0.0.1:60498 - "POST /detection/predict HTTP/1.1" 200
2026-09-30 15:38:22 | INFO     | HIDS_Detection | [3c090972-6a56-47be-ba44-10a16e53c3d2] verdict=BENIGN MAE=0.492574 threshold=0.500000 latency=166.11ms
2026-09-30 15:38:22 | INFO     | HIDS_API | POST /detection/predict status=200 169.03ms
2026-09-30 15:38:22 | INFO     | uvicorn.access | 127.0.0.1:60514 - "POST /detection/predict HTTP/1.1" 200
2026-09-30 15:38:25 | INFO     | HIDS_Detection | [b00ea8a2-8816-4de4-9e0f-52b2f8089f88] verdict=BENIGN MAE=0.492508 threshold=0.500000 latency=148.802ms
2026-09-30 15:38:25 | INFO     | HIDS_API | POST /detection/predict status=200 151.42ms
2026-09-30 15:38:25 | INFO     | uvicorn.access | 127.0.0.1:60522 - "POST /detection/predict HTTP/1.1" 200
2026-09-30 15:38:25 | INFO     | HIDS_Detection | [8a5d3b7d-a086-4ac3-859e-36fb0514caf2] verdict=BENIGN MAE=0.460063 threshold=0.500000 latency=163.276ms
2026-09-30 15:38:26 | INFO     | HIDS_API | POST /detection/predict status=200 167.15ms
2026-09-30 15:38:26 | INFO     | uvicorn.access | 127.0.0.1:60532 - "POST /detection/predict HTTP/1.1" 200
2026-09-30 15:38:26 | INFO     | HIDS_Detection | [dd193164-44e1-431a-908a-7bed65217c7d] verdict=BENIGN MAE=0.492634 threshold=0.500000 latency=139.846ms
2026-09-30 15:38:26 | INFO     | HIDS_API | POST /detection/predict status=200 144.00ms
2026-09-30 15:38:26 | INFO     | uvicorn.access | 127.0.0.1:60548 - "POST /detection/predict HTTP/1.1" 200
2026-09-30 15:38:26 | INFO     | HIDS_Detection | [38cfe58d-4745-47fc-9101-8e0d9fb43288] verdict=BENIGN MAE=0.498767 threshold=0.500000 latency=166.474ms
2026-09-30 15:38:26 | INFO     | HIDS_API | POST /detection/predict status=200 169.31ms
2026-09-30 15:38:26 | INFO     | uvicorn.access | 127.0.0.1:60556 - "POST /detection/predict HTTP/1.1" 200
2026-09-30 15:38:26 | INFO     | HIDS_Detection | [fb69c253-b738-4904-8104-25ae3f843d3d] verdict=BENIGN MAE=0.460062 threshold=0.500000 latency=160.152ms
2026-09-30 15:38:26 | INFO     | HIDS_API | POST /detection/predict status=200 165.29ms
2026-09-30 15:38:26 | INFO     | uvicorn.access | 127.0.0.1:60568 - "POST /detection/predict HTTP/1.1" 200
2026-09-30 15:38:26 | INFO     | HIDS_Detection | [6cc3af02-3b62-4316-9ef4-71a375259cf6] verdict=BENIGN MAE=0.446535 threshold=0.500000 latency=159.394ms
2026-09-30 15:38:26 | INFO     | HIDS_API | POST /detection/predict status=200 162.73ms
2026-09-30 15:38:26 | INFO     | uvicorn.access | 127.0.0.1:60578 - "POST /detection/predict HTTP/1.1" 200
2026-09-30 15:38:26 | INFO     | HIDS_Detection | [09163dfd-294a-4aa7-a5e0-13e9c6b79240] verdict=BENIGN MAE=0.436117 threshold=0.500000 latency=139.608ms
2026-09-30 15:38:26 | INFO     | HIDS_API | POST /detection/predict status=200 142.60ms
2026-09-30 15:38:26 | INFO     | uvicorn.access | 127.0.0.1:60582 - "POST /detection/predict HTTP/1.1" 200
2026-09-30 15:38:27 | INFO     | HIDS_Detection | [3cb257e4-8930-47d4-bcdb-33ec22fee3fd] verdict=BENIGN MAE=0.446706 threshold=0.500000 latency=171.059ms
2026-09-30 15:38:27 | INFO     | HIDS_API | POST /detection/predict status=200 174.35ms
2026-09-30 15:38:27 | INFO     | uvicorn.access | 127.0.0.1:60590 - "POST /detection/predict HTTP/1.1" 200
2026-09-30 15:38:27 | INFO     | HIDS_Detection | [5dce4030-8845-4953-afb6-500e280d6c12] verdict=BENIGN MAE=0.436710 threshold=0.500000 latency=135.009ms
2026-09-30 15:38:27 | INFO     | HIDS_API | POST /detection/predict status=200 140.56ms
2026-09-30 15:38:27 | INFO     | uvicorn.access | 127.0.0.1:60600 - "POST /detection/predict HTTP/1.1" 200
2026-09-30 15:38:27 | INFO     | HIDS_Detection | [139c40b9-251b-42b5-8eae-fb42c67c3fa6] verdict=BENIGN MAE=0.491508 threshold=0.500000 latency=154.589ms
2026-09-30 15:38:27 | INFO     | HIDS_API | POST /detection/predict status=200 157.81ms
2026-09-30 15:38:27 | INFO     | uvicorn.access | 127.0.0.1:60616 - "POST /detection/predict HTTP/1.1" 200
2026-09-30 15:38:27 | INFO     | HIDS_Detection | [bc1fe77d-ae7f-46cc-b3d1-21ec910f9ca7] verdict=MALICIOUS MAE=0.508398 threshold=0.500000 latency=131.289ms
2026-09-30 15:38:27 | INFO     | HIDS_API | POST /detection/predict status=200 134.09ms
2026-09-30 15:38:27 | INFO     | uvicorn.access | 127.0.0.1:60618 - "POST /detection/predict HTTP/1.1" 200
2026-09-30 15:38:27 | INFO     | HIDS_Detection | [bcfd8c6a-4a86-49eb-aefb-45d4b6f525b3] verdict=BENIGN MAE=0.428948 threshold=0.500000 latency=169.291ms
2026-09-30 15:38:27 | INFO     | HIDS_API | POST /detection/predict status=200 172.10ms
2026-09-30 15:38:27 | INFO     | uvicorn.access | 127.0.0.1:60622 - "POST /detection/predict HTTP/1.1" 200
2026-09-30 15:38:28 | INFO     | HIDS_Detection | [26a6385d-42d4-4622-876f-f10652443d1e] verdict=BENIGN MAE=0.440645 threshold=0.500000 latency=170.679ms
2026-09-30 15:38:28 | INFO     | HIDS_API | POST /detection/predict status=200 174.91ms
2026-09-30 15:38:28 | INFO     | uvicorn.access | 127.0.0.1:60628 - "POST /detection/predict HTTP/1.1" 200
2026-09-30 15:38:28 | INFO     | HIDS_Detection | [e331664c-e9ad-4f65-9c6e-4648e6e1da0e] verdict=BENIGN MAE=0.422985 threshold=0.500000 latency=166.274ms
2026-09-30 15:38:28 | INFO     | HIDS_API | POST /detection/predict status=200 171.81ms
2026-09-30 15:38:28 | INFO     | uvicorn.access | 127.0.0.1:60642 - "POST /detection/predict HTTP/1.1" 200
2026-09-30 15:38:28 | INFO     | HIDS_Detection | [08b9bfda-23ee-4b9d-8373-b5305cb40882] verdict=BENIGN MAE=0.456953 threshold=0.500000 latency=167.307ms
2026-09-30 15:38:28 | INFO     | HIDS_API | POST /detection/predict status=200 169.91ms
2026-09-30 15:38:28 | INFO     | uvicorn.access | 127.0.0.1:60646 - "POST /detection/predict HTTP/1.1" 200
2026-09-30 15:38:28 | INFO     | HIDS_Detection | [bcbc0b74-183d-4088-aa95-6b1c665d139c] verdict=BENIGN MAE=0.475992 threshold=0.500000 latency=175.557ms
2026-09-30 15:38:28 | INFO     | HIDS_API | POST /detection/predict status=200 178.39ms
2026-09-30 15:38:28 | INFO     | uvicorn.access | 127.0.0.1:60658 - "POST /detection/predict HTTP/1.1" 200
2026-09-30 15:38:28 | INFO     | HIDS_Detection | [fcb32096-2109-446e-90f3-93ced9e88a77] verdict=BENIGN MAE=0.494797 threshold=0.500000 latency=173.536ms
2026-09-30 15:38:28 | INFO     | HIDS_API | POST /detection/predict status=200 176.70ms
2026-09-30 15:38:28 | INFO     | uvicorn.access | 127.0.0.1:60666 - "POST /detection/predict HTTP/1.1" 200
2026-09-30 15:38:28 | INFO     | HIDS_Detection | [a6b88a72-c0f1-471f-a9ea-35d644160bba] verdict=BENIGN MAE=0.492158 threshold=0.500000 latency=157.309ms
2026-09-30 15:38:28 | INFO     | HIDS_API | POST /detection/predict status=200 160.32ms
2026-09-30 15:38:28 | INFO     | uvicorn.access | 127.0.0.1:60674 - "POST /detection/predict HTTP/1.1" 200
2026-09-30 15:38:29 | INFO     | HIDS_Detection | [4d5f4086-ba8f-4ac4-b5e7-e7ddfe9cab87] verdict=BENIGN MAE=0.490768 threshold=0.500000 latency=151.076ms
2026-09-30 15:38:29 | INFO     | HIDS_API | POST /detection/predict status=200 154.04ms
2026-09-30 15:38:29 | INFO     | uvicorn.access | 127.0.0.1:60690 - "POST /detection/predict HTTP/1.1" 200
2026-09-30 15:38:32 | INFO     | HIDS_Detection | [8a78db71-af98-4f64-813b-bf0f8e821005] verdict=MALICIOUS MAE=0.511418 threshold=0.500000 latency=168.657ms
2026-09-30 15:38:32 | INFO     | HIDS_API | POST /detection/predict status=200 171.48ms
2026-09-30 15:38:32 | INFO     | uvicorn.access | 127.0.0.1:53004 - "POST /detection/predict HTTP/1.1" 200
2026-09-30 15:38:33 | INFO     | HIDS_Detection | [5a3b4a45-e45c-4f9d-a9e1-ea1e73a595d2] verdict=MALICIOUS MAE=0.511788 threshold=0.500000 latency=130.434ms
2026-09-30 15:38:33 | INFO     | HIDS_API | POST /detection/predict status=200 133.96ms
2026-09-30 15:38:33 | INFO     | uvicorn.access | 127.0.0.1:53012 - "POST /detection/predict HTTP/1.1" 200
2026-09-30 15:38:33 | INFO     | HIDS_Detection | [a3b70baf-dad1-4584-9239-c7b4d7daed63] verdict=BENIGN MAE=0.499679 threshold=0.500000 latency=149.741ms
2026-09-30 15:38:33 | INFO     | HIDS_API | POST /detection/predict status=200 154.21ms
2026-09-30 15:38:33 | INFO     | uvicorn.access | 127.0.0.1:53028 - "POST /detection/predict HTTP/1.1" 200
2026-09-30 15:38:33 | INFO     | HIDS_Detection | [0ea1953b-5146-4910-bc1b-a7021b7f8c06] verdict=BENIGN MAE=0.484143 threshold=0.500000 latency=138.265ms
2026-09-30 15:38:33 | INFO     | HIDS_API | POST /detection/predict status=200 140.83ms
2026-09-30 15:38:33 | INFO     | uvicorn.access | 127.0.0.1:53038 - "POST /detection/predict HTTP/1.1" 200
2026-09-30 15:38:33 | INFO     | HIDS_Detection | [ea492f98-bc47-4c75-9001-d27091ea88b3] verdict=BENIGN MAE=0.442026 threshold=0.500000 latency=170.474ms
2026-09-30 15:38:33 | INFO     | HIDS_API | POST /detection/predict status=200 173.03ms
2026-09-30 15:38:33 | INFO     | uvicorn.access | 127.0.0.1:53046 - "POST /detection/predict HTTP/1.1" 200
2026-09-30 15:38:33 | INFO     | HIDS_Detection | [acd06beb-6d32-4b38-a4e8-77933ac966bc] verdict=BENIGN MAE=0.435821 threshold=0.500000 latency=127.758ms
2026-09-30 15:38:33 | INFO     | HIDS_API | POST /detection/predict status=200 132.43ms
2026-09-30 15:38:33 | INFO     | uvicorn.access | 127.0.0.1:53050 - "POST /detection/predict HTTP/1.1" 200
2026-09-30 15:38:33 | INFO     | HIDS_Detection | [79eb2029-a1a8-42e5-adc1-64afb89c970b] verdict=BENIGN MAE=0.454974 threshold=0.500000 latency=147.81ms
2026-09-30 15:38:33 | INFO     | HIDS_API | POST /detection/predict status=200 153.62ms
2026-09-30 15:38:33 | INFO     | uvicorn.access | 127.0.0.1:53060 - "POST /detection/predict HTTP/1.1" 200
2026-09-30 15:38:34 | INFO     | HIDS_Detection | [948c3010-2a2c-4f18-a7d7-2ebe5f5f6675] verdict=BENIGN MAE=0.468586 threshold=0.500000 latency=157.774ms
2026-09-30 15:38:34 | INFO     | HIDS_API | POST /detection/predict status=200 160.43ms
2026-09-30 15:38:34 | INFO     | uvicorn.access | 127.0.0.1:53076 - "POST /detection/predict HTTP/1.1" 200
2026-09-30 15:38:34 | INFO     | HIDS_Detection | [1c0b1cb1-06b0-4308-9109-35cc1885beb8] verdict=BENIGN MAE=0.446097 threshold=0.500000 latency=156.478ms
2026-09-30 15:38:34 | INFO     | HIDS_API | POST /detection/predict status=200 160.21ms
2026-09-30 15:38:34 | INFO     | uvicorn.access | 127.0.0.1:53088 - "POST /detection/predict HTTP/1.1" 200
2026-09-30 15:38:34 | INFO     | HIDS_Detection | [211f14aa-93ce-45a7-9f34-0f61fce186e3] verdict=BENIGN MAE=0.444544 threshold=0.500000 latency=119.715ms
2026-09-30 15:38:34 | INFO     | HIDS_API | POST /detection/predict status=200 122.30ms
2026-09-30 15:38:34 | INFO     | uvicorn.access | 127.0.0.1:53098 - "POST /detection/predict HTTP/1.1" 200
2026-09-30 15:38:34 | INFO     | HIDS_Detection | [d6b7d71d-03e2-4c6d-b525-ccc0a3ed6921] verdict=BENIGN MAE=0.446044 threshold=0.500000 latency=117.531ms
2026-09-30 15:38:34 | INFO     | HIDS_API | POST /detection/predict status=200 120.87ms
2026-09-30 15:38:34 | INFO     | uvicorn.access | 127.0.0.1:53112 - "POST /detection/predict HTTP/1.1" 200
2026-09-30 15:38:34 | INFO     | HIDS_Detection | [35a343f4-d3d7-41b8-b0cb-bbe0058e78c1] verdict=BENIGN MAE=0.447661 threshold=0.500000 latency=138.789ms
2026-09-30 15:38:34 | INFO     | HIDS_API | POST /detection/predict status=200 141.24ms
2026-09-30 15:38:34 | INFO     | uvicorn.access | 127.0.0.1:53118 - "POST /detection/predict HTTP/1.1" 200
2026-09-30 15:38:34 | INFO     | HIDS_Detection | [8234e2a6-f620-44e8-b33b-04fa3095182b] verdict=BENIGN MAE=0.492254 threshold=0.500000 latency=135.626ms
2026-09-30 15:38:34 | INFO     | HIDS_API | POST /detection/predict status=200 141.54ms
2026-09-30 15:38:34 | INFO     | uvicorn.access | 127.0.0.1:53132 - "POST /detection/predict HTTP/1.1" 200
2026-09-30 15:38:35 | INFO     | HIDS_Detection | [e1614fe3-afa2-4702-8a61-6a1776104c51] verdict=BENIGN MAE=0.443752 threshold=0.500000 latency=138.409ms
2026-09-30 15:38:35 | INFO     | HIDS_API | POST /detection/predict status=200 141.56ms
2026-09-30 15:38:35 | INFO     | uvicorn.access | 127.0.0.1:53144 - "POST /detection/predict HTTP/1.1" 200
2026-09-30 15:38:35 | INFO     | HIDS_Detection | [6f939ffb-6dd5-4704-a298-783d40ab3720] verdict=BENIGN MAE=0.422417 threshold=0.500000 latency=143.827ms
2026-09-30 15:38:35 | INFO     | HIDS_API | POST /detection/predict status=200 147.68ms
2026-09-30 15:38:35 | INFO     | uvicorn.access | 127.0.0.1:53158 - "POST /detection/predict HTTP/1.1" 200
2026-09-30 15:38:35 | INFO     | HIDS_Detection | [f2715fa7-6534-44e8-b365-8977ddbb378b] verdict=BENIGN MAE=0.429929 threshold=0.500000 latency=159.689ms
2026-09-30 15:38:35 | INFO     | HIDS_API | POST /detection/predict status=200 162.45ms
2026-09-30 15:38:35 | INFO     | uvicorn.access | 127.0.0.1:53174 - "POST /detection/predict HTTP/1.1" 200
2026-09-30 15:38:36 | INFO     | HIDS_Detection | [8ae1b8a0-f06d-4a76-a128-13a121cd4dd2] verdict=BENIGN MAE=0.392956 threshold=0.500000 latency=163.682ms
2026-09-30 15:38:36 | INFO     | HIDS_API | POST /detection/predict status=200 166.33ms
2026-09-30 15:38:36 | INFO     | uvicorn.access | 127.0.0.1:53180 - "POST /detection/predict HTTP/1.1" 200
2026-09-30 15:38:36 | INFO     | HIDS_Detection | [72264945-977a-46a4-9f8e-c837f859eb0d] verdict=BENIGN MAE=0.435933 threshold=0.500000 latency=170.986ms
2026-09-30 15:38:36 | INFO     | HIDS_API | POST /detection/predict status=200 185.84ms
2026-09-30 15:38:36 | INFO     | uvicorn.access | 127.0.0.1:53186 - "POST /detection/predict HTTP/1.1" 200
2026-09-30 15:38:36 | INFO     | uvicorn.access | 127.0.0.1:53200 - "GET /ready HTTP/1.1" 200
2026-09-30 15:38:36 | INFO     | HIDS_Detection | [21a1ac6c-82e5-4a39-b07c-cdd5fbe6167f] verdict=BENIGN MAE=0.434147 threshold=0.500000 latency=176.068ms
2026-09-30 15:38:36 | INFO     | HIDS_API | POST /detection/predict status=200 188.21ms
2026-09-30 15:38:36 | INFO     | uvicorn.access | 127.0.0.1:53206 - "POST /detection/predict HTTP/1.1" 200
2026-09-30 15:38:36 | INFO     | HIDS_Detection | [9f861862-1193-4eef-8db4-1740a848da10] verdict=BENIGN MAE=0.428866 threshold=0.500000 latency=131.891ms
2026-09-30 15:38:36 | INFO     | HIDS_API | POST /detection/predict status=200 134.55ms
2026-09-30 15:38:36 | INFO     | uvicorn.access | 127.0.0.1:53210 - "POST /detection/predict HTTP/1.1" 200
2026-09-30 15:38:37 | INFO     | HIDS_Detection | [72ef51bb-6701-48d1-b8c5-43fbbf0d29ae] verdict=BENIGN MAE=0.460213 threshold=0.500000 latency=152.201ms
2026-09-30 15:38:37 | INFO     | HIDS_API | POST /detection/predict status=200 159.30ms
2026-09-30 15:38:37 | INFO     | uvicorn.access | 127.0.0.1:53216 - "POST /detection/predict HTTP/1.1" 200
2026-09-30 15:38:37 | INFO     | HIDS_Detection | [9427f6e8-83af-48ce-9e27-1b02c1db6f93] verdict=BENIGN MAE=0.430605 threshold=0.500000 latency=188.847ms
2026-09-30 15:38:37 | INFO     | HIDS_API | POST /detection/predict status=200 192.90ms
2026-09-30 15:38:37 | INFO     | uvicorn.access | 127.0.0.1:53222 - "POST /detection/predict HTTP/1.1" 200
2026-09-30 15:38:37 | INFO     | HIDS_Detection | [babced6b-6e53-4f63-871e-8632ddfa1021] verdict=BENIGN MAE=0.426478 threshold=0.500000 latency=138.124ms
2026-09-30 15:38:37 | INFO     | HIDS_API | POST /detection/predict status=200 142.28ms
2026-09-30 15:38:37 | INFO     | uvicorn.access | 127.0.0.1:53228 - "POST /detection/predict HTTP/1.1" 200
2026-09-30 15:38:37 | INFO     | HIDS_Detection | [1a42e4f2-6c14-44d4-8790-200c0f058f6a] verdict=BENIGN MAE=0.460196 threshold=0.500000 latency=169.284ms
2026-09-30 15:38:37 | INFO     | HIDS_API | POST /detection/predict status=200 176.45ms
2026-09-30 15:38:37 | INFO     | uvicorn.access | 127.0.0.1:53238 - "POST /detection/predict HTTP/1.1" 200
2026-09-30 15:38:37 | INFO     | HIDS_Detection | [11df5e65-d10b-44be-bd76-1a58692763f3] verdict=BENIGN MAE=0.429120 threshold=0.500000 latency=165.541ms
2026-09-30 15:38:37 | INFO     | HIDS_API | POST /detection/predict status=200 168.35ms
2026-09-30 15:38:37 | INFO     | uvicorn.access | 127.0.0.1:53242 - "POST /detection/predict HTTP/1.1" 200
2026-09-30 15:38:38 | INFO     | HIDS_Detection | [0b9902a5-2bc3-4e51-9978-89263647d39a] verdict=BENIGN MAE=0.431257 threshold=0.500000 latency=143.491ms
2026-09-30 15:38:38 | INFO     | HIDS_API | POST /detection/predict status=200 148.08ms
2026-09-30 15:38:38 | INFO     | uvicorn.access | 127.0.0.1:53246 - "POST /detection/predict HTTP/1.1" 200
2026-09-30 15:38:38 | INFO     | HIDS_Detection | [bef7143e-f71c-4174-be65-43489ec2ee9c] verdict=BENIGN MAE=0.460097 threshold=0.500000 latency=151.568ms
2026-09-30 15:38:38 | INFO     | HIDS_API | POST /detection/predict status=200 154.85ms
2026-09-30 15:38:38 | INFO     | uvicorn.access | 127.0.0.1:53254 - "POST /detection/predict HTTP/1.1" 200
2026-09-30 15:38:38 | INFO     | HIDS_Detection | [3b5bb8fc-0346-49e1-b803-05175c79b427] verdict=BENIGN MAE=0.440085 threshold=0.500000 latency=172.092ms
2026-09-30 15:38:38 | INFO     | HIDS_API | POST /detection/predict status=200 174.95ms
2026-09-30 15:38:38 | INFO     | uvicorn.access | 127.0.0.1:53258 - "POST /detection/predict HTTP/1.1" 200
2026-09-30 15:38:38 | INFO     | HIDS_Detection | [88a1b1c9-d5db-4d5a-91e1-9d69ee8c5994] verdict=BENIGN MAE=0.430327 threshold=0.500000 latency=140.985ms
2026-09-30 15:38:38 | INFO     | HIDS_API | POST /detection/predict status=200 146.30ms
2026-09-30 15:38:38 | INFO     | uvicorn.access | 127.0.0.1:53260 - "POST /detection/predict HTTP/1.1" 200
2026-09-30 15:38:38 | INFO     | HIDS_Detection | [d8e61ff1-639f-4c8c-a9aa-3c01be67d1ba] verdict=BENIGN MAE=0.436627 threshold=0.500000 latency=187.943ms
2026-09-30 15:38:38 | INFO     | HIDS_API | POST /detection/predict status=200 190.51ms
2026-09-30 15:38:38 | INFO     | uvicorn.access | 127.0.0.1:53262 - "POST /detection/predict HTTP/1.1" 200
2026-09-30 15:38:39 | INFO     | HIDS_Detection | [fcc0dee0-aecb-48f7-a2a6-4488d439485f] verdict=BENIGN MAE=0.430254 threshold=0.500000 latency=143.824ms
2026-09-30 15:38:39 | INFO     | HIDS_API | POST /detection/predict status=200 146.75ms
2026-09-30 15:38:39 | INFO     | uvicorn.access | 127.0.0.1:53266 - "POST /detection/predict HTTP/1.1" 200
2026-09-30 15:38:39 | INFO     | HIDS_Detection | [eabd7845-a622-4f20-b74e-c611549deeab] verdict=BENIGN MAE=0.460105 threshold=0.500000 latency=168.481ms
2026-09-30 15:38:39 | INFO     | HIDS_API | POST /detection/predict status=200 175.63ms
2026-09-30 15:38:39 | INFO     | uvicorn.access | 127.0.0.1:53274 - "POST /detection/predict HTTP/1.1" 200
2026-09-30 15:38:39 | INFO     | HIDS_Detection | [4ce89a36-574f-4639-898f-017c2d521ca9] verdict=BENIGN MAE=0.492612 threshold=0.500000 latency=151.097ms
2026-09-30 15:38:39 | INFO     | HIDS_API | POST /detection/predict status=200 156.14ms
2026-09-30 15:38:39 | INFO     | uvicorn.access | 127.0.0.1:53280 - "POST /detection/predict HTTP/1.1" 200
2026-09-30 15:38:40 | INFO     | HIDS_Detection | [d3ce4be1-f39f-4f9f-9868-7019e9076947] verdict=BENIGN MAE=0.472161 threshold=0.500000 latency=175.206ms
2026-09-30 15:38:40 | INFO     | HIDS_API | POST /detection/predict status=200 178.26ms
2026-09-30 15:38:40 | INFO     | uvicorn.access | 127.0.0.1:53296 - "POST /detection/predict HTTP/1.1" 200
2026-09-30 15:38:42 | INFO     | HIDS_Detection | [11f4cca6-0d72-46b1-b7ed-94576d269906] verdict=BENIGN MAE=0.494913 threshold=0.500000 latency=168.813ms
2026-09-30 15:38:42 | INFO     | HIDS_API | POST /detection/predict status=200 173.19ms
2026-09-30 15:38:42 | INFO     | uvicorn.access | 127.0.0.1:54562 - "POST /detection/predict HTTP/1.1" 200
2026-09-30 15:38:42 | INFO     | HIDS_Detection | [6443ebf2-e82a-48ee-9e22-23d69fc30346] verdict=MALICIOUS MAE=0.501923 threshold=0.500000 latency=160.064ms
2026-09-30 15:38:42 | INFO     | HIDS_API | POST /detection/predict status=200 163.06ms
2026-09-30 15:38:42 | INFO     | uvicorn.access | 127.0.0.1:54574 - "POST /detection/predict HTTP/1.1" 200
2026-09-30 15:38:42 | INFO     | HIDS_Detection | [cefef89d-8859-4a26-a658-eda4636195cc] verdict=BENIGN MAE=0.494584 threshold=0.500000 latency=166.724ms
2026-09-30 15:38:42 | INFO     | HIDS_API | POST /detection/predict status=200 169.24ms
2026-09-30 15:38:42 | INFO     | uvicorn.access | 127.0.0.1:54578 - "POST /detection/predict HTTP/1.1" 200
2026-09-30 15:38:43 | INFO     | HIDS_Detection | [d00fe67f-da4d-49fb-b04c-0825b489f463] verdict=BENIGN MAE=0.485679 threshold=0.500000 latency=163.211ms
2026-09-30 15:38:43 | INFO     | HIDS_API | POST /detection/predict status=200 166.10ms
2026-09-30 15:38:43 | INFO     | uvicorn.access | 127.0.0.1:54584 - "POST /detection/predict HTTP/1.1" 200
2026-09-30 15:38:43 | INFO     | HIDS_Detection | [07fe444a-86f0-41ac-914f-a38815ad21e2] verdict=MALICIOUS MAE=0.506543 threshold=0.500000 latency=150.531ms
2026-09-30 15:38:43 | INFO     | HIDS_API | POST /detection/predict status=200 153.25ms
2026-09-30 15:38:43 | INFO     | uvicorn.access | 127.0.0.1:54596 - "POST /detection/predict HTTP/1.1" 200
2026-09-30 15:38:43 | INFO     | HIDS_Detection | [ab5ac3cc-31a9-4d75-acd9-2a3f008dc540] verdict=MALICIOUS MAE=0.505403 threshold=0.500000 latency=171.285ms
2026-09-30 15:38:43 | INFO     | HIDS_API | POST /detection/predict status=200 174.29ms
2026-09-30 15:38:43 | INFO     | uvicorn.access | 127.0.0.1:54606 - "POST /detection/predict HTTP/1.1" 200
2026-09-30 15:38:43 | INFO     | HIDS_Detection | [4e914985-0914-43b9-b96d-ff3d5454589c] verdict=MALICIOUS MAE=0.505592 threshold=0.500000 latency=164.825ms
2026-09-30 15:38:43 | INFO     | HIDS_API | POST /detection/predict status=200 173.91ms
2026-09-30 15:38:43 | INFO     | uvicorn.access | 127.0.0.1:54618 - "POST /detection/predict HTTP/1.1" 200
2026-09-30 15:38:43 | INFO     | HIDS_Detection | [0e240198-a79b-4541-9baa-06a14a6785ef] verdict=BENIGN MAE=0.480264 threshold=0.500000 latency=163.498ms
2026-09-30 15:38:43 | INFO     | HIDS_API | POST /detection/predict status=200 166.48ms
2026-09-30 15:38:43 | INFO     | uvicorn.access | 127.0.0.1:54622 - "POST /detection/predict HTTP/1.1" 200
2026-09-30 15:38:44 | INFO     | HIDS_Detection | [ea16b560-f5a1-4a5c-a2a5-69cb105b3779] verdict=BENIGN MAE=0.454521 threshold=0.500000 latency=152.688ms
2026-09-30 15:38:44 | INFO     | HIDS_API | POST /detection/predict status=200 155.56ms
2026-09-30 15:38:44 | INFO     | uvicorn.access | 127.0.0.1:54632 - "POST /detection/predict HTTP/1.1" 200
2026-09-30 15:38:44 | INFO     | HIDS_Detection | [4a655da4-b47d-42ec-88c5-ba29d76cb4de] verdict=BENIGN MAE=0.460799 threshold=0.500000 latency=125.765ms
2026-09-30 15:38:44 | INFO     | HIDS_API | POST /detection/predict status=200 136.00ms
2026-09-30 15:38:44 | INFO     | uvicorn.access | 127.0.0.1:54648 - "POST /detection/predict HTTP/1.1" 200
2026-09-30 15:38:44 | INFO     | HIDS_Detection | [a74ab199-a9b3-4368-9fda-d852d6227251] verdict=BENIGN MAE=0.487118 threshold=0.500000 latency=165.431ms
2026-09-30 15:38:44 | INFO     | HIDS_API | POST /detection/predict status=200 168.32ms
2026-09-30 15:38:44 | INFO     | uvicorn.access | 127.0.0.1:54658 - "POST /detection/predict HTTP/1.1" 200
2026-09-30 15:38:44 | INFO     | HIDS_Detection | [76040db3-73a3-4e8d-a120-066d32c21c16] verdict=BENIGN MAE=0.494075 threshold=0.500000 latency=129.325ms
2026-09-30 15:38:44 | INFO     | HIDS_API | POST /detection/predict status=200 134.58ms
2026-09-30 15:38:44 | INFO     | uvicorn.access | 127.0.0.1:54660 - "POST /detection/predict HTTP/1.1" 200
2026-09-30 15:38:44 | INFO     | HIDS_Detection | [f4f1a5a4-25a9-4d6d-8c10-3c4e3aa5f5b1] verdict=BENIGN MAE=0.491659 threshold=0.500000 latency=118.765ms
2026-09-30 15:38:44 | INFO     | HIDS_API | POST /detection/predict status=200 122.19ms
2026-09-30 15:38:44 | INFO     | uvicorn.access | 127.0.0.1:54666 - "POST /detection/predict HTTP/1.1" 200
2026-09-30 15:38:44 | INFO     | HIDS_Detection | [f261ea54-ada5-412f-b05c-7318b01684ba] verdict=BENIGN MAE=0.470848 threshold=0.500000 latency=133.695ms
2026-09-30 15:38:44 | INFO     | HIDS_API | POST /detection/predict status=200 136.30ms
2026-09-30 15:38:44 | INFO     | uvicorn.access | 127.0.0.1:54680 - "POST /detection/predict HTTP/1.1" 200
2026-09-30 15:38:45 | INFO     | HIDS_Detection | [f359d54e-951e-4c2a-9ce7-ef27ddc99da1] verdict=BENIGN MAE=0.497363 threshold=0.500000 latency=147.222ms
2026-09-30 15:38:45 | INFO     | HIDS_API | POST /detection/predict status=200 151.37ms
2026-09-30 15:38:45 | INFO     | uvicorn.access | 127.0.0.1:54682 - "POST /detection/predict HTTP/1.1" 200
2026-09-30 15:38:45 | INFO     | HIDS_Detection | [f2fcc1b4-b874-4337-af8e-858bd34ba968] verdict=BENIGN MAE=0.493689 threshold=0.500000 latency=130.691ms
2026-09-30 15:38:45 | INFO     | HIDS_API | POST /detection/predict status=200 136.87ms
2026-09-30 15:38:45 | INFO     | uvicorn.access | 127.0.0.1:54694 - "POST /detection/predict HTTP/1.1" 200
2026-09-30 15:38:45 | INFO     | HIDS_Detection | [32f9d8c4-34f4-4003-9894-7e3ec06a9627] verdict=BENIGN MAE=0.460903 threshold=0.500000 latency=165.08ms
2026-09-30 15:38:45 | INFO     | HIDS_API | POST /detection/predict status=200 181.64ms
2026-09-30 15:38:45 | INFO     | uvicorn.access | 127.0.0.1:54710 - "POST /detection/predict HTTP/1.1" 200
2026-09-30 15:38:45 | INFO     | HIDS_Detection | [acd0795d-eb0a-4c88-99ef-9d15e10b7c30] verdict=BENIGN MAE=0.490868 threshold=0.500000 latency=188.71ms
2026-09-30 15:38:45 | INFO     | HIDS_API | POST /detection/predict status=200 192.13ms
2026-09-30 15:38:45 | INFO     | uvicorn.access | 127.0.0.1:54716 - "POST /detection/predict HTTP/1.1" 200
2026-09-30 15:38:45 | INFO     | HIDS_Detection | [1aade92c-f0b7-4c9b-aaee-41c971e48b96] verdict=BENIGN MAE=0.494085 threshold=0.500000 latency=176.394ms
2026-09-30 15:38:45 | INFO     | HIDS_API | POST /detection/predict status=200 181.43ms
2026-09-30 15:38:45 | INFO     | uvicorn.access | 127.0.0.1:54726 - "POST /detection/predict HTTP/1.1" 200
2026-09-30 15:38:46 | INFO     | HIDS_Detection | [5d33ef87-9248-4a70-9ae1-9492a6ce7f96] verdict=BENIGN MAE=0.495503 threshold=0.500000 latency=148.231ms
2026-09-30 15:38:46 | INFO     | HIDS_API | POST /detection/predict status=200 151.28ms
2026-09-30 15:38:46 | INFO     | uvicorn.access | 127.0.0.1:54734 - "POST /detection/predict HTTP/1.1" 200
2026-09-30 15:38:46 | INFO     | HIDS_Detection | [00677756-8964-4fb8-963b-b71f3b79550b] verdict=BENIGN MAE=0.498807 threshold=0.500000 latency=163.802ms
2026-09-30 15:38:46 | INFO     | HIDS_API | POST /detection/predict status=200 167.01ms
2026-09-30 15:38:46 | INFO     | uvicorn.access | 127.0.0.1:54736 - "POST /detection/predict HTTP/1.1" 200
2026-09-30 15:38:46 | INFO     | HIDS_Detection | [3f5c1d4b-1b99-4cce-9bff-e791788d28fe] verdict=BENIGN MAE=0.435500 threshold=0.500000 latency=160.354ms
2026-09-30 15:38:46 | INFO     | HIDS_API | POST /detection/predict status=200 164.87ms
2026-09-30 15:38:46 | INFO     | uvicorn.access | 127.0.0.1:54742 - "POST /detection/predict HTTP/1.1" 200
2026-09-30 15:38:46 | INFO     | HIDS_Detection | [f65ff086-7c44-4b6f-819a-f174c7bd8e70] verdict=BENIGN MAE=0.492705 threshold=0.500000 latency=122.689ms
2026-09-30 15:38:46 | INFO     | HIDS_API | POST /detection/predict status=200 132.54ms
2026-09-30 15:38:46 | INFO     | uvicorn.access | 127.0.0.1:54750 - "POST /detection/predict HTTP/1.1" 200
2026-09-30 15:38:46 | INFO     | HIDS_Detection | [dc75ccfe-ed81-4370-a5ee-35576cb684fc] verdict=BENIGN MAE=0.488743 threshold=0.500000 latency=139.551ms
2026-09-30 15:38:46 | INFO     | HIDS_API | POST /detection/predict status=200 144.80ms
2026-09-30 15:38:46 | INFO     | uvicorn.access | 127.0.0.1:54760 - "POST /detection/predict HTTP/1.1" 200
2026-09-30 15:38:46 | INFO     | HIDS_Detection | [86559282-9c25-4f4e-86a4-4439e322d363] verdict=BENIGN MAE=0.484734 threshold=0.500000 latency=161.303ms
2026-09-30 15:38:46 | INFO     | HIDS_API | POST /detection/predict status=200 163.70ms
2026-09-30 15:38:46 | INFO     | uvicorn.access | 127.0.0.1:54772 - "POST /detection/predict HTTP/1.1" 200
2026-09-30 15:38:47 | INFO     | HIDS_Detection | [8374b361-8232-4107-a258-70403dbc2ef3] verdict=BENIGN MAE=0.484709 threshold=0.500000 latency=133.203ms
2026-09-30 15:38:47 | INFO     | HIDS_API | POST /detection/predict status=200 135.70ms
2026-09-30 15:38:47 | INFO     | uvicorn.access | 127.0.0.1:54774 - "POST /detection/predict HTTP/1.1" 200
2026-09-30 15:38:47 | INFO     | HIDS_Detection | [505f3f6f-6a37-4163-9b5b-550a825e199f] verdict=MALICIOUS MAE=0.514429 threshold=0.500000 latency=143.387ms
2026-09-30 15:38:47 | INFO     | HIDS_API | POST /detection/predict status=200 147.25ms
2026-09-30 15:38:47 | INFO     | uvicorn.access | 127.0.0.1:54776 - "POST /detection/predict HTTP/1.1" 200
2026-09-30 15:38:47 | INFO     | HIDS_Detection | [8a42521e-a837-4237-b6c6-d0eee3be003a] verdict=MALICIOUS MAE=0.501082 threshold=0.500000 latency=122.327ms
2026-09-30 15:38:47 | INFO     | HIDS_API | POST /detection/predict status=200 124.79ms
2026-09-30 15:38:47 | INFO     | uvicorn.access | 127.0.0.1:54788 - "POST /detection/predict HTTP/1.1" 200
2026-09-30 15:38:47 | INFO     | HIDS_Detection | [ff7131f8-5205-4d47-a3d5-d26828ba734f] verdict=BENIGN MAE=0.499999 threshold=0.500000 latency=159.04ms
2026-09-30 15:38:47 | INFO     | HIDS_API | POST /detection/predict status=200 161.55ms
2026-09-30 15:38:47 | INFO     | uvicorn.access | 127.0.0.1:54804 - "POST /detection/predict HTTP/1.1" 200
2026-09-30 15:38:47 | INFO     | HIDS_Detection | [d2d38b15-84fe-4693-b5d7-17894814e429] verdict=BENIGN MAE=0.499850 threshold=0.500000 latency=129.206ms
2026-09-30 15:38:47 | INFO     | HIDS_API | POST /detection/predict status=200 170.10ms
2026-09-30 15:38:47 | INFO     | uvicorn.access | 127.0.0.1:54820 - "POST /detection/predict HTTP/1.1" 200
2026-09-30 15:38:47 | INFO     | HIDS_Detection | [060b2ff6-fcda-4fb6-b381-f07c223edadd] verdict=BENIGN MAE=0.498283 threshold=0.500000 latency=165.725ms
2026-09-30 15:38:47 | INFO     | HIDS_API | POST /detection/predict status=200 189.77ms
2026-09-30 15:38:47 | INFO     | uvicorn.access | 127.0.0.1:54822 - "POST /detection/predict HTTP/1.1" 200
2026-09-30 15:38:48 | INFO     | HIDS_Detection | [94246f7e-e760-4eeb-b503-fdd6fedec9f8] verdict=BENIGN MAE=0.499377 threshold=0.500000 latency=133.29ms
2026-09-30 15:38:48 | INFO     | HIDS_API | POST /detection/predict status=200 136.08ms
2026-09-30 15:38:48 | INFO     | uvicorn.access | 127.0.0.1:54836 - "POST /detection/predict HTTP/1.1" 200
2026-09-30 15:38:48 | INFO     | HIDS_Detection | [e4cb51f5-fc49-4957-aa73-1688fa0e7a47] verdict=BENIGN MAE=0.465610 threshold=0.500000 latency=156.154ms
2026-09-30 15:38:48 | INFO     | HIDS_API | POST /detection/predict status=200 159.24ms
2026-09-30 15:38:48 | INFO     | uvicorn.access | 127.0.0.1:54850 - "POST /detection/predict HTTP/1.1" 200
2026-09-30 15:38:48 | INFO     | HIDS_Detection | [a3b31557-8601-49e7-b7ef-7c96d2acc839] verdict=BENIGN MAE=0.487134 threshold=0.500000 latency=135.126ms
2026-09-30 15:38:48 | INFO     | HIDS_API | POST /detection/predict status=200 139.96ms
2026-09-30 15:38:48 | INFO     | uvicorn.access | 127.0.0.1:54860 - "POST /detection/predict HTTP/1.1" 200
2026-09-30 15:38:48 | INFO     | HIDS_Detection | [0d8417ab-4093-4faf-a2a5-47ea5d4bd967] verdict=BENIGN MAE=0.478205 threshold=0.500000 latency=132.578ms
2026-09-30 15:38:48 | INFO     | HIDS_API | POST /detection/predict status=200 136.98ms
2026-09-30 15:38:48 | INFO     | uvicorn.access | 127.0.0.1:54868 - "POST /detection/predict HTTP/1.1" 200
2026-09-30 15:38:48 | INFO     | HIDS_Detection | [7e87d00c-b565-4de7-a0ef-c66c14dd2c4f] verdict=BENIGN MAE=0.472293 threshold=0.500000 latency=117.715ms
2026-09-30 15:38:48 | INFO     | HIDS_API | POST /detection/predict status=200 120.26ms
2026-09-30 15:38:48 | INFO     | uvicorn.access | 127.0.0.1:54882 - "POST /detection/predict HTTP/1.1" 200
2026-09-30 15:38:51 | INFO     | HIDS_Detection | [f8221f80-e513-4b72-b27a-0bd7145354bd] verdict=MALICIOUS MAE=0.504023 threshold=0.500000 latency=154.325ms
2026-09-30 15:38:51 | INFO     | HIDS_API | POST /detection/predict status=200 157.56ms
2026-09-30 15:38:51 | INFO     | uvicorn.access | 127.0.0.1:54896 - "POST /detection/predict HTTP/1.1" 200
2026-09-30 15:38:53 | INFO     | HIDS_Detection | [076b2dae-0eb2-4205-86ac-710a3d8958dd] verdict=BENIGN MAE=0.471185 threshold=0.500000 latency=125.791ms
2026-09-30 15:38:53 | INFO     | HIDS_API | POST /detection/predict status=200 132.06ms
2026-09-30 15:38:53 | INFO     | uvicorn.access | 127.0.0.1:55958 - "POST /detection/predict HTTP/1.1" 200
2026-09-30 15:38:53 | INFO     | HIDS_Detection | [d576ddbb-fe83-4169-931c-5782748cff1b] verdict=BENIGN MAE=0.496552 threshold=0.500000 latency=132.699ms
2026-09-30 15:38:53 | INFO     | HIDS_API | POST /detection/predict status=200 137.44ms
2026-09-30 15:38:53 | INFO     | uvicorn.access | 127.0.0.1:55966 - "POST /detection/predict HTTP/1.1" 200
2026-09-30 15:38:56 | INFO     | HIDS_Detection | [084318d6-bf5d-4c8e-b1af-e2cfac8962bf] verdict=BENIGN MAE=0.492588 threshold=0.500000 latency=181.618ms
2026-09-30 15:38:56 | INFO     | HIDS_API | POST /detection/predict status=200 184.34ms
2026-09-30 15:38:56 | INFO     | uvicorn.access | 127.0.0.1:55970 - "POST /detection/predict HTTP/1.1" 200
2026-09-30 15:38:56 | INFO     | HIDS_Detection | [c1008a6a-b92d-41fc-8d5e-f50562cd56a7] verdict=BENIGN MAE=0.426576 threshold=0.500000 latency=139.947ms
2026-09-30 15:38:56 | INFO     | HIDS_API | POST /detection/predict status=200 142.35ms
2026-09-30 15:38:56 | INFO     | uvicorn.access | 127.0.0.1:55974 - "POST /detection/predict HTTP/1.1" 200
2026-09-30 15:38:56 | INFO     | HIDS_Detection | [5bc287ef-c7d2-4485-a589-9a5bab1eb2a4] verdict=BENIGN MAE=0.478842 threshold=0.500000 latency=162.233ms
2026-09-30 15:38:56 | INFO     | HIDS_API | POST /detection/predict status=200 164.93ms
2026-09-30 15:38:56 | INFO     | uvicorn.access | 127.0.0.1:55980 - "POST /detection/predict HTTP/1.1" 200
2026-09-30 15:38:56 | INFO     | HIDS_Detection | [268ef7e3-c0c8-45b6-9236-3f96d18e5144] verdict=BENIGN MAE=0.480945 threshold=0.500000 latency=139.81ms
2026-09-30 15:38:56 | INFO     | HIDS_API | POST /detection/predict status=200 142.49ms
2026-09-30 15:38:56 | INFO     | uvicorn.access | 127.0.0.1:55986 - "POST /detection/predict HTTP/1.1" 200
2026-09-30 15:38:57 | INFO     | HIDS_Detection | [4334134d-2908-45b3-a272-054ddb00ab58] verdict=BENIGN MAE=0.499477 threshold=0.500000 latency=134.157ms
2026-09-30 15:38:57 | INFO     | HIDS_API | POST /detection/predict status=200 136.62ms
2026-09-30 15:38:57 | INFO     | uvicorn.access | 127.0.0.1:55988 - "POST /detection/predict HTTP/1.1" 200
2026-09-30 15:38:57 | INFO     | HIDS_Detection | [c6470a87-f846-4b3e-b3ab-8db560b08731] verdict=BENIGN MAE=0.467890 threshold=0.500000 latency=150.468ms
2026-09-30 15:38:57 | INFO     | HIDS_API | POST /detection/predict status=200 153.18ms
2026-09-30 15:38:57 | INFO     | uvicorn.access | 127.0.0.1:55992 - "POST /detection/predict HTTP/1.1" 200
2026-09-30 15:38:57 | INFO     | HIDS_Detection | [8822926d-c3c0-47a6-a7bb-6715867a5538] verdict=BENIGN MAE=0.475225 threshold=0.500000 latency=130.942ms
2026-09-30 15:38:57 | INFO     | HIDS_API | POST /detection/predict status=200 134.68ms
2026-09-30 15:38:57 | INFO     | uvicorn.access | 127.0.0.1:56000 - "POST /detection/predict HTTP/1.1" 200
2026-09-30 15:38:57 | INFO     | HIDS_Detection | [0b92ebe6-7f1b-40bb-9473-17673256d059] verdict=MALICIOUS MAE=0.502751 threshold=0.500000 latency=160.963ms
2026-09-30 15:38:57 | INFO     | HIDS_API | POST /detection/predict status=200 165.51ms
2026-09-30 15:38:57 | INFO     | uvicorn.access | 127.0.0.1:56008 - "POST /detection/predict HTTP/1.1" 200
2026-09-30 15:38:57 | INFO     | HIDS_Detection | [f6b99fff-1b9b-4f53-b7a1-1d9449e3f21b] verdict=BENIGN MAE=0.436304 threshold=0.500000 latency=155.44ms
2026-09-30 15:38:57 | INFO     | HIDS_API | POST /detection/predict status=200 158.06ms
2026-09-30 15:38:57 | INFO     | uvicorn.access | 127.0.0.1:56016 - "POST /detection/predict HTTP/1.1" 200
2026-09-30 15:38:58 | INFO     | HIDS_Detection | [430e49c4-60da-4454-862e-c915a05f8752] verdict=BENIGN MAE=0.482177 threshold=0.500000 latency=167.998ms
2026-09-30 15:38:58 | INFO     | HIDS_API | POST /detection/predict status=200 170.98ms
2026-09-30 15:38:58 | INFO     | uvicorn.access | 127.0.0.1:56026 - "POST /detection/predict HTTP/1.1" 200
2026-09-30 15:38:58 | INFO     | HIDS_Detection | [00ca76d8-ec41-40e3-86cc-1f3a8f0654a3] verdict=BENIGN MAE=0.477312 threshold=0.500000 latency=162.856ms
2026-09-30 15:38:58 | INFO     | HIDS_API | POST /detection/predict status=200 166.57ms
2026-09-30 15:38:58 | INFO     | uvicorn.access | 127.0.0.1:56036 - "POST /detection/predict HTTP/1.1" 200
2026-09-30 15:38:58 | INFO     | HIDS_Detection | [64b8ba2a-4d49-4920-9a82-60a8709b1314] verdict=BENIGN MAE=0.491266 threshold=0.500000 latency=164.438ms
2026-09-30 15:38:58 | INFO     | HIDS_API | POST /detection/predict status=200 167.38ms
2026-09-30 15:38:58 | INFO     | uvicorn.access | 127.0.0.1:56040 - "POST /detection/predict HTTP/1.1" 200
2026-09-30 15:38:58 | INFO     | HIDS_Detection | [06f818bc-e378-492a-8dfc-bae0c0d65a85] verdict=BENIGN MAE=0.480775 threshold=0.500000 latency=156.454ms
2026-09-30 15:38:58 | INFO     | HIDS_API | POST /detection/predict status=200 159.20ms
2026-09-30 15:38:58 | INFO     | uvicorn.access | 127.0.0.1:56052 - "POST /detection/predict HTTP/1.1" 200
2026-09-30 15:38:59 | INFO     | HIDS_Detection | [fd21c5be-062f-44dc-bddf-a84088bc5e7f] verdict=BENIGN MAE=0.467891 threshold=0.500000 latency=144.781ms
2026-09-30 15:38:59 | INFO     | HIDS_API | POST /detection/predict status=200 147.46ms
2026-09-30 15:38:59 | INFO     | uvicorn.access | 127.0.0.1:56056 - "POST /detection/predict HTTP/1.1" 200
2026-09-30 15:38:59 | INFO     | HIDS_Detection | [6e96687c-34f8-465c-bfc8-d47888da42d3] verdict=BENIGN MAE=0.460114 threshold=0.500000 latency=139.352ms
2026-09-30 15:38:59 | INFO     | HIDS_API | POST /detection/predict status=200 142.48ms
2026-09-30 15:38:59 | INFO     | uvicorn.access | 127.0.0.1:56066 - "POST /detection/predict HTTP/1.1" 200
2026-09-30 15:39:00 | INFO     | HIDS_Detection | [11566835-ec06-44ff-a913-6a007c6a187a] verdict=BENIGN MAE=0.460116 threshold=0.500000 latency=152.912ms
2026-09-30 15:39:00 | INFO     | HIDS_API | POST /detection/predict status=200 156.52ms
2026-09-30 15:39:00 | INFO     | uvicorn.access | 127.0.0.1:56078 - "POST /detection/predict HTTP/1.1" 200
2026-09-30 15:39:00 | INFO     | HIDS_Detection | [a762aa1e-3c2f-4219-88d4-a34dd0aed1d8] verdict=BENIGN MAE=0.460107 threshold=0.500000 latency=169.717ms
2026-09-30 15:39:00 | INFO     | HIDS_API | POST /detection/predict status=200 172.59ms
2026-09-30 15:39:00 | INFO     | uvicorn.access | 127.0.0.1:56086 - "POST /detection/predict HTTP/1.1" 200
2026-09-30 15:39:00 | INFO     | HIDS_Detection | [ae3056b4-6b41-4065-bfd2-1d0ca9662628] verdict=BENIGN MAE=0.460037 threshold=0.500000 latency=183.143ms
2026-09-30 15:39:00 | INFO     | HIDS_API | POST /detection/predict status=200 185.61ms
2026-09-30 15:39:00 | INFO     | uvicorn.access | 127.0.0.1:56096 - "POST /detection/predict HTTP/1.1" 200
2026-09-30 15:39:00 | INFO     | HIDS_Detection | [9734df67-e45e-464c-b2bc-04a03b328b23] verdict=BENIGN MAE=0.433831 threshold=0.500000 latency=141.719ms
2026-09-30 15:39:00 | INFO     | HIDS_API | POST /detection/predict status=200 144.39ms
2026-09-30 15:39:00 | INFO     | uvicorn.access | 127.0.0.1:56106 - "POST /detection/predict HTTP/1.1" 200
2026-09-30 15:39:00 | INFO     | HIDS_Detection | [1e8882d8-99e4-4aa8-8e59-71aec1bc0ae8] verdict=BENIGN MAE=0.460096 threshold=0.500000 latency=159.23ms
2026-09-30 15:39:00 | INFO     | HIDS_API | POST /detection/predict status=200 165.26ms
2026-09-30 15:39:00 | INFO     | uvicorn.access | 127.0.0.1:56110 - "POST /detection/predict HTTP/1.1" 200
2026-09-30 15:39:01 | INFO     | HIDS_Detection | [6adaa4bf-4116-4eb0-89e5-3627c95ddc7a] verdict=BENIGN MAE=0.438494 threshold=0.500000 latency=185.061ms
2026-09-30 15:39:01 | INFO     | HIDS_API | POST /detection/predict status=200 187.44ms
2026-09-30 15:39:01 | INFO     | uvicorn.access | 127.0.0.1:56120 - "POST /detection/predict HTTP/1.1" 200
2026-09-30 15:39:01 | INFO     | HIDS_Detection | [9ecb5af0-cb79-406c-86c2-44f549166b17] verdict=BENIGN MAE=0.429785 threshold=0.500000 latency=191.045ms
2026-09-30 15:39:01 | INFO     | HIDS_API | POST /detection/predict status=200 193.95ms
2026-09-30 15:39:01 | INFO     | uvicorn.access | 127.0.0.1:56128 - "POST /detection/predict HTTP/1.1" 200
2026-09-30 15:39:02 | INFO     | HIDS_Detection | [3d2e2919-233f-444c-8409-a325a97e95fc] verdict=BENIGN MAE=0.493844 threshold=0.500000 latency=151.023ms
2026-09-30 15:39:02 | INFO     | HIDS_API | POST /detection/predict status=200 154.61ms
2026-09-30 15:39:02 | INFO     | uvicorn.access | 127.0.0.1:47266 - "POST /detection/predict HTTP/1.1" 200
2026-09-30 15:39:02 | INFO     | HIDS_Detection | [725234a8-c65e-40bd-b4ad-839d9f8d78a7] verdict=BENIGN MAE=0.464107 threshold=0.500000 latency=172.681ms
2026-09-30 15:39:02 | INFO     | HIDS_API | POST /detection/predict status=200 190.02ms
2026-09-30 15:39:02 | INFO     | uvicorn.access | 127.0.0.1:47268 - "POST /detection/predict HTTP/1.1" 200
2026-09-30 15:39:02 | INFO     | HIDS_Detection | [df3b4b08-0a0c-4e83-aed5-f2623616f9f0] verdict=BENIGN MAE=0.463167 threshold=0.500000 latency=161.195ms
2026-09-30 15:39:02 | INFO     | HIDS_API | POST /detection/predict status=200 166.73ms
2026-09-30 15:39:02 | INFO     | uvicorn.access | 127.0.0.1:47278 - "POST /detection/predict HTTP/1.1" 200
2026-09-30 15:39:03 | INFO     | HIDS_Detection | [27d377d8-b0cf-4ade-9982-e229fa57cd9b] verdict=BENIGN MAE=0.442386 threshold=0.500000 latency=170.057ms
2026-09-30 15:39:03 | INFO     | HIDS_API | POST /detection/predict status=200 176.59ms
2026-09-30 15:39:03 | INFO     | uvicorn.access | 127.0.0.1:47284 - "POST /detection/predict HTTP/1.1" 200
2026-09-30 15:39:03 | INFO     | HIDS_Detection | [16381ba1-8c6f-40e6-ac82-3230abfe6e09] verdict=BENIGN MAE=0.479507 threshold=0.500000 latency=123.379ms
2026-09-30 15:39:03 | INFO     | HIDS_API | POST /detection/predict status=200 128.63ms
2026-09-30 15:39:03 | INFO     | uvicorn.access | 127.0.0.1:47298 - "POST /detection/predict HTTP/1.1" 200
2026-09-30 15:39:03 | INFO     | HIDS_Detection | [ecc1f194-02ad-4ea4-a4b5-36fc49d264db] verdict=BENIGN MAE=0.467579 threshold=0.500000 latency=139.964ms
2026-09-30 15:39:03 | INFO     | HIDS_API | POST /detection/predict status=200 142.96ms
2026-09-30 15:39:03 | INFO     | uvicorn.access | 127.0.0.1:47312 - "POST /detection/predict HTTP/1.1" 200
2026-09-30 15:39:03 | INFO     | HIDS_Detection | [423227c2-0e33-4b83-b361-0efdb3e425e6] verdict=BENIGN MAE=0.444159 threshold=0.500000 latency=173.559ms
2026-09-30 15:39:03 | INFO     | HIDS_API | POST /detection/predict status=200 180.60ms
2026-09-30 15:39:03 | INFO     | uvicorn.access | 127.0.0.1:47320 - "POST /detection/predict HTTP/1.1" 200
2026-09-30 15:39:03 | INFO     | HIDS_Detection | [0513c39e-3f54-4424-9517-f9c2d0e81e28] verdict=BENIGN MAE=0.467080 threshold=0.500000 latency=128.556ms
2026-09-30 15:39:03 | INFO     | HIDS_API | POST /detection/predict status=200 131.40ms
2026-09-30 15:39:03 | INFO     | uvicorn.access | 127.0.0.1:47334 - "POST /detection/predict HTTP/1.1" 200
2026-09-30 15:39:03 | INFO     | HIDS_Detection | [2235aa0a-d2de-445f-9fc0-8eeffafaa6af] verdict=BENIGN MAE=0.461455 threshold=0.500000 latency=134.538ms
2026-09-30 15:39:03 | INFO     | HIDS_API | POST /detection/predict status=200 137.65ms
2026-09-30 15:39:03 | INFO     | uvicorn.access | 127.0.0.1:47336 - "POST /detection/predict HTTP/1.1" 200
2026-09-30 15:39:04 | INFO     | HIDS_Detection | [8e1558e8-c044-4221-82ca-b970b6a75800] verdict=BENIGN MAE=0.477541 threshold=0.500000 latency=119.49ms
2026-09-30 15:39:04 | INFO     | HIDS_API | POST /detection/predict status=200 122.32ms
2026-09-30 15:39:04 | INFO     | uvicorn.access | 127.0.0.1:47338 - "POST /detection/predict HTTP/1.1" 200
2026-09-30 15:39:04 | INFO     | HIDS_Detection | [71fe2064-9203-46d8-b7c8-a817be150fd2] verdict=BENIGN MAE=0.446118 threshold=0.500000 latency=201.848ms
2026-09-30 15:39:04 | INFO     | HIDS_API | POST /detection/predict status=200 205.73ms
2026-09-30 15:39:04 | INFO     | uvicorn.access | 127.0.0.1:47354 - "POST /detection/predict HTTP/1.1" 200
2026-09-30 15:39:04 | INFO     | HIDS_Detection | [3b9492fc-bee0-41a4-940b-ce77f731ce36] verdict=BENIGN MAE=0.492194 threshold=0.500000 latency=162.351ms
2026-09-30 15:39:04 | INFO     | HIDS_API | POST /detection/predict status=200 165.32ms
2026-09-30 15:39:04 | INFO     | uvicorn.access | 127.0.0.1:47360 - "POST /detection/predict HTTP/1.1" 200
2026-09-30 15:39:04 | INFO     | HIDS_Detection | [64e20977-ead8-4ccb-ba1f-d60fc8e736ec] verdict=BENIGN MAE=0.493645 threshold=0.500000 latency=137.077ms
2026-09-30 15:39:04 | INFO     | HIDS_API | POST /detection/predict status=200 140.02ms
2026-09-30 15:39:04 | INFO     | uvicorn.access | 127.0.0.1:47374 - "POST /detection/predict HTTP/1.1" 200
2026-09-30 15:39:05 | INFO     | HIDS_Detection | [51b34c87-f301-4f4d-a918-7a871e555beb] verdict=BENIGN MAE=0.496467 threshold=0.500000 latency=131.809ms
2026-09-30 15:39:05 | INFO     | HIDS_API | POST /detection/predict status=200 134.33ms
2026-09-30 15:39:05 | INFO     | uvicorn.access | 127.0.0.1:47390 - "POST /detection/predict HTTP/1.1" 200
2026-09-30 15:39:05 | INFO     | HIDS_Detection | [9132557c-690a-460b-995e-8864d06c8428] verdict=BENIGN MAE=0.445859 threshold=0.500000 latency=115.499ms
2026-09-30 15:39:05 | INFO     | HIDS_API | POST /detection/predict status=200 118.45ms
2026-09-30 15:39:05 | INFO     | uvicorn.access | 127.0.0.1:47400 - "POST /detection/predict HTTP/1.1" 200
2026-09-30 15:39:05 | INFO     | HIDS_Detection | [d313d058-7eb3-4be8-83c1-859b21321fb7] verdict=BENIGN MAE=0.446770 threshold=0.500000 latency=119.998ms
2026-09-30 15:39:05 | INFO     | HIDS_API | POST /detection/predict status=200 124.69ms
2026-09-30 15:39:05 | INFO     | uvicorn.access | 127.0.0.1:47408 - "POST /detection/predict HTTP/1.1" 200
2026-09-30 15:39:05 | INFO     | HIDS_Detection | [cd92206b-6912-4577-968c-c7aa07a72548] verdict=BENIGN MAE=0.454267 threshold=0.500000 latency=145.779ms
2026-09-30 15:39:05 | INFO     | HIDS_API | POST /detection/predict status=200 148.39ms
2026-09-30 15:39:05 | INFO     | uvicorn.access | 127.0.0.1:47424 - "POST /detection/predict HTTP/1.1" 200
2026-09-30 15:39:06 | INFO     | HIDS_Detection | [5307e049-d9d3-4148-87c8-ebaf91b03dec] verdict=BENIGN MAE=0.460768 threshold=0.500000 latency=161.521ms
2026-09-30 15:39:06 | INFO     | HIDS_API | POST /detection/predict status=200 164.67ms
2026-09-30 15:39:06 | INFO     | uvicorn.access | 127.0.0.1:47428 - "POST /detection/predict HTTP/1.1" 200
2026-09-30 15:39:06 | INFO     | uvicorn.access | 127.0.0.1:47434 - "GET /ready HTTP/1.1" 200
2026-09-30 15:39:07 | INFO     | HIDS_Detection | [4c89933f-0c7b-4d0a-bef6-8f1314c2d414] verdict=BENIGN MAE=0.497242 threshold=0.500000 latency=153.667ms
2026-09-30 15:39:07 | INFO     | HIDS_API | POST /detection/predict status=200 156.09ms
2026-09-30 15:39:07 | INFO     | uvicorn.access | 127.0.0.1:47444 - "POST /detection/predict HTTP/1.1" 200
2026-09-30 15:39:07 | INFO     | HIDS_Detection | [4e97a3e7-1875-4357-8560-4293826c8b95] verdict=BENIGN MAE=0.498123 threshold=0.500000 latency=219.286ms
2026-09-30 15:39:07 | INFO     | HIDS_API | POST /detection/predict status=200 222.26ms
2026-09-30 15:39:07 | INFO     | uvicorn.access | 127.0.0.1:47450 - "POST /detection/predict HTTP/1.1" 200
2026-09-30 15:39:09 | INFO     | HIDS_Detection | [de3b0366-996b-4dc3-aec1-223f18c5a44a] verdict=BENIGN MAE=0.497225 threshold=0.500000 latency=203.746ms
2026-09-30 15:39:09 | INFO     | HIDS_API | POST /detection/predict status=200 208.30ms
2026-09-30 15:39:09 | INFO     | uvicorn.access | 127.0.0.1:47464 - "POST /detection/predict HTTP/1.1" 200
2026-09-30 15:39:09 | INFO     | HIDS_Detection | [a6d5c658-c09f-4ecc-95af-574ee4895e53] verdict=BENIGN MAE=0.434074 threshold=0.500000 latency=144.526ms
2026-09-30 15:39:09 | INFO     | HIDS_API | POST /detection/predict status=200 147.43ms
2026-09-30 15:39:09 | INFO     | uvicorn.access | 127.0.0.1:47470 - "POST /detection/predict HTTP/1.1" 200
2026-09-30 15:39:09 | INFO     | HIDS_Detection | [6a76c630-6a7e-4c6c-ac3a-ee27bd9a2f8a] verdict=BENIGN MAE=0.460113 threshold=0.500000 latency=156.38ms
2026-09-30 15:39:09 | INFO     | HIDS_API | POST /detection/predict status=200 164.46ms
2026-09-30 15:39:09 | INFO     | uvicorn.access | 127.0.0.1:47482 - "POST /detection/predict HTTP/1.1" 200
2026-09-30 15:39:13 | INFO     | HIDS_Detection | [ec39b5e1-217d-47d0-a1d6-1f2c4116c57f] verdict=BENIGN MAE=0.498547 threshold=0.500000 latency=178.556ms
2026-09-30 15:39:13 | INFO     | HIDS_API | POST /detection/predict status=200 184.62ms
2026-09-30 15:39:13 | INFO     | uvicorn.access | 127.0.0.1:52402 - "POST /detection/predict HTTP/1.1" 200
2026-09-30 15:39:15 | INFO     | HIDS_Detection | [c0265225-1fb3-499f-a8b8-0e14d0a7f50b] verdict=BENIGN MAE=0.496065 threshold=0.500000 latency=156.757ms
2026-09-30 15:39:15 | INFO     | HIDS_API | POST /detection/predict status=200 161.51ms
2026-09-30 15:39:15 | INFO     | uvicorn.access | 127.0.0.1:52412 - "POST /detection/predict HTTP/1.1" 200
2026-09-30 15:39:15 | INFO     | HIDS_Detection | [bd1b6aae-94cd-4b9a-851f-5cf09f95dc4f] verdict=BENIGN MAE=0.433267 threshold=0.500000 latency=150.464ms
2026-09-30 15:39:15 | INFO     | HIDS_API | POST /detection/predict status=200 155.09ms
2026-09-30 15:39:15 | INFO     | uvicorn.access | 127.0.0.1:52416 - "POST /detection/predict HTTP/1.1" 200
2026-09-30 15:39:15 | INFO     | HIDS_Detection | [a345c1b4-16ef-43fa-83b4-eb75fd43980f] verdict=BENIGN MAE=0.494692 threshold=0.500000 latency=155.063ms
2026-09-30 15:39:15 | INFO     | HIDS_API | POST /detection/predict status=200 159.28ms
2026-09-30 15:39:15 | INFO     | uvicorn.access | 127.0.0.1:52432 - "POST /detection/predict HTTP/1.1" 200
2026-09-30 15:39:18 | INFO     | HIDS_Detection | [b30ebb54-6cf1-4573-939c-236b38af8771] verdict=BENIGN MAE=0.482477 threshold=0.500000 latency=121.144ms
2026-09-30 15:39:18 | INFO     | HIDS_API | POST /detection/predict status=200 123.82ms
2026-09-30 15:39:18 | INFO     | uvicorn.access | 127.0.0.1:52434 - "POST /detection/predict HTTP/1.1" 200
2026-09-30 15:39:19 | INFO     | HIDS_Detection | [82d82482-067a-4142-9390-37a50cace7a5] verdict=MALICIOUS MAE=0.503588 threshold=0.500000 latency=183.182ms
2026-09-30 15:39:19 | INFO     | HIDS_API | POST /detection/predict status=200 195.07ms
2026-09-30 15:39:19 | INFO     | uvicorn.access | 127.0.0.1:52450 - "POST /detection/predict HTTP/1.1" 200
2026-09-30 15:39:19 | INFO     | HIDS_Detection | [f8aa8717-4843-44f5-a3ad-726d4b49dcc5] verdict=MALICIOUS MAE=0.501494 threshold=0.500000 latency=162.257ms
2026-09-30 15:39:19 | INFO     | HIDS_API | POST /detection/predict status=200 165.73ms
2026-09-30 15:39:19 | INFO     | uvicorn.access | 127.0.0.1:52452 - "POST /detection/predict HTTP/1.1" 200
2026-09-30 15:39:19 | INFO     | HIDS_Detection | [98a3dba3-e1f2-4882-9c63-687813c0bbeb] verdict=MALICIOUS MAE=0.511788 threshold=0.500000 latency=123.045ms
2026-09-30 15:39:19 | INFO     | HIDS_API | POST /detection/predict status=200 125.78ms
2026-09-30 15:39:19 | INFO     | uvicorn.access | 127.0.0.1:52454 - "POST /detection/predict HTTP/1.1" 200
2026-09-30 15:39:19 | INFO     | HIDS_Detection | [cf57c80a-6f5c-467e-9e3c-a9753db1c21c] verdict=BENIGN MAE=0.446119 threshold=0.500000 latency=119.142ms
2026-09-30 15:39:19 | INFO     | HIDS_API | POST /detection/predict status=200 125.19ms
2026-09-30 15:39:19 | INFO     | uvicorn.access | 127.0.0.1:52468 - "POST /detection/predict HTTP/1.1" 200
2026-09-30 15:39:19 | INFO     | HIDS_Detection | [e1f7537e-5116-49e6-8709-096d6bd6ce04] verdict=MALICIOUS MAE=0.511788 threshold=0.500000 latency=134.771ms
2026-09-30 15:39:19 | INFO     | HIDS_API | POST /detection/predict status=200 137.84ms
2026-09-30 15:39:19 | INFO     | uvicorn.access | 127.0.0.1:52484 - "POST /detection/predict HTTP/1.1" 200
2026-09-30 15:39:23 | INFO     | HIDS_Detection | [3a5b53a6-5949-41d5-86e3-e2614fc2a089] verdict=BENIGN MAE=0.477186 threshold=0.500000 latency=142.598ms
2026-09-30 15:39:23 | INFO     | HIDS_API | POST /detection/predict status=200 145.20ms
2026-09-30 15:39:23 | INFO     | uvicorn.access | 127.0.0.1:53766 - "POST /detection/predict HTTP/1.1" 200
2026-09-30 15:39:23 | INFO     | HIDS_Detection | [96cfcecb-b11b-4ab0-9326-0a3d852f7f72] verdict=MALICIOUS MAE=0.508842 threshold=0.500000 latency=154.361ms
2026-09-30 15:39:23 | INFO     | HIDS_API | POST /detection/predict status=200 157.34ms
2026-09-30 15:39:23 | INFO     | uvicorn.access | 127.0.0.1:53774 - "POST /detection/predict HTTP/1.1" 200
2026-09-30 15:39:24 | INFO     | HIDS_Detection | [5bde6c9d-20d7-48aa-ba1b-d140fab5a825] verdict=BENIGN MAE=0.488521 threshold=0.500000 latency=177.272ms
2026-09-30 15:39:24 | INFO     | HIDS_API | POST /detection/predict status=200 180.94ms
2026-09-30 15:39:24 | INFO     | uvicorn.access | 127.0.0.1:53778 - "POST /detection/predict HTTP/1.1" 200
2026-09-30 15:39:24 | INFO     | HIDS_Detection | [f1e7b093-993f-47b8-b70d-5841a52a0e5b] verdict=BENIGN MAE=0.490796 threshold=0.500000 latency=172.684ms
2026-09-30 15:39:24 | INFO     | HIDS_API | POST /detection/predict status=200 175.87ms
2026-09-30 15:39:24 | INFO     | uvicorn.access | 127.0.0.1:53794 - "POST /detection/predict HTTP/1.1" 200
2026-09-30 15:39:26 | INFO     | HIDS_Detection | [35483f71-d93c-4192-a523-69190ae0ae74] verdict=BENIGN MAE=0.482959 threshold=0.500000 latency=138.883ms
2026-09-30 15:39:26 | INFO     | HIDS_API | POST /detection/predict status=200 141.87ms
2026-09-30 15:39:26 | INFO     | uvicorn.access | 127.0.0.1:53802 - "POST /detection/predict HTTP/1.1" 200
2026-09-30 15:39:26 | INFO     | HIDS_Detection | [b022e1bc-15bd-4933-b09b-f11725679eb9] verdict=BENIGN MAE=0.490979 threshold=0.500000 latency=143.043ms
2026-09-30 15:39:26 | INFO     | HIDS_API | POST /detection/predict status=200 145.89ms
2026-09-30 15:39:26 | INFO     | uvicorn.access | 127.0.0.1:53816 - "POST /detection/predict HTTP/1.1" 200
2026-09-30 15:39:26 | INFO     | HIDS_Detection | [da9704cb-4d7e-46de-a4db-fb442bd2e975] verdict=BENIGN MAE=0.426820 threshold=0.500000 latency=167.424ms
2026-09-30 15:39:26 | INFO     | HIDS_API | POST /detection/predict status=200 170.58ms
2026-09-30 15:39:26 | INFO     | uvicorn.access | 127.0.0.1:53820 - "POST /detection/predict HTTP/1.1" 200
2026-09-30 15:39:26 | INFO     | HIDS_Detection | [a3102e41-0b00-4b42-bd16-1608ff0f684a] verdict=BENIGN MAE=0.423394 threshold=0.500000 latency=156.331ms
2026-09-30 15:39:26 | INFO     | HIDS_API | POST /detection/predict status=200 177.40ms
2026-09-30 15:39:26 | INFO     | uvicorn.access | 127.0.0.1:53824 - "POST /detection/predict HTTP/1.1" 200
2026-09-30 15:39:27 | INFO     | HIDS_Detection | [cb298f76-d969-47c0-8a55-08661abe8c7e] verdict=BENIGN MAE=0.496764 threshold=0.500000 latency=137.306ms
2026-09-30 15:39:27 | INFO     | HIDS_API | POST /detection/predict status=200 140.25ms
2026-09-30 15:39:27 | INFO     | uvicorn.access | 127.0.0.1:53834 - "POST /detection/predict HTTP/1.1" 200
2026-09-30 15:39:27 | INFO     | HIDS_Detection | [48c8349f-716b-416f-a00a-66617cafc617] verdict=BENIGN MAE=0.494214 threshold=0.500000 latency=132.751ms
2026-09-30 15:39:27 | INFO     | HIDS_API | POST /detection/predict status=200 135.77ms
2026-09-30 15:39:27 | INFO     | uvicorn.access | 127.0.0.1:53848 - "POST /detection/predict HTTP/1.1" 200
2026-09-30 15:39:28 | INFO     | HIDS_Detection | [e1753eab-7917-4dfe-82d6-46e41348e746] verdict=BENIGN MAE=0.485294 threshold=0.500000 latency=144.721ms
2026-09-30 15:39:28 | INFO     | HIDS_API | POST /detection/predict status=200 147.22ms
2026-09-30 15:39:28 | INFO     | uvicorn.access | 127.0.0.1:53854 - "POST /detection/predict HTTP/1.1" 200
2026-09-30 15:39:28 | INFO     | HIDS_Detection | [93becca3-16b6-4d73-a238-d3568c5069a5] verdict=BENIGN MAE=0.485278 threshold=0.500000 latency=138.669ms
2026-09-30 15:39:28 | INFO     | HIDS_API | POST /detection/predict status=200 141.50ms
2026-09-30 15:39:28 | INFO     | uvicorn.access | 127.0.0.1:53856 - "POST /detection/predict HTTP/1.1" 200
2026-09-30 15:39:36 | INFO     | uvicorn.access | 127.0.0.1:35188 - "GET /ready HTTP/1.1" 200
2026-09-30 15:39:42 | INFO     | HIDS_Detection | [c9608f41-db0a-4109-a80d-dd56b39e4697] verdict=BENIGN MAE=0.491800 threshold=0.500000 latency=131.249ms
2026-09-30 15:39:42 | INFO     | HIDS_API | POST /detection/predict status=200 133.66ms
2026-09-30 15:39:42 | INFO     | uvicorn.access | 127.0.0.1:38996 - "POST /detection/predict HTTP/1.1" 200
2026-09-30 15:39:42 | INFO     | HIDS_Detection | [cc2835a7-c31a-4daa-9afa-5557a28234e3] verdict=BENIGN MAE=0.489984 threshold=0.500000 latency=140.335ms
2026-09-30 15:39:42 | INFO     | HIDS_API | POST /detection/predict status=200 143.29ms
2026-09-30 15:39:42 | INFO     | uvicorn.access | 127.0.0.1:38998 - "POST /detection/predict HTTP/1.1" 200
2026-09-30 15:39:42 | INFO     | HIDS_Detection | [e68c66b2-062b-4d1c-b5b9-ccdd54dd25f0] verdict=BENIGN MAE=0.484357 threshold=0.500000 latency=170.817ms
2026-09-30 15:39:42 | INFO     | HIDS_API | POST /detection/predict status=200 191.92ms
2026-09-30 15:39:42 | INFO     | uvicorn.access | 127.0.0.1:39012 - "POST /detection/predict HTTP/1.1" 200
2026-09-30 15:39:42 | INFO     | HIDS_Detection | [392a9317-9024-4be7-ad8b-b58cb8f38b54] verdict=MALICIOUS MAE=0.503770 threshold=0.500000 latency=149.932ms
2026-09-30 15:39:42 | INFO     | HIDS_API | POST /detection/predict status=200 153.94ms
2026-09-30 15:39:42 | INFO     | uvicorn.access | 127.0.0.1:39018 - "POST /detection/predict HTTP/1.1" 200
2026-09-30 15:39:44 | INFO     | HIDS_Detection | [d39499ff-81e6-4da3-b45e-a5d4f4925743] verdict=BENIGN MAE=0.498893 threshold=0.500000 latency=122.653ms
2026-09-30 15:39:44 | INFO     | HIDS_API | POST /detection/predict status=200 125.81ms
2026-09-30 15:39:44 | INFO     | uvicorn.access | 127.0.0.1:39024 - "POST /detection/predict HTTP/1.1" 200
2026-09-30 15:39:45 | INFO     | HIDS_Detection | [987c80e6-427b-4837-a380-cbc4940c7325] verdict=BENIGN MAE=0.496189 threshold=0.500000 latency=175.321ms
2026-09-30 15:39:45 | INFO     | HIDS_API | POST /detection/predict status=200 178.57ms
2026-09-30 15:39:45 | INFO     | uvicorn.access | 127.0.0.1:39028 - "POST /detection/predict HTTP/1.1" 200
2026-09-30 15:39:45 | INFO     | HIDS_Detection | [87a89cfe-c276-4fe8-a20b-358a099fd10e] verdict=BENIGN MAE=0.496165 threshold=0.500000 latency=149.767ms
2026-09-30 15:39:45 | INFO     | HIDS_API | POST /detection/predict status=200 153.24ms
2026-09-30 15:39:45 | INFO     | uvicorn.access | 127.0.0.1:39040 - "POST /detection/predict HTTP/1.1" 200
2026-09-30 15:39:47 | INFO     | HIDS_Detection | [db85ae8f-4bf2-4330-aaea-2716d6f18a08] verdict=MALICIOUS MAE=0.500453 threshold=0.500000 latency=140.454ms
2026-09-30 15:39:47 | INFO     | HIDS_API | POST /detection/predict status=200 143.45ms
2026-09-30 15:39:47 | INFO     | uvicorn.access | 127.0.0.1:39054 - "POST /detection/predict HTTP/1.1" 200
2026-09-30 15:39:47 | INFO     | HIDS_Detection | [29b88ba4-db81-4aaf-8742-106e575c1cc4] verdict=MALICIOUS MAE=0.500519 threshold=0.500000 latency=155.425ms
2026-09-30 15:39:47 | INFO     | HIDS_API | POST /detection/predict status=200 158.39ms
2026-09-30 15:39:47 | INFO     | uvicorn.access | 127.0.0.1:39058 - "POST /detection/predict HTTP/1.1" 200
2026-09-30 15:39:48 | INFO     | HIDS_Detection | [48e7873f-6f30-467f-a950-9c66959c771f] verdict=BENIGN MAE=0.467883 threshold=0.500000 latency=172.523ms
2026-09-30 15:39:48 | INFO     | HIDS_API | POST /detection/predict status=200 175.47ms
2026-09-30 15:39:48 | INFO     | uvicorn.access | 127.0.0.1:39062 - "POST /detection/predict HTTP/1.1" 200
2026-09-30 15:39:48 | INFO     | HIDS_Detection | [159ed38f-05c2-4b1f-8702-3f8d454925b7] verdict=BENIGN MAE=0.447373 threshold=0.500000 latency=141.151ms
2026-09-30 15:39:48 | INFO     | HIDS_API | POST /detection/predict status=200 186.77ms
2026-09-30 15:39:48 | INFO     | uvicorn.access | 127.0.0.1:39078 - "POST /detection/predict HTTP/1.1" 200
2026-09-30 15:39:48 | INFO     | HIDS_Detection | [cfe42fd1-a613-4945-a23a-b84196da0100] verdict=BENIGN MAE=0.467863 threshold=0.500000 latency=182.904ms
2026-09-30 15:39:48 | INFO     | HIDS_API | POST /detection/predict status=200 186.51ms
2026-09-30 15:39:48 | INFO     | uvicorn.access | 127.0.0.1:39080 - "POST /detection/predict HTTP/1.1" 200
2026-09-30 15:39:48 | INFO     | HIDS_Detection | [120cb2d8-433d-4c9d-8244-a185d2728443] verdict=BENIGN MAE=0.432480 threshold=0.500000 latency=176.489ms
2026-09-30 15:39:48 | INFO     | HIDS_API | POST /detection/predict status=200 179.57ms
2026-09-30 15:39:48 | INFO     | uvicorn.access | 127.0.0.1:39094 - "POST /detection/predict HTTP/1.1" 200
2026-09-30 15:39:48 | INFO     | HIDS_Detection | [8a429b6d-e247-43b4-97df-f21ae919f220] verdict=BENIGN MAE=0.432480 threshold=0.500000 latency=166.253ms
2026-09-30 15:39:48 | INFO     | HIDS_API | POST /detection/predict status=200 169.22ms
2026-09-30 15:39:48 | INFO     | uvicorn.access | 127.0.0.1:39108 - "POST /detection/predict HTTP/1.1" 200
2026-09-30 15:39:49 | INFO     | HIDS_Detection | [95bb0769-7cd9-4ac7-b8e8-035daa1fb7c2] verdict=BENIGN MAE=0.467886 threshold=0.500000 latency=163.43ms
2026-09-30 15:39:49 | INFO     | HIDS_API | POST /detection/predict status=200 166.26ms
2026-09-30 15:39:49 | INFO     | uvicorn.access | 127.0.0.1:39114 - "POST /detection/predict HTTP/1.1" 200
2026-09-30 15:39:49 | INFO     | HIDS_Detection | [3e6dd898-6013-4346-b5e8-0543d93ab521] verdict=BENIGN MAE=0.417775 threshold=0.500000 latency=163.166ms
2026-09-30 15:39:49 | INFO     | HIDS_API | POST /detection/predict status=200 166.21ms
2026-09-30 15:39:49 | INFO     | uvicorn.access | 127.0.0.1:39126 - "POST /detection/predict HTTP/1.1" 200
2026-09-30 15:39:49 | INFO     | HIDS_Detection | [d0500544-888d-4a9d-a042-33fc136fa514] verdict=BENIGN MAE=0.460322 threshold=0.500000 latency=135.601ms
2026-09-30 15:39:49 | INFO     | HIDS_API | POST /detection/predict status=200 138.93ms
2026-09-30 15:39:49 | INFO     | uvicorn.access | 127.0.0.1:39138 - "POST /detection/predict HTTP/1.1" 200
2026-09-30 15:39:49 | INFO     | HIDS_Detection | [009ffe45-a077-4a0b-bf9d-b0e330247ca3] verdict=BENIGN MAE=0.460107 threshold=0.500000 latency=153.623ms
2026-09-30 15:39:49 | INFO     | HIDS_API | POST /detection/predict status=200 156.58ms
2026-09-30 15:39:49 | INFO     | uvicorn.access | 127.0.0.1:39142 - "POST /detection/predict HTTP/1.1" 200
2026-09-30 15:39:49 | INFO     | HIDS_Detection | [b669a09d-67d9-4a77-b2d1-d25ddb99d334] verdict=BENIGN MAE=0.440027 threshold=0.500000 latency=128.517ms
2026-09-30 15:39:49 | INFO     | HIDS_API | POST /detection/predict status=200 131.07ms
2026-09-30 15:39:49 | INFO     | uvicorn.access | 127.0.0.1:39154 - "POST /detection/predict HTTP/1.1" 200
2026-09-30 15:39:49 | INFO     | HIDS_Detection | [146ba9b6-2621-40fc-a491-7fd96b581812] verdict=MALICIOUS MAE=0.504162 threshold=0.500000 latency=160.597ms
2026-09-30 15:39:49 | INFO     | HIDS_API | POST /detection/predict status=200 164.91ms
2026-09-30 15:39:49 | INFO     | uvicorn.access | 127.0.0.1:39160 - "POST /detection/predict HTTP/1.1" 200
2026-09-30 15:39:50 | INFO     | HIDS_Detection | [d3f6f43f-0773-4d9e-b7dc-ce7b5e3f270c] verdict=BENIGN MAE=0.459751 threshold=0.500000 latency=144.847ms
2026-09-30 15:39:50 | INFO     | HIDS_API | POST /detection/predict status=200 148.51ms
2026-09-30 15:39:50 | INFO     | uvicorn.access | 127.0.0.1:39176 - "POST /detection/predict HTTP/1.1" 200
2026-09-30 15:39:51 | INFO     | HIDS_Detection | [3e4a27ce-c0b3-452f-8319-a3f17d361ef1] verdict=BENIGN MAE=0.493754 threshold=0.500000 latency=162.314ms
2026-09-30 15:39:51 | INFO     | HIDS_API | POST /detection/predict status=200 165.11ms
2026-09-30 15:39:51 | INFO     | uvicorn.access | 127.0.0.1:39180 - "POST /detection/predict HTTP/1.1" 200
2026-09-30 15:39:51 | INFO     | HIDS_Detection | [f3e02cbb-d0e3-4a5e-af99-ca09c7cc6c59] verdict=BENIGN MAE=0.459977 threshold=0.500000 latency=132.609ms
2026-09-30 15:39:51 | INFO     | HIDS_API | POST /detection/predict status=200 135.29ms
2026-09-30 15:39:51 | INFO     | uvicorn.access | 127.0.0.1:39196 - "POST /detection/predict HTTP/1.1" 200
2026-09-30 15:39:51 | INFO     | HIDS_Detection | [5a4933b8-61d7-439c-9b9f-4e7ddf1eb567] verdict=BENIGN MAE=0.476695 threshold=0.500000 latency=141.182ms
2026-09-30 15:39:51 | INFO     | HIDS_API | POST /detection/predict status=200 143.65ms
2026-09-30 15:39:51 | INFO     | uvicorn.access | 127.0.0.1:39200 - "POST /detection/predict HTTP/1.1" 200
2026-09-30 15:39:51 | INFO     | HIDS_Detection | [780bb4c1-d6cc-406e-8cfd-68f72ded16c2] verdict=BENIGN MAE=0.439478 threshold=0.500000 latency=164.966ms
2026-09-30 15:39:51 | INFO     | HIDS_API | POST /detection/predict status=200 167.70ms
2026-09-30 15:39:51 | INFO     | uvicorn.access | 127.0.0.1:39214 - "POST /detection/predict HTTP/1.1" 200
2026-09-30 15:39:51 | INFO     | HIDS_Detection | [511d9795-0a2b-42ca-b42e-c629cd5bab0e] verdict=BENIGN MAE=0.432435 threshold=0.500000 latency=136.145ms
2026-09-30 15:39:51 | INFO     | HIDS_API | POST /detection/predict status=200 143.34ms
2026-09-30 15:39:51 | INFO     | uvicorn.access | 127.0.0.1:47686 - "POST /detection/predict HTTP/1.1" 200
2026-09-30 15:39:52 | INFO     | HIDS_Detection | [22383e36-e824-4ff8-b7e0-5ccf58a975a5] verdict=BENIGN MAE=0.460198 threshold=0.500000 latency=139.906ms
2026-09-30 15:39:52 | INFO     | HIDS_API | POST /detection/predict status=200 143.11ms
2026-09-30 15:39:52 | INFO     | uvicorn.access | 127.0.0.1:47700 - "POST /detection/predict HTTP/1.1" 200
2026-09-30 15:39:52 | INFO     | HIDS_Detection | [cb9feb53-d0e6-46e4-90e8-0875feb8c512] verdict=BENIGN MAE=0.440378 threshold=0.500000 latency=150.649ms
2026-09-30 15:39:52 | INFO     | HIDS_API | POST /detection/predict status=200 153.99ms
2026-09-30 15:39:52 | INFO     | uvicorn.access | 127.0.0.1:47708 - "POST /detection/predict HTTP/1.1" 200
2026-09-30 15:39:52 | INFO     | HIDS_Detection | [8cca2192-0b35-4dcd-b8e7-497f67d251e4] verdict=BENIGN MAE=0.438916 threshold=0.500000 latency=148.249ms
2026-09-30 15:39:52 | INFO     | HIDS_API | POST /detection/predict status=200 150.98ms
2026-09-30 15:39:52 | INFO     | uvicorn.access | 127.0.0.1:47718 - "POST /detection/predict HTTP/1.1" 200
2026-09-30 15:39:52 | INFO     | HIDS_Detection | [8e1335d1-1994-4a2a-b4e6-e28048ed3f14] verdict=BENIGN MAE=0.440170 threshold=0.500000 latency=142.889ms
2026-09-30 15:39:52 | INFO     | HIDS_API | POST /detection/predict status=200 146.57ms
2026-09-30 15:39:52 | INFO     | uvicorn.access | 127.0.0.1:47726 - "POST /detection/predict HTTP/1.1" 200
2026-09-30 15:39:52 | INFO     | HIDS_Detection | [070149db-7347-4477-a197-24cf4be6ef2c] verdict=MALICIOUS MAE=0.511124 threshold=0.500000 latency=157.893ms
2026-09-30 15:39:52 | INFO     | HIDS_API | POST /detection/predict status=200 162.07ms
2026-09-30 15:39:52 | INFO     | uvicorn.access | 127.0.0.1:47740 - "POST /detection/predict HTTP/1.1" 200
2026-09-30 15:39:52 | INFO     | HIDS_Detection | [87400f1b-5f21-4dd1-b370-d37d194c68ad] verdict=MALICIOUS MAE=0.520545 threshold=0.500000 latency=158.28ms
2026-09-30 15:39:52 | INFO     | HIDS_API | POST /detection/predict status=200 161.34ms
2026-09-30 15:39:52 | INFO     | uvicorn.access | 127.0.0.1:47752 - "POST /detection/predict HTTP/1.1" 200
2026-09-30 15:39:53 | INFO     | HIDS_Detection | [812002ce-575c-4ed8-be76-e26a68c3307c] verdict=BENIGN MAE=0.441771 threshold=0.500000 latency=171.579ms
2026-09-30 15:39:53 | INFO     | HIDS_API | POST /detection/predict status=200 176.83ms
2026-09-30 15:39:53 | INFO     | uvicorn.access | 127.0.0.1:47766 - "POST /detection/predict HTTP/1.1" 200
2026-09-30 15:39:53 | INFO     | HIDS_Detection | [fbb8e731-40a2-4a75-8fe3-92ad0b6a2c26] verdict=MALICIOUS MAE=0.522193 threshold=0.500000 latency=161.429ms
2026-09-30 15:39:53 | INFO     | HIDS_API | POST /detection/predict status=200 164.09ms
2026-09-30 15:39:53 | INFO     | uvicorn.access | 127.0.0.1:47770 - "POST /detection/predict HTTP/1.1" 200
2026-09-30 15:39:53 | INFO     | HIDS_Detection | [51c89587-bcb7-4635-9b82-f077ea807834] verdict=MALICIOUS MAE=0.501784 threshold=0.500000 latency=143.022ms
2026-09-30 15:39:53 | INFO     | HIDS_API | POST /detection/predict status=200 146.49ms
2026-09-30 15:39:53 | INFO     | uvicorn.access | 127.0.0.1:47786 - "POST /detection/predict HTTP/1.1" 200
2026-09-30 15:39:53 | INFO     | HIDS_Detection | [9c6fe693-f428-41a6-a8c7-4890bfe1d05d] verdict=BENIGN MAE=0.467884 threshold=0.500000 latency=159.71ms
2026-09-30 15:39:53 | INFO     | HIDS_API | POST /detection/predict status=200 162.63ms
2026-09-30 15:39:53 | INFO     | uvicorn.access | 127.0.0.1:47798 - "POST /detection/predict HTTP/1.1" 200
2026-09-30 15:39:53 | INFO     | HIDS_Detection | [c09e6e5b-d90f-468b-a797-867f731f4d94] verdict=BENIGN MAE=0.420207 threshold=0.500000 latency=158.58ms
2026-09-30 15:39:53 | INFO     | HIDS_API | POST /detection/predict status=200 161.11ms
2026-09-30 15:39:53 | INFO     | uvicorn.access | 127.0.0.1:47802 - "POST /detection/predict HTTP/1.1" 200
2026-09-30 15:39:54 | INFO     | HIDS_Detection | [ec26f232-e786-40c1-8024-e6f7da258f1a] verdict=BENIGN MAE=0.436774 threshold=0.500000 latency=133.823ms
2026-09-30 15:39:54 | INFO     | HIDS_API | POST /detection/predict status=200 138.12ms
2026-09-30 15:39:54 | INFO     | uvicorn.access | 127.0.0.1:47810 - "POST /detection/predict HTTP/1.1" 200
2026-09-30 15:39:56 | INFO     | HIDS_Detection | [3963ad76-86df-4274-a528-338456f9bf4a] verdict=MALICIOUS MAE=0.503959 threshold=0.500000 latency=168.512ms
2026-09-30 15:39:56 | INFO     | HIDS_API | POST /detection/predict status=200 173.61ms
2026-09-30 15:39:56 | INFO     | uvicorn.access | 127.0.0.1:47814 - "POST /detection/predict HTTP/1.1" 200
2026-09-30 15:39:56 | INFO     | HIDS_Detection | [8c6ba207-36a8-42bd-9f3c-b589743de60e] verdict=BENIGN MAE=0.460116 threshold=0.500000 latency=146.686ms
2026-09-30 15:39:56 | INFO     | HIDS_API | POST /detection/predict status=200 151.73ms
2026-09-30 15:39:56 | INFO     | uvicorn.access | 127.0.0.1:47828 - "POST /detection/predict HTTP/1.1" 200
2026-09-30 15:39:57 | INFO     | HIDS_Detection | [a6876e89-a52b-4c38-b2b1-d61a7b41df41] verdict=BENIGN MAE=0.424496 threshold=0.500000 latency=142.439ms
2026-09-30 15:39:57 | INFO     | HIDS_API | POST /detection/predict status=200 146.12ms
2026-09-30 15:39:57 | INFO     | uvicorn.access | 127.0.0.1:47838 - "POST /detection/predict HTTP/1.1" 200
2026-09-30 15:39:57 | INFO     | HIDS_Detection | [e37bfe3d-f26a-47bc-9a57-315182cc1c2a] verdict=BENIGN MAE=0.446698 threshold=0.500000 latency=144.222ms
2026-09-30 15:39:57 | INFO     | HIDS_API | POST /detection/predict status=200 148.59ms
2026-09-30 15:39:57 | INFO     | uvicorn.access | 127.0.0.1:47854 - "POST /detection/predict HTTP/1.1" 200
2026-09-30 15:39:57 | INFO     | HIDS_Detection | [00726045-7fdb-4ab6-bc3c-b383aa3c9dc7] verdict=BENIGN MAE=0.440866 threshold=0.500000 latency=162.469ms
2026-09-30 15:39:57 | INFO     | HIDS_API | POST /detection/predict status=200 166.63ms
2026-09-30 15:39:57 | INFO     | uvicorn.access | 127.0.0.1:47866 - "POST /detection/predict HTTP/1.1" 200
2026-09-30 15:39:57 | INFO     | HIDS_Detection | [616f48e3-5411-4036-a185-4efa7e34f3aa] verdict=BENIGN MAE=0.446706 threshold=0.500000 latency=155.444ms
2026-09-30 15:39:57 | INFO     | HIDS_API | POST /detection/predict status=200 158.91ms
2026-09-30 15:39:57 | INFO     | uvicorn.access | 127.0.0.1:47874 - "POST /detection/predict HTTP/1.1" 200
2026-09-30 15:39:57 | INFO     | HIDS_Detection | [eb6d68ea-960f-40f0-938f-7670f08bcf26] verdict=BENIGN MAE=0.432551 threshold=0.500000 latency=174.39ms
2026-09-30 15:39:57 | INFO     | HIDS_API | POST /detection/predict status=200 177.49ms
2026-09-30 15:39:57 | INFO     | uvicorn.access | 127.0.0.1:47880 - "POST /detection/predict HTTP/1.1" 200
2026-09-30 15:39:57 | INFO     | HIDS_Detection | [5c38a0fd-73cf-4dc3-98bd-6b6190fc312a] verdict=BENIGN MAE=0.460110 threshold=0.500000 latency=144.919ms
2026-09-30 15:39:57 | INFO     | HIDS_API | POST /detection/predict status=200 147.83ms
2026-09-30 15:39:57 | INFO     | uvicorn.access | 127.0.0.1:47892 - "POST /detection/predict HTTP/1.1" 200
2026-09-30 15:39:58 | INFO     | HIDS_Detection | [9dab8753-9218-4178-a1a0-2287b591fef2] verdict=BENIGN MAE=0.441756 threshold=0.500000 latency=157.74ms
2026-09-30 15:39:58 | INFO     | HIDS_API | POST /detection/predict status=200 160.34ms
2026-09-30 15:39:58 | INFO     | uvicorn.access | 127.0.0.1:47896 - "POST /detection/predict HTTP/1.1" 200
2026-09-30 15:39:58 | INFO     | HIDS_Detection | [d008790d-071f-4d11-a059-2f136d6fcb1e] verdict=BENIGN MAE=0.440112 threshold=0.500000 latency=162.551ms
2026-09-30 15:39:58 | INFO     | HIDS_API | POST /detection/predict status=200 165.68ms
2026-09-30 15:39:58 | INFO     | uvicorn.access | 127.0.0.1:47910 - "POST /detection/predict HTTP/1.1" 200
2026-09-30 15:39:58 | INFO     | HIDS_Detection | [25204e96-26e1-4499-9b07-44e927fcc685] verdict=MALICIOUS MAE=0.506426 threshold=0.500000 latency=140.713ms
2026-09-30 15:39:58 | INFO     | HIDS_API | POST /detection/predict status=200 144.12ms
2026-09-30 15:39:58 | INFO     | uvicorn.access | 127.0.0.1:47912 - "POST /detection/predict HTTP/1.1" 200
2026-09-30 15:39:58 | INFO     | HIDS_Detection | [c49c0e07-dc30-4f27-89f9-2c3ebc05f3ce] verdict=BENIGN MAE=0.436988 threshold=0.500000 latency=151.547ms
2026-09-30 15:39:58 | INFO     | HIDS_API | POST /detection/predict status=200 154.36ms
2026-09-30 15:39:58 | INFO     | uvicorn.access | 127.0.0.1:47918 - "POST /detection/predict HTTP/1.1" 200
2026-09-30 15:39:58 | INFO     | HIDS_Detection | [0179a7f4-ef62-4a64-9092-a4497989877e] verdict=BENIGN MAE=0.471940 threshold=0.500000 latency=167.342ms
2026-09-30 15:39:58 | INFO     | HIDS_API | POST /detection/predict status=200 171.70ms
2026-09-30 15:39:58 | INFO     | uvicorn.access | 127.0.0.1:47922 - "POST /detection/predict HTTP/1.1" 200
2026-09-30 15:39:59 | INFO     | HIDS_Detection | [ac2b8461-56ff-48fe-9a16-dc5cd5975699] verdict=BENIGN MAE=0.435712 threshold=0.500000 latency=147.847ms
2026-09-30 15:39:59 | INFO     | HIDS_API | POST /detection/predict status=200 163.43ms
2026-09-30 15:39:59 | INFO     | uvicorn.access | 127.0.0.1:47926 - "POST /detection/predict HTTP/1.1" 200
2026-09-30 15:39:59 | INFO     | HIDS_Detection | [62e1ff7d-4a64-4e30-a83a-f0f327d917ea] verdict=BENIGN MAE=0.439233 threshold=0.500000 latency=147.879ms
2026-09-30 15:39:59 | INFO     | HIDS_API | POST /detection/predict status=200 152.96ms
2026-09-30 15:39:59 | INFO     | uvicorn.access | 127.0.0.1:47932 - "POST /detection/predict HTTP/1.1" 200
2026-09-30 15:40:04 | INFO     | HIDS_Detection | [0002aa3b-cf1d-4043-b148-8f57185d95e4] verdict=MALICIOUS MAE=0.508803 threshold=0.500000 latency=170.714ms
2026-09-30 15:40:04 | INFO     | HIDS_API | POST /detection/predict status=200 173.71ms
2026-09-30 15:40:04 | INFO     | uvicorn.access | 127.0.0.1:37062 - "POST /detection/predict HTTP/1.1" 200
2026-09-30 15:40:06 | INFO     | HIDS_Detection | [6eba6459-f727-4004-8cf9-36eca4ed8685] verdict=BENIGN MAE=0.494639 threshold=0.500000 latency=149.875ms
2026-09-30 15:40:06 | INFO     | HIDS_API | POST /detection/predict status=200 152.34ms
2026-09-30 15:40:06 | INFO     | uvicorn.access | 127.0.0.1:37074 - "POST /detection/predict HTTP/1.1" 200
2026-09-30 15:40:06 | INFO     | uvicorn.access | 127.0.0.1:37094 - "GET /ready HTTP/1.1" 200
2026-09-30 15:40:07 | INFO     | HIDS_Detection | [3b76a84c-69ba-4134-a5a3-14ff357f42e9] verdict=BENIGN MAE=0.494671 threshold=0.500000 latency=141.013ms
2026-09-30 15:40:07 | INFO     | HIDS_API | POST /detection/predict status=200 156.02ms
2026-09-30 15:40:07 | INFO     | uvicorn.access | 127.0.0.1:37080 - "POST /detection/predict HTTP/1.1" 200
2026-09-30 15:40:07 | INFO     | HIDS_Detection | [ee6b0346-8ac3-4711-9da3-e3d64659e87a] verdict=BENIGN MAE=0.428637 threshold=0.500000 latency=170.033ms
2026-09-30 15:40:07 | INFO     | HIDS_API | POST /detection/predict status=200 177.22ms
2026-09-30 15:40:07 | INFO     | uvicorn.access | 127.0.0.1:37100 - "POST /detection/predict HTTP/1.1" 200
2026-09-30 15:40:07 | INFO     | HIDS_Detection | [8181932f-2491-4230-bcac-cc258175395d] verdict=BENIGN MAE=0.421070 threshold=0.500000 latency=133.53ms
2026-09-30 15:40:07 | INFO     | HIDS_API | POST /detection/predict status=200 136.26ms
2026-09-30 15:40:07 | INFO     | uvicorn.access | 127.0.0.1:37116 - "POST /detection/predict HTTP/1.1" 200
2026-09-30 15:40:07 | INFO     | HIDS_Detection | [0db52b00-8bf9-49b5-a0d2-3ebb469a2285] verdict=BENIGN MAE=0.433964 threshold=0.500000 latency=122.526ms
2026-09-30 15:40:07 | INFO     | HIDS_API | POST /detection/predict status=200 125.67ms
2026-09-30 15:40:07 | INFO     | uvicorn.access | 127.0.0.1:37128 - "POST /detection/predict HTTP/1.1" 200
2026-09-30 15:40:07 | INFO     | HIDS_Detection | [7ec79f19-40cd-4ce1-8881-33cad605fa64] verdict=BENIGN MAE=0.446718 threshold=0.500000 latency=121.098ms
2026-09-30 15:40:07 | INFO     | HIDS_API | POST /detection/predict status=200 123.96ms
2026-09-30 15:40:07 | INFO     | uvicorn.access | 127.0.0.1:37140 - "POST /detection/predict HTTP/1.1" 200
2026-09-30 15:40:07 | INFO     | HIDS_Detection | [6e39e043-333f-4834-b9d2-8142b0687b08] verdict=BENIGN MAE=0.445430 threshold=0.500000 latency=143.655ms
2026-09-30 15:40:07 | INFO     | HIDS_API | POST /detection/predict status=200 147.56ms
2026-09-30 15:40:07 | INFO     | uvicorn.access | 127.0.0.1:37152 - "POST /detection/predict HTTP/1.1" 200
2026-09-30 15:40:08 | INFO     | HIDS_Detection | [72313a43-b3fd-4c89-aede-7951101f59c7] verdict=BENIGN MAE=0.467870 threshold=0.500000 latency=158.174ms
2026-09-30 15:40:08 | INFO     | HIDS_API | POST /detection/predict status=200 162.32ms
2026-09-30 15:40:08 | INFO     | uvicorn.access | 127.0.0.1:37156 - "POST /detection/predict HTTP/1.1" 200
2026-09-30 15:40:08 | INFO     | HIDS_Detection | [b3455ff4-16ea-4869-8941-ebbc61efc02a] verdict=BENIGN MAE=0.437215 threshold=0.500000 latency=153.839ms
2026-09-30 15:40:08 | INFO     | HIDS_API | POST /detection/predict status=200 159.61ms
2026-09-30 15:40:08 | INFO     | uvicorn.access | 127.0.0.1:37158 - "POST /detection/predict HTTP/1.1" 200
2026-09-30 15:40:08 | INFO     | HIDS_Detection | [aadeee9a-8022-4c8e-975d-62a9c36f48f6] verdict=BENIGN MAE=0.460022 threshold=0.500000 latency=144.783ms
2026-09-30 15:40:08 | INFO     | HIDS_API | POST /detection/predict status=200 148.69ms
2026-09-30 15:40:08 | INFO     | uvicorn.access | 127.0.0.1:37170 - "POST /detection/predict HTTP/1.1" 200
2026-09-30 15:40:08 | INFO     | HIDS_Detection | [4fa3477f-ae2f-4cd7-9aa1-dc0009079c40] verdict=BENIGN MAE=0.438484 threshold=0.500000 latency=146.896ms
2026-09-30 15:40:08 | INFO     | HIDS_API | POST /detection/predict status=200 152.10ms
2026-09-30 15:40:08 | INFO     | uvicorn.access | 127.0.0.1:37182 - "POST /detection/predict HTTP/1.1" 200
2026-09-30 15:40:08 | INFO     | HIDS_Detection | [56701050-43e0-471e-a6fa-993c0b1d397c] verdict=BENIGN MAE=0.460002 threshold=0.500000 latency=153.18ms
2026-09-30 15:40:08 | INFO     | HIDS_API | POST /detection/predict status=200 157.33ms
2026-09-30 15:40:08 | INFO     | uvicorn.access | 127.0.0.1:37188 - "POST /detection/predict HTTP/1.1" 200
2026-09-30 15:40:08 | INFO     | HIDS_Detection | [91ccb898-27c3-4fc8-9d4c-6ed035bfcf52] verdict=BENIGN MAE=0.438263 threshold=0.500000 latency=158.362ms
2026-09-30 15:40:08 | INFO     | HIDS_API | POST /detection/predict status=200 161.19ms
2026-09-30 15:40:08 | INFO     | uvicorn.access | 127.0.0.1:37196 - "POST /detection/predict HTTP/1.1" 200
2026-09-30 15:40:09 | INFO     | HIDS_Detection | [ad1b90bb-367f-4220-999e-5475f64f6197] verdict=BENIGN MAE=0.480663 threshold=0.500000 latency=159.426ms
2026-09-30 15:40:09 | INFO     | HIDS_API | POST /detection/predict status=200 162.01ms
2026-09-30 15:40:09 | INFO     | uvicorn.access | 127.0.0.1:37208 - "POST /detection/predict HTTP/1.1" 200
2026-09-30 15:40:09 | INFO     | HIDS_Detection | [456e68a7-2595-487a-9975-04c6ba85be0e] verdict=BENIGN MAE=0.460200 threshold=0.500000 latency=169.129ms
2026-09-30 15:40:09 | INFO     | HIDS_API | POST /detection/predict status=200 173.95ms
2026-09-30 15:40:09 | INFO     | uvicorn.access | 127.0.0.1:37210 - "POST /detection/predict HTTP/1.1" 200
2026-09-30 15:40:09 | INFO     | HIDS_Detection | [9766bee4-a323-4e05-9cae-59bb0d732586] verdict=BENIGN MAE=0.482534 threshold=0.500000 latency=174.06ms
2026-09-30 15:40:09 | INFO     | HIDS_API | POST /detection/predict status=200 176.79ms
2026-09-30 15:40:09 | INFO     | uvicorn.access | 127.0.0.1:37222 - "POST /detection/predict HTTP/1.1" 200
2026-09-30 15:40:09 | INFO     | HIDS_Detection | [732841ae-c3b3-4bb4-b3ff-0bce960d5494] verdict=BENIGN MAE=0.460196 threshold=0.500000 latency=172.887ms
2026-09-30 15:40:09 | INFO     | HIDS_API | POST /detection/predict status=200 175.48ms
2026-09-30 15:40:09 | INFO     | uvicorn.access | 127.0.0.1:37234 - "POST /detection/predict HTTP/1.1" 200
2026-09-30 15:40:10 | INFO     | HIDS_Detection | [b35686ff-f726-4965-9b4c-d44fcca56fec] verdict=BENIGN MAE=0.467871 threshold=0.500000 latency=197.99ms
2026-09-30 15:40:10 | INFO     | HIDS_API | POST /detection/predict status=200 203.65ms
2026-09-30 15:40:10 | INFO     | uvicorn.access | 127.0.0.1:37250 - "POST /detection/predict HTTP/1.1" 200
2026-09-30 15:40:10 | INFO     | HIDS_Detection | [31001af5-260b-458f-b126-592603a21c58] verdict=BENIGN MAE=0.493797 threshold=0.500000 latency=133.98ms
2026-09-30 15:40:10 | INFO     | HIDS_API | POST /detection/predict status=200 137.24ms
2026-09-30 15:40:10 | INFO     | uvicorn.access | 127.0.0.1:37264 - "POST /detection/predict HTTP/1.1" 200
2026-09-30 15:40:10 | INFO     | HIDS_Detection | [e8df3857-f3d6-4293-a4b1-09d5079e083f] verdict=BENIGN MAE=0.489444 threshold=0.500000 latency=160.395ms
2026-09-30 15:40:10 | INFO     | HIDS_API | POST /detection/predict status=200 164.75ms
2026-09-30 15:40:10 | INFO     | uvicorn.access | 127.0.0.1:37268 - "POST /detection/predict HTTP/1.1" 200
2026-09-30 15:40:10 | INFO     | HIDS_Detection | [59cd7e5a-6b43-4dac-ac3d-20aec8428aeb] verdict=BENIGN MAE=0.478729 threshold=0.500000 latency=159.153ms
2026-09-30 15:40:10 | INFO     | HIDS_API | POST /detection/predict status=200 162.27ms
2026-09-30 15:40:10 | INFO     | uvicorn.access | 127.0.0.1:37270 - "POST /detection/predict HTTP/1.1" 200
2026-09-30 15:40:10 | INFO     | HIDS_Detection | [b39a40c1-4e2a-401b-b55a-ace389533214] verdict=BENIGN MAE=0.467890 threshold=0.500000 latency=141.647ms
2026-09-30 15:40:10 | INFO     | HIDS_API | POST /detection/predict status=200 144.34ms
2026-09-30 15:40:10 | INFO     | uvicorn.access | 127.0.0.1:37278 - "POST /detection/predict HTTP/1.1" 200
2026-09-30 15:40:10 | INFO     | HIDS_Detection | [f5242dda-b696-4e57-b330-f20d5ed9c060] verdict=BENIGN MAE=0.460207 threshold=0.500000 latency=166.574ms
2026-09-30 15:40:10 | INFO     | HIDS_API | POST /detection/predict status=200 169.15ms
2026-09-30 15:40:10 | INFO     | uvicorn.access | 127.0.0.1:37286 - "POST /detection/predict HTTP/1.1" 200
2026-09-30 15:40:11 | INFO     | HIDS_Detection | [625c21cc-7cf8-4b52-9fd4-264f9b434cde] verdict=BENIGN MAE=0.460206 threshold=0.500000 latency=164.014ms
2026-09-30 15:40:11 | INFO     | HIDS_API | POST /detection/predict status=200 166.67ms
2026-09-30 15:40:11 | INFO     | uvicorn.access | 127.0.0.1:37296 - "POST /detection/predict HTTP/1.1" 200
2026-09-30 15:40:11 | INFO     | HIDS_Detection | [a4200254-6f13-4b45-96a3-e5f6eac8d7e9] verdict=BENIGN MAE=0.446616 threshold=0.500000 latency=166.314ms
2026-09-30 15:40:11 | INFO     | HIDS_API | POST /detection/predict status=200 168.93ms
2026-09-30 15:40:11 | INFO     | uvicorn.access | 127.0.0.1:37300 - "POST /detection/predict HTTP/1.1" 200
2026-09-30 15:40:11 | INFO     | HIDS_Detection | [691f2114-9729-4fb1-baa8-d561d3d70a7f] verdict=BENIGN MAE=0.492485 threshold=0.500000 latency=189.336ms
2026-09-30 15:40:11 | INFO     | HIDS_API | POST /detection/predict status=200 192.23ms
2026-09-30 15:40:11 | INFO     | uvicorn.access | 127.0.0.1:37314 - "POST /detection/predict HTTP/1.1" 200
2026-09-30 15:40:11 | INFO     | HIDS_Detection | [9bef6686-5540-4fec-a4ca-eade2f89d213] verdict=BENIGN MAE=0.446582 threshold=0.500000 latency=167.954ms
2026-09-30 15:40:11 | INFO     | HIDS_API | POST /detection/predict status=200 172.27ms
2026-09-30 15:40:11 | INFO     | uvicorn.access | 127.0.0.1:37328 - "POST /detection/predict HTTP/1.1" 200
2026-09-30 15:40:11 | INFO     | HIDS_Detection | [1fcf43c5-9382-4cec-9ece-ceed8f534e83] verdict=BENIGN MAE=0.436172 threshold=0.500000 latency=142.802ms
2026-09-30 15:40:11 | INFO     | HIDS_API | POST /detection/predict status=200 146.68ms
2026-09-30 15:40:11 | INFO     | uvicorn.access | 127.0.0.1:60040 - "POST /detection/predict HTTP/1.1" 200
2026-09-30 15:40:11 | INFO     | HIDS_Detection | [bc1a5ce3-a968-49f5-807a-8a0b20a9f9f6] verdict=BENIGN MAE=0.413084 threshold=0.500000 latency=160.956ms
2026-09-30 15:40:11 | INFO     | HIDS_API | POST /detection/predict status=200 164.46ms
2026-09-30 15:40:11 | INFO     | uvicorn.access | 127.0.0.1:60054 - "POST /detection/predict HTTP/1.1" 200
2026-09-30 15:40:15 | INFO     | HIDS_Detection | [eada5ac2-e14b-4298-bb78-a513b5cdf1a8] verdict=MALICIOUS MAE=0.502144 threshold=0.500000 latency=171.474ms
2026-09-30 15:40:15 | INFO     | HIDS_API | POST /detection/predict status=200 174.56ms
2026-09-30 15:40:15 | INFO     | uvicorn.access | 127.0.0.1:60066 - "POST /detection/predict HTTP/1.1" 200
2026-09-30 15:40:15 | INFO     | HIDS_Detection | [510d4846-3807-4c0e-b69a-262c99b4ddce] verdict=MALICIOUS MAE=0.501977 threshold=0.500000 latency=135.981ms
2026-09-30 15:40:15 | INFO     | HIDS_API | POST /detection/predict status=200 138.72ms
2026-09-30 15:40:15 | INFO     | uvicorn.access | 127.0.0.1:60082 - "POST /detection/predict HTTP/1.1" 200
2026-09-30 15:40:16 | INFO     | HIDS_Detection | [ebbdc34d-3c8b-4353-9317-c7bbf7f366f6] verdict=BENIGN MAE=0.491255 threshold=0.500000 latency=160.841ms
2026-09-30 15:40:16 | INFO     | HIDS_API | POST /detection/predict status=200 163.87ms
2026-09-30 15:40:16 | INFO     | uvicorn.access | 127.0.0.1:60090 - "POST /detection/predict HTTP/1.1" 200
2026-09-30 15:40:16 | INFO     | HIDS_Detection | [adb55fb3-304f-4b8b-9304-b68a2394df4b] verdict=BENIGN MAE=0.491001 threshold=0.500000 latency=138.28ms
2026-09-30 15:40:16 | INFO     | HIDS_API | POST /detection/predict status=200 141.28ms
2026-09-30 15:40:16 | INFO     | uvicorn.access | 127.0.0.1:60094 - "POST /detection/predict HTTP/1.1" 200
2026-09-30 15:40:16 | INFO     | HIDS_Detection | [8a7e6ef0-ea19-4fea-bcbb-69c3f3cce222] verdict=BENIGN MAE=0.498540 threshold=0.500000 latency=177.93ms
2026-09-30 15:40:16 | INFO     | HIDS_API | POST /detection/predict status=200 181.25ms
2026-09-30 15:40:16 | INFO     | uvicorn.access | 127.0.0.1:60102 - "POST /detection/predict HTTP/1.1" 200
2026-09-30 15:40:16 | INFO     | HIDS_Detection | [8ab0fed9-d9e3-4b7a-adc8-efbde5980e5a] verdict=BENIGN MAE=0.498426 threshold=0.500000 latency=156.698ms
2026-09-30 15:40:16 | INFO     | HIDS_API | POST /detection/predict status=200 159.11ms
2026-09-30 15:40:16 | INFO     | uvicorn.access | 127.0.0.1:60116 - "POST /detection/predict HTTP/1.1" 200
2026-09-30 15:40:17 | INFO     | HIDS_Detection | [072578e5-de81-486b-964d-216e5750864c] verdict=BENIGN MAE=0.483379 threshold=0.500000 latency=193.552ms
2026-09-30 15:40:17 | INFO     | HIDS_API | POST /detection/predict status=200 199.36ms
2026-09-30 15:40:17 | INFO     | uvicorn.access | 127.0.0.1:60124 - "POST /detection/predict HTTP/1.1" 200
2026-09-30 15:40:17 | INFO     | HIDS_Detection | [dbd02c6a-91ca-4b29-a71c-b1a9f6e9d994] verdict=BENIGN MAE=0.484748 threshold=0.500000 latency=150.917ms
2026-09-30 15:40:17 | INFO     | HIDS_API | POST /detection/predict status=200 154.21ms
2026-09-30 15:40:17 | INFO     | uvicorn.access | 127.0.0.1:60130 - "POST /detection/predict HTTP/1.1" 200
2026-09-30 15:40:18 | INFO     | HIDS_Detection | [dfab71d5-4c03-4a94-96eb-270c5de2f328] verdict=BENIGN MAE=0.489539 threshold=0.500000 latency=182.135ms
2026-09-30 15:40:18 | INFO     | HIDS_API | POST /detection/predict status=200 187.29ms
2026-09-30 15:40:18 | INFO     | uvicorn.access | 127.0.0.1:60136 - "POST /detection/predict HTTP/1.1" 200
2026-09-30 15:40:18 | INFO     | HIDS_Detection | [0579e45f-4204-4dc6-96d4-3d6946b64a80] verdict=BENIGN MAE=0.481976 threshold=0.500000 latency=132.389ms
2026-09-30 15:40:18 | INFO     | HIDS_API | POST /detection/predict status=200 135.43ms
2026-09-30 15:40:18 | INFO     | uvicorn.access | 127.0.0.1:60152 - "POST /detection/predict HTTP/1.1" 200
2026-09-30 15:40:18 | INFO     | HIDS_Detection | [24252149-1425-4e8b-aca4-cc54665149a4] verdict=BENIGN MAE=0.437283 threshold=0.500000 latency=136.107ms
2026-09-30 15:40:18 | INFO     | HIDS_API | POST /detection/predict status=200 138.61ms
2026-09-30 15:40:18 | INFO     | uvicorn.access | 127.0.0.1:60162 - "POST /detection/predict HTTP/1.1" 200
2026-09-30 15:40:18 | INFO     | HIDS_Detection | [9da991e3-fbf1-4027-99fe-c92f4e1bbd89] verdict=BENIGN MAE=0.452772 threshold=0.500000 latency=161.356ms
2026-09-30 15:40:18 | INFO     | HIDS_API | POST /detection/predict status=200 166.72ms
2026-09-30 15:40:18 | INFO     | uvicorn.access | 127.0.0.1:60170 - "POST /detection/predict HTTP/1.1" 200
2026-09-30 15:40:19 | INFO     | HIDS_Detection | [be87ec3b-553b-44ab-9186-aae16c752505] verdict=BENIGN MAE=0.492678 threshold=0.500000 latency=132.72ms
2026-09-30 15:40:19 | INFO     | HIDS_API | POST /detection/predict status=200 136.83ms
2026-09-30 15:40:19 | INFO     | uvicorn.access | 127.0.0.1:60186 - "POST /detection/predict HTTP/1.1" 200
2026-09-30 15:40:19 | INFO     | HIDS_Detection | [1f1c59d2-274d-4f3b-81f2-2d63905a38a8] verdict=BENIGN MAE=0.437655 threshold=0.500000 latency=158.844ms
2026-09-30 15:40:19 | INFO     | HIDS_API | POST /detection/predict status=200 172.77ms
2026-09-30 15:40:19 | INFO     | uvicorn.access | 127.0.0.1:60202 - "POST /detection/predict HTTP/1.1" 200
2026-09-30 15:40:19 | INFO     | HIDS_Detection | [5be4a99a-dbab-431e-a5cd-6e2f5b75c7b4] verdict=BENIGN MAE=0.474481 threshold=0.500000 latency=178.343ms
2026-09-30 15:40:19 | INFO     | HIDS_API | POST /detection/predict status=200 182.18ms
2026-09-30 15:40:19 | INFO     | uvicorn.access | 127.0.0.1:60216 - "POST /detection/predict HTTP/1.1" 200
2026-09-30 15:40:20 | INFO     | HIDS_Detection | [7a0c52bb-1451-4cf5-8899-c46db7aa3c8a] verdict=BENIGN MAE=0.434578 threshold=0.500000 latency=153.364ms
2026-09-30 15:40:20 | INFO     | HIDS_API | POST /detection/predict status=200 157.00ms
2026-09-30 15:40:20 | INFO     | uvicorn.access | 127.0.0.1:60224 - "POST /detection/predict HTTP/1.1" 200
2026-09-30 15:40:22 | INFO     | HIDS_Detection | [295afea3-b172-43e4-b085-bad13f3b6fb0] verdict=BENIGN MAE=0.490660 threshold=0.500000 latency=157.86ms
2026-09-30 15:40:22 | INFO     | HIDS_API | POST /detection/predict status=200 161.58ms
2026-09-30 15:40:22 | INFO     | uvicorn.access | 127.0.0.1:48390 - "POST /detection/predict HTTP/1.1" 200
2026-09-30 15:40:23 | INFO     | HIDS_Detection | [bcb64b65-7192-47f5-bba2-eceb48c00ff0] verdict=BENIGN MAE=0.488395 threshold=0.500000 latency=168.162ms
2026-09-30 15:40:23 | INFO     | HIDS_API | POST /detection/predict status=200 170.77ms
2026-09-30 15:40:23 | INFO     | uvicorn.access | 127.0.0.1:48402 - "POST /detection/predict HTTP/1.1" 200
2026-09-30 15:40:23 | INFO     | HIDS_Detection | [c59ac103-1393-4e3b-b0e5-77725dd37717] verdict=MALICIOUS MAE=0.506764 threshold=0.500000 latency=139.527ms
2026-09-30 15:40:23 | INFO     | HIDS_API | POST /detection/predict status=200 141.87ms
2026-09-30 15:40:23 | INFO     | uvicorn.access | 127.0.0.1:48410 - "POST /detection/predict HTTP/1.1" 200
2026-09-30 15:40:23 | INFO     | HIDS_Detection | [8273e052-7955-4252-805e-900997da5f09] verdict=BENIGN MAE=0.483531 threshold=0.500000 latency=131.97ms
2026-09-30 15:40:23 | INFO     | HIDS_API | POST /detection/predict status=200 135.44ms
2026-09-30 15:40:23 | INFO     | uvicorn.access | 127.0.0.1:48412 - "POST /detection/predict HTTP/1.1" 200
2026-09-30 15:40:28 | INFO     | HIDS_Detection | [c9929daa-868d-48ed-b894-6c51b35350bf] verdict=BENIGN MAE=0.492702 threshold=0.500000 latency=164.625ms
2026-09-30 15:40:28 | INFO     | HIDS_API | POST /detection/predict status=200 167.33ms
2026-09-30 15:40:28 | INFO     | uvicorn.access | 127.0.0.1:48424 - "POST /detection/predict HTTP/1.1" 200
2026-09-30 15:40:29 | INFO     | HIDS_Detection | [eaa58073-a4a0-4141-849b-5c7f47403794] verdict=BENIGN MAE=0.491636 threshold=0.500000 latency=165.871ms
2026-09-30 15:40:29 | INFO     | HIDS_API | POST /detection/predict status=200 177.61ms
2026-09-30 15:40:29 | INFO     | uvicorn.access | 127.0.0.1:48434 - "POST /detection/predict HTTP/1.1" 200
2026-09-30 15:40:29 | INFO     | HIDS_Detection | [84232dfe-e543-44e9-ab9b-e98185de5d40] verdict=BENIGN MAE=0.491633 threshold=0.500000 latency=167.575ms
2026-09-30 15:40:29 | INFO     | HIDS_API | POST /detection/predict status=200 171.18ms
2026-09-30 15:40:29 | INFO     | uvicorn.access | 127.0.0.1:48450 - "POST /detection/predict HTTP/1.1" 200
2026-09-30 15:40:29 | INFO     | HIDS_Detection | [7822d124-922f-4d34-871f-2b7e7b73bfe8] verdict=BENIGN MAE=0.492861 threshold=0.500000 latency=137.675ms
2026-09-30 15:40:29 | INFO     | HIDS_API | POST /detection/predict status=200 140.33ms
2026-09-30 15:40:29 | INFO     | uvicorn.access | 127.0.0.1:48464 - "POST /detection/predict HTTP/1.1" 200
2026-09-30 15:40:29 | INFO     | HIDS_Detection | [4f0d290c-4df9-48ac-ac71-6f57b8cf0f5f] verdict=BENIGN MAE=0.494878 threshold=0.500000 latency=154.289ms
2026-09-30 15:40:29 | INFO     | HIDS_API | POST /detection/predict status=200 156.71ms
2026-09-30 15:40:29 | INFO     | uvicorn.access | 127.0.0.1:48476 - "POST /detection/predict HTTP/1.1" 200
2026-09-30 15:40:29 | INFO     | HIDS_Detection | [86b645c5-f7c6-4df3-83b2-c6c6b77e9a55] verdict=BENIGN MAE=0.495871 threshold=0.500000 latency=168.054ms
2026-09-30 15:40:29 | INFO     | HIDS_API | POST /detection/predict status=200 173.36ms
2026-09-30 15:40:29 | INFO     | uvicorn.access | 127.0.0.1:48492 - "POST /detection/predict HTTP/1.1" 200
2026-09-30 15:40:30 | INFO     | HIDS_Detection | [540a80c5-e833-4964-bc24-4562f4efbf63] verdict=BENIGN MAE=0.495403 threshold=0.500000 latency=170.841ms
2026-09-30 15:40:30 | INFO     | HIDS_API | POST /detection/predict status=200 174.68ms
2026-09-30 15:40:30 | INFO     | uvicorn.access | 127.0.0.1:48496 - "POST /detection/predict HTTP/1.1" 200
2026-09-30 15:40:30 | INFO     | HIDS_Detection | [3724806c-f871-4047-9e3a-66abbef2ae27] verdict=BENIGN MAE=0.467884 threshold=0.500000 latency=176.394ms
2026-09-30 15:40:30 | INFO     | HIDS_API | POST /detection/predict status=200 180.04ms
2026-09-30 15:40:30 | INFO     | uvicorn.access | 127.0.0.1:48510 - "POST /detection/predict HTTP/1.1" 200
2026-09-30 15:40:30 | INFO     | HIDS_Detection | [db3f1ee3-e366-40e8-9a61-bce9dca712b0] verdict=BENIGN MAE=0.456588 threshold=0.500000 latency=149.647ms
2026-09-30 15:40:30 | INFO     | HIDS_API | POST /detection/predict status=200 156.27ms
2026-09-30 15:40:30 | INFO     | uvicorn.access | 127.0.0.1:48516 - "POST /detection/predict HTTP/1.1" 200
2026-09-30 15:40:30 | INFO     | HIDS_Detection | [86bd56f3-cbe1-4631-94ad-ca7d9824160f] verdict=BENIGN MAE=0.460209 threshold=0.500000 latency=133.701ms
2026-09-30 15:40:30 | INFO     | HIDS_API | POST /detection/predict status=200 136.52ms
2026-09-30 15:40:30 | INFO     | uvicorn.access | 127.0.0.1:48520 - "POST /detection/predict HTTP/1.1" 200
2026-09-30 15:40:30 | INFO     | HIDS_Detection | [eecc1b16-bad2-465f-bc20-27b1d932ca6f] verdict=BENIGN MAE=0.428812 threshold=0.500000 latency=164.694ms
2026-09-30 15:40:30 | INFO     | HIDS_API | POST /detection/predict status=200 170.67ms
2026-09-30 15:40:30 | INFO     | uvicorn.access | 127.0.0.1:48534 - "POST /detection/predict HTTP/1.1" 200
2026-09-30 15:40:31 | INFO     | HIDS_Detection | [8e4c3309-6039-43fc-8945-91fbb61603b0] verdict=BENIGN MAE=0.430400 threshold=0.500000 latency=145.609ms
2026-09-30 15:40:31 | INFO     | HIDS_API | POST /detection/predict status=200 164.87ms
2026-09-30 15:40:31 | INFO     | uvicorn.access | 127.0.0.1:48538 - "POST /detection/predict HTTP/1.1" 200
2026-09-30 15:40:31 | INFO     | HIDS_Detection | [db6823c0-8ede-41a4-b046-6c18ba813362] verdict=BENIGN MAE=0.467609 threshold=0.500000 latency=153.569ms
2026-09-30 15:40:31 | INFO     | HIDS_API | POST /detection/predict status=200 156.17ms
2026-09-30 15:40:31 | INFO     | uvicorn.access | 127.0.0.1:48554 - "POST /detection/predict HTTP/1.1" 200
2026-09-30 15:40:31 | INFO     | HIDS_Detection | [5512d5a5-626c-49e1-bdb0-3f998ffb56a7] verdict=BENIGN MAE=0.437923 threshold=0.500000 latency=181.683ms
2026-09-30 15:40:31 | INFO     | HIDS_API | POST /detection/predict status=200 184.57ms
2026-09-30 15:40:31 | INFO     | uvicorn.access | 127.0.0.1:48562 - "POST /detection/predict HTTP/1.1" 200
2026-09-30 15:40:31 | INFO     | HIDS_Detection | [d880555b-7c0d-4856-8dd0-6efcc23b4c51] verdict=BENIGN MAE=0.496568 threshold=0.500000 latency=153.245ms
2026-09-30 15:40:31 | INFO     | HIDS_API | POST /detection/predict status=200 157.73ms
2026-09-30 15:40:31 | INFO     | uvicorn.access | 127.0.0.1:48566 - "POST /detection/predict HTTP/1.1" 200
2026-09-30 15:40:31 | INFO     | HIDS_Detection | [7be1f72c-2ee0-45de-8967-3e5aa5a6cf3a] verdict=BENIGN MAE=0.492351 threshold=0.500000 latency=178.938ms
2026-09-30 15:40:31 | INFO     | HIDS_API | POST /detection/predict status=200 184.76ms
2026-09-30 15:40:31 | INFO     | uvicorn.access | 127.0.0.1:37036 - "POST /detection/predict HTTP/1.1" 200
2026-09-30 15:40:31 | INFO     | HIDS_Detection | [69f41114-130e-4ddc-8b40-8bf8c4dd9504] verdict=BENIGN MAE=0.432306 threshold=0.500000 latency=147.891ms
2026-09-30 15:40:31 | INFO     | HIDS_API | POST /detection/predict status=200 161.78ms
2026-09-30 15:40:31 | INFO     | uvicorn.access | 127.0.0.1:37050 - "POST /detection/predict HTTP/1.1" 200
2026-09-30 15:40:32 | INFO     | HIDS_Detection | [ffab6d2b-9616-4849-833a-cdd91c174985] verdict=BENIGN MAE=0.490474 threshold=0.500000 latency=179.891ms
2026-09-30 15:40:32 | INFO     | HIDS_API | POST /detection/predict status=200 182.78ms
2026-09-30 15:40:32 | INFO     | uvicorn.access | 127.0.0.1:37062 - "POST /detection/predict HTTP/1.1" 200
2026-09-30 15:40:32 | INFO     | HIDS_Detection | [5ebc8b49-d003-452b-b579-34d039a2ef3f] verdict=BENIGN MAE=0.493274 threshold=0.500000 latency=145.919ms
2026-09-30 15:40:32 | INFO     | HIDS_API | POST /detection/predict status=200 148.67ms
2026-09-30 15:40:32 | INFO     | uvicorn.access | 127.0.0.1:37070 - "POST /detection/predict HTTP/1.1" 200
2026-09-30 15:40:32 | INFO     | HIDS_Detection | [8500663e-12e1-444c-b3ad-8baf61213d40] verdict=BENIGN MAE=0.492597 threshold=0.500000 latency=139.438ms
2026-09-30 15:40:32 | INFO     | HIDS_API | POST /detection/predict status=200 142.59ms
2026-09-30 15:40:32 | INFO     | uvicorn.access | 127.0.0.1:37076 - "POST /detection/predict HTTP/1.1" 200
2026-09-30 15:40:33 | INFO     | HIDS_Detection | [1a0d7251-ccb7-4c0a-9caf-6726403191b8] verdict=BENIGN MAE=0.446726 threshold=0.500000 latency=141.916ms
2026-09-30 15:40:33 | INFO     | HIDS_API | POST /detection/predict status=200 146.89ms
2026-09-30 15:40:33 | INFO     | uvicorn.access | 127.0.0.1:37080 - "POST /detection/predict HTTP/1.1" 200
2026-09-30 15:40:33 | INFO     | HIDS_Detection | [f4b105d3-0320-4d8b-b1ec-0d86ffe349e7] verdict=BENIGN MAE=0.460116 threshold=0.500000 latency=154.801ms
2026-09-30 15:40:33 | INFO     | HIDS_API | POST /detection/predict status=200 157.81ms
2026-09-30 15:40:33 | INFO     | uvicorn.access | 127.0.0.1:37096 - "POST /detection/predict HTTP/1.1" 200
2026-09-30 15:40:33 | INFO     | HIDS_Detection | [a23d2c93-dbbd-4eca-a957-467e07496976] verdict=BENIGN MAE=0.448031 threshold=0.500000 latency=154.279ms
2026-09-30 15:40:33 | INFO     | HIDS_API | POST /detection/predict status=200 158.20ms
2026-09-30 15:40:33 | INFO     | uvicorn.access | 127.0.0.1:37106 - "POST /detection/predict HTTP/1.1" 200
2026-09-30 15:40:33 | INFO     | HIDS_Detection | [6d017eab-20dc-4d6d-821d-9d9cc232c42b] verdict=BENIGN MAE=0.489318 threshold=0.500000 latency=169.758ms
2026-09-30 15:40:33 | INFO     | HIDS_API | POST /detection/predict status=200 172.67ms
2026-09-30 15:40:33 | INFO     | uvicorn.access | 127.0.0.1:37110 - "POST /detection/predict HTTP/1.1" 200
2026-09-30 15:40:33 | INFO     | HIDS_Detection | [cfa5c8bc-3435-4877-bb73-4ff6aa6210eb] verdict=BENIGN MAE=0.446726 threshold=0.500000 latency=172.148ms
2026-09-30 15:40:33 | INFO     | HIDS_API | POST /detection/predict status=200 175.87ms
2026-09-30 15:40:33 | INFO     | uvicorn.access | 127.0.0.1:37116 - "POST /detection/predict HTTP/1.1" 200
2026-09-30 15:40:34 | INFO     | HIDS_Detection | [2be3d09f-43b9-4cb3-9423-692d18cfa45a] verdict=BENIGN MAE=0.467876 threshold=0.500000 latency=204.022ms
2026-09-30 15:40:34 | INFO     | HIDS_API | POST /detection/predict status=200 209.73ms
2026-09-30 15:40:34 | INFO     | uvicorn.access | 127.0.0.1:37132 - "POST /detection/predict HTTP/1.1" 200
2026-09-30 15:40:34 | INFO     | HIDS_Detection | [bf552f1f-7870-4d8e-b4c5-c85e7fdcf9f1] verdict=BENIGN MAE=0.484132 threshold=0.500000 latency=140.179ms
2026-09-30 15:40:34 | INFO     | HIDS_API | POST /detection/predict status=200 143.11ms
2026-09-30 15:40:34 | INFO     | uvicorn.access | 127.0.0.1:37140 - "POST /detection/predict HTTP/1.1" 200
2026-09-30 15:40:34 | INFO     | HIDS_Detection | [2ac874f2-44d6-46a8-aa5c-e8492fbf7f7c] verdict=BENIGN MAE=0.473186 threshold=0.500000 latency=159.634ms
2026-09-30 15:40:34 | INFO     | HIDS_API | POST /detection/predict status=200 167.01ms
2026-09-30 15:40:34 | INFO     | uvicorn.access | 127.0.0.1:37152 - "POST /detection/predict HTTP/1.1" 200
2026-09-30 15:40:34 | INFO     | HIDS_Detection | [12a27088-ec4e-4e96-a817-3793f5ea4c7b] verdict=BENIGN MAE=0.485611 threshold=0.500000 latency=126.856ms
2026-09-30 15:40:34 | INFO     | HIDS_API | POST /detection/predict status=200 130.27ms
2026-09-30 15:40:34 | INFO     | uvicorn.access | 127.0.0.1:37160 - "POST /detection/predict HTTP/1.1" 200
2026-09-30 15:40:35 | INFO     | HIDS_Detection | [b3dd50b8-5880-41ea-a6d0-27ddfcfa39ed] verdict=BENIGN MAE=0.440602 threshold=0.500000 latency=152.004ms
2026-09-30 15:40:35 | INFO     | HIDS_API | POST /detection/predict status=200 155.10ms
2026-09-30 15:40:35 | INFO     | uvicorn.access | 127.0.0.1:37164 - "POST /detection/predict HTTP/1.1" 200
2026-09-30 15:40:35 | INFO     | HIDS_Detection | [bfaf075d-4906-4efd-a9ad-8b7edb3fe6c1] verdict=BENIGN MAE=0.440817 threshold=0.500000 latency=142.627ms
2026-09-30 15:40:35 | INFO     | HIDS_API | POST /detection/predict status=200 145.59ms
2026-09-30 15:40:35 | INFO     | uvicorn.access | 127.0.0.1:37170 - "POST /detection/predict HTTP/1.1" 200
2026-09-30 15:40:35 | INFO     | HIDS_Detection | [ac829b72-09c0-4eeb-9156-74387ed4dfe3] verdict=BENIGN MAE=0.443970 threshold=0.500000 latency=163.106ms
2026-09-30 15:40:35 | INFO     | HIDS_API | POST /detection/predict status=200 165.90ms
2026-09-30 15:40:35 | INFO     | uvicorn.access | 127.0.0.1:37178 - "POST /detection/predict HTTP/1.1" 200
2026-09-30 15:40:35 | INFO     | HIDS_Detection | [8e8693b3-3380-448b-9f5c-d297b0607e54] verdict=BENIGN MAE=0.441426 threshold=0.500000 latency=124.631ms
2026-09-30 15:40:35 | INFO     | HIDS_API | POST /detection/predict status=200 128.31ms
2026-09-30 15:40:35 | INFO     | uvicorn.access | 127.0.0.1:37190 - "POST /detection/predict HTTP/1.1" 200
2026-09-30 15:40:35 | INFO     | HIDS_Detection | [295f6cb9-15b6-417b-b8c0-d4687481ab8e] verdict=BENIGN MAE=0.460567 threshold=0.500000 latency=159.581ms
2026-09-30 15:40:35 | INFO     | HIDS_API | POST /detection/predict status=200 162.36ms
2026-09-30 15:40:35 | INFO     | uvicorn.access | 127.0.0.1:37206 - "POST /detection/predict HTTP/1.1" 200
2026-09-30 15:40:36 | INFO     | HIDS_Detection | [daaf14e7-1f62-4810-991f-8891d1c76d94] verdict=BENIGN MAE=0.425300 threshold=0.500000 latency=141.744ms
2026-09-30 15:40:36 | INFO     | HIDS_API | POST /detection/predict status=200 144.54ms
2026-09-30 15:40:36 | INFO     | uvicorn.access | 127.0.0.1:37216 - "POST /detection/predict HTTP/1.1" 200
2026-09-30 15:40:36 | INFO     | HIDS_Detection | [5cb3bec4-dbb9-4e37-9cac-4a236eb0151c] verdict=BENIGN MAE=0.460751 threshold=0.500000 latency=130.808ms
2026-09-30 15:40:36 | INFO     | HIDS_API | POST /detection/predict status=200 136.24ms
2026-09-30 15:40:36 | INFO     | uvicorn.access | 127.0.0.1:37224 - "POST /detection/predict HTTP/1.1" 200
2026-09-30 15:40:36 | INFO     | HIDS_Detection | [a386e701-1145-4365-bf61-b730553ffc29] verdict=BENIGN MAE=0.446589 threshold=0.500000 latency=132.468ms
2026-09-30 15:40:36 | INFO     | HIDS_API | POST /detection/predict status=200 135.10ms
2026-09-30 15:40:36 | INFO     | uvicorn.access | 127.0.0.1:37238 - "POST /detection/predict HTTP/1.1" 200
2026-09-30 15:40:36 | INFO     | HIDS_Detection | [6445a7b6-f9ba-40a5-8c75-c3329b9201e6] verdict=BENIGN MAE=0.460673 threshold=0.500000 latency=139.675ms
2026-09-30 15:40:36 | INFO     | HIDS_API | POST /detection/predict status=200 150.52ms
2026-09-30 15:40:36 | INFO     | uvicorn.access | 127.0.0.1:37254 - "POST /detection/predict HTTP/1.1" 200
2026-09-30 15:40:36 | INFO     | HIDS_Detection | [9b52acb8-1ca8-4846-99f4-7f2008946092] verdict=BENIGN MAE=0.441920 threshold=0.500000 latency=133.852ms
2026-09-30 15:40:36 | INFO     | HIDS_API | POST /detection/predict status=200 136.87ms
2026-09-30 15:40:36 | INFO     | uvicorn.access | 127.0.0.1:37258 - "POST /detection/predict HTTP/1.1" 200
2026-09-30 15:40:37 | INFO     | uvicorn.access | 127.0.0.1:37262 - "GET /ready HTTP/1.1" 200
2026-09-30 15:40:37 | INFO     | HIDS_Detection | [68074943-826d-487c-a4a9-1d5e669d1ee8] verdict=BENIGN MAE=0.461137 threshold=0.500000 latency=130.707ms
2026-09-30 15:40:37 | INFO     | HIDS_API | POST /detection/predict status=200 133.82ms
2026-09-30 15:40:37 | INFO     | uvicorn.access | 127.0.0.1:37278 - "POST /detection/predict HTTP/1.1" 200
2026-09-30 15:40:37 | INFO     | HIDS_Detection | [98d67266-c293-4f8b-8a23-558a60778619] verdict=BENIGN MAE=0.441975 threshold=0.500000 latency=159.199ms
2026-09-30 15:40:37 | INFO     | HIDS_API | POST /detection/predict status=200 162.22ms
2026-09-30 15:40:37 | INFO     | uvicorn.access | 127.0.0.1:37284 - "POST /detection/predict HTTP/1.1" 200
2026-09-30 15:40:37 | INFO     | HIDS_Detection | [520e0869-9aad-428d-be32-d98f22a3f0a8] verdict=MALICIOUS MAE=0.506630 threshold=0.500000 latency=120.853ms
2026-09-30 15:40:37 | INFO     | HIDS_API | POST /detection/predict status=200 123.37ms
2026-09-30 15:40:37 | INFO     | uvicorn.access | 127.0.0.1:37294 - "POST /detection/predict HTTP/1.1" 200
2026-09-30 15:40:37 | INFO     | HIDS_Detection | [321743ea-c9b1-4669-a7a9-5b563e945f06] verdict=BENIGN MAE=0.446428 threshold=0.500000 latency=154.512ms
2026-09-30 15:40:37 | INFO     | HIDS_API | POST /detection/predict status=200 161.00ms
2026-09-30 15:40:37 | INFO     | uvicorn.access | 127.0.0.1:37310 - "POST /detection/predict HTTP/1.1" 200
2026-09-30 15:40:38 | INFO     | HIDS_Detection | [e4e89953-d3b7-4463-9c80-a1337c7ff9fe] verdict=BENIGN MAE=0.465602 threshold=0.500000 latency=133.114ms
2026-09-30 15:40:38 | INFO     | HIDS_API | POST /detection/predict status=200 136.65ms
2026-09-30 15:40:38 | INFO     | uvicorn.access | 127.0.0.1:37320 - "POST /detection/predict HTTP/1.1" 200
2026-09-30 15:40:38 | INFO     | HIDS_Detection | [e32c858d-6f98-43dc-9e51-3c7e55f8c961] verdict=BENIGN MAE=0.459268 threshold=0.500000 latency=189.248ms
2026-09-30 15:40:38 | INFO     | HIDS_API | POST /detection/predict status=200 203.62ms
2026-09-30 15:40:38 | INFO     | uvicorn.access | 127.0.0.1:37334 - "POST /detection/predict HTTP/1.1" 200
2026-09-30 15:40:38 | INFO     | HIDS_Detection | [e0a47882-f4eb-41f0-ba9c-396aca2e6bf7] verdict=BENIGN MAE=0.437417 threshold=0.500000 latency=139.934ms
2026-09-30 15:40:38 | INFO     | HIDS_API | POST /detection/predict status=200 142.58ms
2026-09-30 15:40:38 | INFO     | uvicorn.access | 127.0.0.1:37340 - "POST /detection/predict HTTP/1.1" 200
2026-09-30 15:40:38 | INFO     | HIDS_Detection | [220ab105-b288-427b-b95a-1f2ad12898bd] verdict=BENIGN MAE=0.470578 threshold=0.500000 latency=146.565ms
2026-09-30 15:40:38 | INFO     | HIDS_API | POST /detection/predict status=200 149.87ms
2026-09-30 15:40:38 | INFO     | uvicorn.access | 127.0.0.1:37342 - "POST /detection/predict HTTP/1.1" 200
2026-09-30 15:40:38 | INFO     | HIDS_Detection | [72c0fd12-bd67-468b-80b0-6729335a4072] verdict=BENIGN MAE=0.443268 threshold=0.500000 latency=168.302ms
2026-09-30 15:40:38 | INFO     | HIDS_API | POST /detection/predict status=200 170.92ms
2026-09-30 15:40:38 | INFO     | uvicorn.access | 127.0.0.1:37348 - "POST /detection/predict HTTP/1.1" 200
2026-09-30 15:40:39 | INFO     | HIDS_Detection | [c509665f-6bbb-4e07-a3a4-0374dd7123ef] verdict=BENIGN MAE=0.460551 threshold=0.500000 latency=155.942ms
2026-09-30 15:40:39 | INFO     | HIDS_API | POST /detection/predict status=200 158.50ms
2026-09-30 15:40:39 | INFO     | uvicorn.access | 127.0.0.1:37354 - "POST /detection/predict HTTP/1.1" 200
2026-09-30 15:40:39 | INFO     | HIDS_Detection | [ec7f99be-341c-440f-ab0a-9c42cb3f850f] verdict=BENIGN MAE=0.443717 threshold=0.500000 latency=168.225ms
2026-09-30 15:40:39 | INFO     | HIDS_API | POST /detection/predict status=200 174.34ms
2026-09-30 15:40:39 | INFO     | uvicorn.access | 127.0.0.1:37360 - "POST /detection/predict HTTP/1.1" 200
2026-09-30 15:40:39 | INFO     | HIDS_Detection | [5bda74a1-a542-47f4-814a-c0e9f91f4df8] verdict=BENIGN MAE=0.495877 threshold=0.500000 latency=174.813ms
2026-09-30 15:40:39 | INFO     | HIDS_API | POST /detection/predict status=200 177.91ms
2026-09-30 15:40:39 | INFO     | uvicorn.access | 127.0.0.1:37364 - "POST /detection/predict HTTP/1.1" 200
2026-09-30 15:40:39 | INFO     | HIDS_Detection | [e22a61d3-a29a-4256-b9a9-144e1f43423f] verdict=BENIGN MAE=0.421893 threshold=0.500000 latency=168.059ms
2026-09-30 15:40:39 | INFO     | HIDS_API | POST /detection/predict status=200 188.63ms
2026-09-30 15:40:39 | INFO     | uvicorn.access | 127.0.0.1:37380 - "POST /detection/predict HTTP/1.1" 200
2026-09-30 15:40:39 | INFO     | HIDS_Detection | [34f3d4d9-1245-4c84-be95-19fea1926f22] verdict=BENIGN MAE=0.460564 threshold=0.500000 latency=157.899ms
2026-09-30 15:40:39 | INFO     | HIDS_API | POST /detection/predict status=200 160.71ms
2026-09-30 15:40:39 | INFO     | uvicorn.access | 127.0.0.1:37390 - "POST /detection/predict HTTP/1.1" 200
2026-09-30 15:40:40 | INFO     | HIDS_Detection | [fd24e57d-e927-4112-8a27-0570ff487b50] verdict=BENIGN MAE=0.470576 threshold=0.500000 latency=122.116ms
2026-09-30 15:40:40 | INFO     | HIDS_API | POST /detection/predict status=200 125.38ms
2026-09-30 15:40:40 | INFO     | uvicorn.access | 127.0.0.1:37402 - "POST /detection/predict HTTP/1.1" 200
2026-09-30 15:40:40 | INFO     | HIDS_Detection | [92e85f05-14c8-49a7-8176-aac7c7b710d1] verdict=BENIGN MAE=0.460082 threshold=0.500000 latency=116.593ms
2026-09-30 15:40:40 | INFO     | HIDS_API | POST /detection/predict status=200 119.63ms
2026-09-30 15:40:40 | INFO     | uvicorn.access | 127.0.0.1:37412 - "POST /detection/predict HTTP/1.1" 200
2026-09-30 15:40:40 | INFO     | HIDS_Detection | [51b98f62-e4c7-435a-94e0-4ae00849d981] verdict=BENIGN MAE=0.449413 threshold=0.500000 latency=126.1ms
2026-09-30 15:40:40 | INFO     | HIDS_API | POST /detection/predict status=200 129.72ms
2026-09-30 15:40:40 | INFO     | uvicorn.access | 127.0.0.1:37418 - "POST /detection/predict HTTP/1.1" 200
2026-09-30 15:40:40 | INFO     | HIDS_Detection | [50b1b4a2-459c-4328-be2c-a460168c7d19] verdict=BENIGN MAE=0.446624 threshold=0.500000 latency=120.808ms
2026-09-30 15:40:40 | INFO     | HIDS_API | POST /detection/predict status=200 123.20ms
2026-09-30 15:40:40 | INFO     | uvicorn.access | 127.0.0.1:37426 - "POST /detection/predict HTTP/1.1" 200
2026-09-30 15:40:40 | INFO     | HIDS_Detection | [b1325959-24a1-48e8-b3b0-ce277bfb8229] verdict=BENIGN MAE=0.450214 threshold=0.500000 latency=127.85ms
2026-09-30 15:40:40 | INFO     | HIDS_API | POST /detection/predict status=200 130.93ms
2026-09-30 15:40:40 | INFO     | uvicorn.access | 127.0.0.1:37430 - "POST /detection/predict HTTP/1.1" 200
2026-09-30 15:40:40 | INFO     | HIDS_Detection | [ea179c7a-78d5-452d-8fe9-712404a39c9d] verdict=BENIGN MAE=0.449846 threshold=0.500000 latency=152.763ms
2026-09-30 15:40:40 | INFO     | HIDS_API | POST /detection/predict status=200 155.91ms
2026-09-30 15:40:40 | INFO     | uvicorn.access | 127.0.0.1:37440 - "POST /detection/predict HTTP/1.1" 200
2026-09-30 15:40:40 | INFO     | HIDS_Detection | [12e7826c-9c97-4479-adab-c2ed6aac3594] verdict=BENIGN MAE=0.444924 threshold=0.500000 latency=135.378ms
2026-09-30 15:40:40 | INFO     | HIDS_API | POST /detection/predict status=200 140.72ms
2026-09-30 15:40:40 | INFO     | uvicorn.access | 127.0.0.1:37456 - "POST /detection/predict HTTP/1.1" 200
2026-09-30 15:40:41 | INFO     | HIDS_Detection | [b4f3014f-5204-454e-880a-bb0a97ec1b77] verdict=BENIGN MAE=0.460677 threshold=0.500000 latency=165.009ms
2026-09-30 15:40:41 | INFO     | HIDS_API | POST /detection/predict status=200 168.09ms
2026-09-30 15:40:41 | INFO     | uvicorn.access | 127.0.0.1:37472 - "POST /detection/predict HTTP/1.1" 200
2026-09-30 15:40:41 | INFO     | HIDS_Detection | [f84d9e89-23e1-499d-9309-bdd5cbcbb385] verdict=BENIGN MAE=0.424143 threshold=0.500000 latency=166.803ms
2026-09-30 15:40:41 | INFO     | HIDS_API | POST /detection/predict status=200 169.24ms
2026-09-30 15:40:41 | INFO     | uvicorn.access | 127.0.0.1:37478 - "POST /detection/predict HTTP/1.1" 200
2026-09-30 15:40:41 | INFO     | HIDS_Detection | [205662f0-470c-4992-b431-df30e4d0a6ca] verdict=BENIGN MAE=0.482510 threshold=0.500000 latency=140.015ms
2026-09-30 15:40:41 | INFO     | HIDS_API | POST /detection/predict status=200 142.50ms
2026-09-30 15:40:41 | INFO     | uvicorn.access | 127.0.0.1:37480 - "POST /detection/predict HTTP/1.1" 200
2026-09-30 15:40:41 | INFO     | HIDS_Detection | [f8732e58-217c-4ca0-b4d1-ade1dc1c3e2d] verdict=BENIGN MAE=0.423180 threshold=0.500000 latency=166.543ms
2026-09-30 15:40:41 | INFO     | HIDS_API | POST /detection/predict status=200 173.30ms
2026-09-30 15:40:41 | INFO     | uvicorn.access | 127.0.0.1:37484 - "POST /detection/predict HTTP/1.1" 200
2026-09-30 15:40:41 | INFO     | HIDS_Detection | [90a9aa08-e153-4817-86b9-380d4c0a90a9] verdict=BENIGN MAE=0.487619 threshold=0.500000 latency=169.891ms
2026-09-30 15:40:41 | INFO     | HIDS_API | POST /detection/predict status=200 172.77ms
2026-09-30 15:40:41 | INFO     | uvicorn.access | 127.0.0.1:55668 - "POST /detection/predict HTTP/1.1" 200
2026-09-30 15:40:42 | INFO     | HIDS_Detection | [86ae98f5-7532-4ea8-b622-e74d893e06b1] verdict=BENIGN MAE=0.441657 threshold=0.500000 latency=168.261ms
2026-09-30 15:40:42 | INFO     | HIDS_API | POST /detection/predict status=200 171.51ms
2026-09-30 15:40:42 | INFO     | uvicorn.access | 127.0.0.1:55672 - "POST /detection/predict HTTP/1.1" 200
2026-09-30 15:40:42 | INFO     | HIDS_Detection | [c35b74ce-18da-422f-a6de-d563e8831a8b] verdict=BENIGN MAE=0.485210 threshold=0.500000 latency=172.563ms
2026-09-30 15:40:42 | INFO     | HIDS_API | POST /detection/predict status=200 177.50ms
2026-09-30 15:40:42 | INFO     | uvicorn.access | 127.0.0.1:55674 - "POST /detection/predict HTTP/1.1" 200
2026-09-30 15:40:42 | INFO     | HIDS_Detection | [9345143b-37f6-47b8-a5f0-df6f26d343f3] verdict=BENIGN MAE=0.443087 threshold=0.500000 latency=176.921ms
2026-09-30 15:40:42 | INFO     | HIDS_API | POST /detection/predict status=200 180.87ms
2026-09-30 15:40:42 | INFO     | uvicorn.access | 127.0.0.1:55686 - "POST /detection/predict HTTP/1.1" 200
2026-09-30 15:40:42 | INFO     | HIDS_Detection | [a72bd708-cd6a-43ac-b4bb-5488ce4a9234] verdict=BENIGN MAE=0.441615 threshold=0.500000 latency=123.219ms
2026-09-30 15:40:42 | INFO     | HIDS_API | POST /detection/predict status=200 126.28ms
2026-09-30 15:40:42 | INFO     | uvicorn.access | 127.0.0.1:55688 - "POST /detection/predict HTTP/1.1" 200
2026-09-30 15:40:42 | INFO     | HIDS_Detection | [05ccc8be-40ff-40bc-af06-ca063dbb2546] verdict=BENIGN MAE=0.496644 threshold=0.500000 latency=130.379ms
2026-09-30 15:40:42 | INFO     | HIDS_API | POST /detection/predict status=200 133.42ms
2026-09-30 15:40:42 | INFO     | uvicorn.access | 127.0.0.1:55690 - "POST /detection/predict HTTP/1.1" 200
2026-09-30 15:40:42 | INFO     | HIDS_Detection | [4e5eb95e-d999-455e-bb0d-2ed7a72bf8d0] verdict=BENIGN MAE=0.427126 threshold=0.500000 latency=152.33ms
2026-09-30 15:40:42 | INFO     | HIDS_API | POST /detection/predict status=200 155.17ms
2026-09-30 15:40:42 | INFO     | uvicorn.access | 127.0.0.1:55704 - "POST /detection/predict HTTP/1.1" 200
2026-09-30 15:40:43 | INFO     | HIDS_Detection | [6690d07a-1d20-4e0f-8f58-9f61d948875c] verdict=BENIGN MAE=0.444403 threshold=0.500000 latency=154.705ms
2026-09-30 15:40:43 | INFO     | HIDS_API | POST /detection/predict status=200 157.06ms
2026-09-30 15:40:43 | INFO     | uvicorn.access | 127.0.0.1:55714 - "POST /detection/predict HTTP/1.1" 200
2026-09-30 15:40:43 | INFO     | HIDS_Detection | [513005ca-b23e-4a30-b70e-d16c49ed8ff3] verdict=BENIGN MAE=0.497558 threshold=0.500000 latency=122.049ms
2026-09-30 15:40:43 | INFO     | HIDS_API | POST /detection/predict status=200 124.96ms
2026-09-30 15:40:43 | INFO     | uvicorn.access | 127.0.0.1:55716 - "POST /detection/predict HTTP/1.1" 200
2026-09-30 15:40:43 | INFO     | HIDS_Detection | [a09d7b5b-aba3-4a25-9956-01f0ee9349d3] verdict=BENIGN MAE=0.460948 threshold=0.500000 latency=128.405ms
2026-09-30 15:40:43 | INFO     | HIDS_API | POST /detection/predict status=200 132.32ms
2026-09-30 15:40:43 | INFO     | uvicorn.access | 127.0.0.1:55724 - "POST /detection/predict HTTP/1.1" 200
2026-09-30 15:40:43 | INFO     | HIDS_Detection | [c976bd4c-f316-4048-ad43-39fd466fb2eb] verdict=BENIGN MAE=0.463943 threshold=0.500000 latency=138.567ms
2026-09-30 15:40:43 | INFO     | HIDS_API | POST /detection/predict status=200 141.60ms
2026-09-30 15:40:43 | INFO     | uvicorn.access | 127.0.0.1:55726 - "POST /detection/predict HTTP/1.1" 200
2026-09-30 15:40:43 | INFO     | HIDS_Detection | [6f36aa07-f396-49fd-9cf6-011fdec98505] verdict=BENIGN MAE=0.480342 threshold=0.500000 latency=132.152ms
2026-09-30 15:40:43 | INFO     | HIDS_API | POST /detection/predict status=200 137.09ms
2026-09-30 15:40:43 | INFO     | uvicorn.access | 127.0.0.1:55740 - "POST /detection/predict HTTP/1.1" 200
2026-09-30 15:40:43 | INFO     | HIDS_Detection | [7576ac8a-dad4-43a0-95fd-83131e6eef73] verdict=BENIGN MAE=0.470861 threshold=0.500000 latency=125.197ms
2026-09-30 15:40:43 | INFO     | HIDS_API | POST /detection/predict status=200 127.90ms
2026-09-30 15:40:43 | INFO     | uvicorn.access | 127.0.0.1:55748 - "POST /detection/predict HTTP/1.1" 200
2026-09-30 15:40:44 | INFO     | HIDS_Detection | [835645c0-759f-4bdc-b9d5-3f38a3b77f24] verdict=BENIGN MAE=0.483144 threshold=0.500000 latency=161.874ms
2026-09-30 15:40:44 | INFO     | HIDS_API | POST /detection/predict status=200 167.80ms
2026-09-30 15:40:44 | INFO     | uvicorn.access | 127.0.0.1:55750 - "POST /detection/predict HTTP/1.1" 200
2026-09-30 15:40:44 | INFO     | HIDS_Detection | [1269c7ae-fddd-4213-a6cf-142a8d5465a2] verdict=BENIGN MAE=0.470852 threshold=0.500000 latency=140.829ms
2026-09-30 15:40:44 | INFO     | HIDS_API | POST /detection/predict status=200 143.72ms
2026-09-30 15:40:44 | INFO     | uvicorn.access | 127.0.0.1:55756 - "POST /detection/predict HTTP/1.1" 200
2026-09-30 15:40:44 | INFO     | HIDS_Detection | [6f276076-255c-4dd3-bb6b-d627b3470191] verdict=BENIGN MAE=0.431493 threshold=0.500000 latency=164.72ms
2026-09-30 15:40:44 | INFO     | HIDS_API | POST /detection/predict status=200 170.09ms
2026-09-30 15:40:44 | INFO     | uvicorn.access | 127.0.0.1:55770 - "POST /detection/predict HTTP/1.1" 200
2026-09-30 15:40:44 | INFO     | HIDS_Detection | [190cacf0-2184-41ac-82c7-796f46699b03] verdict=BENIGN MAE=0.442507 threshold=0.500000 latency=136.267ms
2026-09-30 15:40:44 | INFO     | HIDS_API | POST /detection/predict status=200 140.17ms
2026-09-30 15:40:44 | INFO     | uvicorn.access | 127.0.0.1:55772 - "POST /detection/predict HTTP/1.1" 200
2026-09-30 15:40:44 | INFO     | HIDS_Detection | [678d6c0b-8303-4f3f-abe0-426642769853] verdict=BENIGN MAE=0.446067 threshold=0.500000 latency=152.204ms
2026-09-30 15:40:44 | INFO     | HIDS_API | POST /detection/predict status=200 154.64ms
2026-09-30 15:40:44 | INFO     | uvicorn.access | 127.0.0.1:55786 - "POST /detection/predict HTTP/1.1" 200
2026-09-30 15:40:44 | INFO     | HIDS_Detection | [c90dfbe3-3dfb-4465-9a68-018c621d36d7] verdict=BENIGN MAE=0.475711 threshold=0.500000 latency=163.038ms
2026-09-30 15:40:44 | INFO     | HIDS_API | POST /detection/predict status=200 165.96ms
2026-09-30 15:40:44 | INFO     | uvicorn.access | 127.0.0.1:55802 - "POST /detection/predict HTTP/1.1" 200
2026-09-30 15:40:45 | INFO     | HIDS_Detection | [9eb6c05c-7ec5-4508-9dd8-da38197e2b5b] verdict=BENIGN MAE=0.422317 threshold=0.500000 latency=158.548ms
2026-09-30 15:40:45 | INFO     | HIDS_API | POST /detection/predict status=200 168.11ms
2026-09-30 15:40:45 | INFO     | uvicorn.access | 127.0.0.1:55806 - "POST /detection/predict HTTP/1.1" 200
2026-09-30 15:40:45 | INFO     | HIDS_Detection | [dcc72d45-8636-4d0f-9131-b2c9069bc72f] verdict=BENIGN MAE=0.470578 threshold=0.500000 latency=180.516ms
2026-09-30 15:40:45 | INFO     | HIDS_API | POST /detection/predict status=200 183.25ms
2026-09-30 15:40:45 | INFO     | uvicorn.access | 127.0.0.1:55820 - "POST /detection/predict HTTP/1.1" 200
2026-09-30 15:40:45 | INFO     | HIDS_Detection | [ea92d2e0-b73e-4bfe-beab-57eed1c80e0f] verdict=BENIGN MAE=0.424960 threshold=0.500000 latency=147.504ms
2026-09-30 15:40:45 | INFO     | HIDS_API | POST /detection/predict status=200 151.23ms
2026-09-30 15:40:45 | INFO     | uvicorn.access | 127.0.0.1:55822 - "POST /detection/predict HTTP/1.1" 200
2026-09-30 15:40:45 | INFO     | HIDS_Detection | [d30bf327-2c06-4e34-b63d-64c69d9885ff] verdict=BENIGN MAE=0.442468 threshold=0.500000 latency=160.104ms
2026-09-30 15:40:45 | INFO     | HIDS_API | POST /detection/predict status=200 163.44ms
2026-09-30 15:40:45 | INFO     | uvicorn.access | 127.0.0.1:55834 - "POST /detection/predict HTTP/1.1" 200
2026-09-30 15:40:45 | INFO     | HIDS_Detection | [409106be-611b-441b-aa26-9d1733aa8dde] verdict=BENIGN MAE=0.460662 threshold=0.500000 latency=149.951ms
2026-09-30 15:40:45 | INFO     | HIDS_API | POST /detection/predict status=200 153.73ms
2026-09-30 15:40:45 | INFO     | uvicorn.access | 127.0.0.1:55838 - "POST /detection/predict HTTP/1.1" 200
2026-09-30 15:40:46 | INFO     | HIDS_Detection | [eb9994bf-8662-4b95-8278-10761886a703] verdict=BENIGN MAE=0.442929 threshold=0.500000 latency=145.58ms
2026-09-30 15:40:46 | INFO     | HIDS_API | POST /detection/predict status=200 148.58ms
2026-09-30 15:40:46 | INFO     | uvicorn.access | 127.0.0.1:55842 - "POST /detection/predict HTTP/1.1" 200
2026-09-30 15:40:46 | INFO     | HIDS_Detection | [d8b53fdf-3173-4460-aa22-3616c0c1d2bb] verdict=BENIGN MAE=0.470582 threshold=0.500000 latency=141.454ms
2026-09-30 15:40:46 | INFO     | HIDS_API | POST /detection/predict status=200 144.33ms
2026-09-30 15:40:46 | INFO     | uvicorn.access | 127.0.0.1:55844 - "POST /detection/predict HTTP/1.1" 200
2026-09-30 15:40:46 | INFO     | HIDS_Detection | [e440bee7-7ae1-4085-9edf-94b6110e7847] verdict=BENIGN MAE=0.443296 threshold=0.500000 latency=148.538ms
2026-09-30 15:40:46 | INFO     | HIDS_API | POST /detection/predict status=200 169.45ms
2026-09-30 15:40:46 | INFO     | uvicorn.access | 127.0.0.1:55856 - "POST /detection/predict HTTP/1.1" 200
2026-09-30 15:40:46 | INFO     | HIDS_Detection | [c413a482-ae25-4b03-b5fc-817200eddfa7] verdict=BENIGN MAE=0.441554 threshold=0.500000 latency=161.479ms
2026-09-30 15:40:46 | INFO     | HIDS_API | POST /detection/predict status=200 164.18ms
2026-09-30 15:40:46 | INFO     | uvicorn.access | 127.0.0.1:55860 - "POST /detection/predict HTTP/1.1" 200
2026-09-30 15:40:46 | INFO     | HIDS_Detection | [ac3d3aa7-466c-4ccd-bf48-5512cca6b3e5] verdict=BENIGN MAE=0.424404 threshold=0.500000 latency=165.604ms
2026-09-30 15:40:46 | INFO     | HIDS_API | POST /detection/predict status=200 169.45ms
2026-09-30 15:40:46 | INFO     | uvicorn.access | 127.0.0.1:55874 - "POST /detection/predict HTTP/1.1" 200
2026-09-30 15:40:47 | INFO     | HIDS_Detection | [39f70586-63b5-40cf-97c9-682777589d66] verdict=MALICIOUS MAE=0.513798 threshold=0.500000 latency=158.577ms
2026-09-30 15:40:47 | INFO     | HIDS_API | POST /detection/predict status=200 161.44ms
2026-09-30 15:40:47 | INFO     | uvicorn.access | 127.0.0.1:55878 - "POST /detection/predict HTTP/1.1" 200
2026-09-30 15:40:47 | INFO     | HIDS_Detection | [c82601f9-d16a-4078-b3d8-2a5551eb06c3] verdict=BENIGN MAE=0.421764 threshold=0.500000 latency=137.947ms
2026-09-30 15:40:47 | INFO     | HIDS_API | POST /detection/predict status=200 140.90ms
2026-09-30 15:40:47 | INFO     | uvicorn.access | 127.0.0.1:55882 - "POST /detection/predict HTTP/1.1" 200
2026-09-30 15:40:47 | INFO     | HIDS_Detection | [50cd6d4e-cbb4-4110-82fe-42303e3b62f5] verdict=BENIGN MAE=0.442460 threshold=0.500000 latency=156.042ms
2026-09-30 15:40:47 | INFO     | HIDS_API | POST /detection/predict status=200 159.43ms
2026-09-30 15:40:47 | INFO     | uvicorn.access | 127.0.0.1:55892 - "POST /detection/predict HTTP/1.1" 200
2026-09-30 15:40:47 | INFO     | HIDS_Detection | [a6755d5a-4541-4651-a59e-d64b55e5e1d7] verdict=MALICIOUS MAE=0.506173 threshold=0.500000 latency=133.854ms
2026-09-30 15:40:47 | INFO     | HIDS_API | POST /detection/predict status=200 136.75ms
2026-09-30 15:40:47 | INFO     | uvicorn.access | 127.0.0.1:55902 - "POST /detection/predict HTTP/1.1" 200
2026-09-30 15:40:47 | INFO     | HIDS_Detection | [bfebe968-b2f8-4313-ac57-8021d128e5f0] verdict=BENIGN MAE=0.442990 threshold=0.500000 latency=150.447ms
2026-09-30 15:40:47 | INFO     | HIDS_API | POST /detection/predict status=200 155.84ms
2026-09-30 15:40:47 | INFO     | uvicorn.access | 127.0.0.1:55906 - "POST /detection/predict HTTP/1.1" 200
2026-09-30 15:40:47 | INFO     | HIDS_Detection | [5b6dcc14-4af6-46d9-8845-3244512d4898] verdict=BENIGN MAE=0.443316 threshold=0.500000 latency=133.955ms
2026-09-30 15:40:47 | INFO     | HIDS_API | POST /detection/predict status=200 136.51ms
2026-09-30 15:40:47 | INFO     | uvicorn.access | 127.0.0.1:55920 - "POST /detection/predict HTTP/1.1" 200
2026-09-30 15:40:48 | INFO     | HIDS_Detection | [3239e964-247f-4263-b97a-43717049c133] verdict=BENIGN MAE=0.460866 threshold=0.500000 latency=164.791ms
2026-09-30 15:40:48 | INFO     | HIDS_API | POST /detection/predict status=200 167.67ms
2026-09-30 15:40:48 | INFO     | uvicorn.access | 127.0.0.1:55924 - "POST /detection/predict HTTP/1.1" 200
2026-09-30 15:40:48 | INFO     | HIDS_Detection | [ad4bc0ba-d732-46a5-9bab-e2e2b966fa6d] verdict=BENIGN MAE=0.441897 threshold=0.500000 latency=160.161ms
2026-09-30 15:40:48 | INFO     | HIDS_API | POST /detection/predict status=200 163.85ms
2026-09-30 15:40:48 | INFO     | uvicorn.access | 127.0.0.1:55940 - "POST /detection/predict HTTP/1.1" 200
2026-09-30 15:40:48 | INFO     | HIDS_Detection | [6713c653-770f-4988-b773-dbd6f2bd9415] verdict=BENIGN MAE=0.460555 threshold=0.500000 latency=172.652ms
2026-09-30 15:40:48 | INFO     | HIDS_API | POST /detection/predict status=200 188.51ms
2026-09-30 15:40:48 | INFO     | uvicorn.access | 127.0.0.1:55946 - "POST /detection/predict HTTP/1.1" 200
2026-09-30 15:40:48 | INFO     | HIDS_Detection | [4415400a-58af-42f5-ab21-55ae9b4e5953] verdict=BENIGN MAE=0.419237 threshold=0.500000 latency=136.554ms
2026-09-30 15:40:48 | INFO     | HIDS_API | POST /detection/predict status=200 139.17ms
2026-09-30 15:40:48 | INFO     | uvicorn.access | 127.0.0.1:55954 - "POST /detection/predict HTTP/1.1" 200
2026-09-30 15:40:48 | INFO     | HIDS_Detection | [6302718d-f426-4970-93cd-ba0e82f6a4f4] verdict=BENIGN MAE=0.443277 threshold=0.500000 latency=125.003ms
2026-09-30 15:40:48 | INFO     | HIDS_API | POST /detection/predict status=200 127.45ms
2026-09-30 15:40:48 | INFO     | uvicorn.access | 127.0.0.1:55968 - "POST /detection/predict HTTP/1.1" 200
2026-09-30 15:40:49 | INFO     | HIDS_Detection | [5a91d656-425a-419b-9986-672b1a48bdfd] verdict=BENIGN MAE=0.448400 threshold=0.500000 latency=139.611ms
2026-09-30 15:40:49 | INFO     | HIDS_API | POST /detection/predict status=200 142.53ms
2026-09-30 15:40:49 | INFO     | uvicorn.access | 127.0.0.1:55978 - "POST /detection/predict HTTP/1.1" 200
2026-09-30 15:40:49 | INFO     | HIDS_Detection | [d778578f-1183-48e7-8612-57b8aeb5fc91] verdict=BENIGN MAE=0.470849 threshold=0.500000 latency=158.411ms
2026-09-30 15:40:49 | INFO     | HIDS_API | POST /detection/predict status=200 161.06ms
2026-09-30 15:40:49 | INFO     | uvicorn.access | 127.0.0.1:55982 - "POST /detection/predict HTTP/1.1" 200
2026-09-30 15:40:49 | INFO     | HIDS_Detection | [029e3aa2-e92a-4a05-9873-f632716574d2] verdict=BENIGN MAE=0.441763 threshold=0.500000 latency=142.51ms
2026-09-30 15:40:49 | INFO     | HIDS_API | POST /detection/predict status=200 145.37ms
2026-09-30 15:40:49 | INFO     | uvicorn.access | 127.0.0.1:55998 - "POST /detection/predict HTTP/1.1" 200
2026-09-30 15:40:49 | INFO     | HIDS_Detection | [9f25d191-396e-47f4-ba8a-608c207b5433] verdict=BENIGN MAE=0.427084 threshold=0.500000 latency=120.399ms
2026-09-30 15:40:49 | INFO     | HIDS_API | POST /detection/predict status=200 125.77ms
2026-09-30 15:40:49 | INFO     | uvicorn.access | 127.0.0.1:56000 - "POST /detection/predict HTTP/1.1" 200
2026-09-30 15:40:49 | INFO     | HIDS_Detection | [3392addf-8d1b-482a-a682-334ad64c7177] verdict=BENIGN MAE=0.447515 threshold=0.500000 latency=147.549ms
2026-09-30 15:40:49 | INFO     | HIDS_API | POST /detection/predict status=200 151.60ms
2026-09-30 15:40:49 | INFO     | uvicorn.access | 127.0.0.1:56004 - "POST /detection/predict HTTP/1.1" 200
2026-09-30 15:40:49 | INFO     | HIDS_Detection | [88368bbd-8353-498a-8166-1c14ac2df01f] verdict=BENIGN MAE=0.491625 threshold=0.500000 latency=133.167ms
2026-09-30 15:40:49 | INFO     | HIDS_API | POST /detection/predict status=200 140.22ms
2026-09-30 15:40:49 | INFO     | uvicorn.access | 127.0.0.1:56014 - "POST /detection/predict HTTP/1.1" 200
2026-09-30 15:40:50 | INFO     | HIDS_Detection | [9857f129-25df-41fa-9708-9f013877eb45] verdict=BENIGN MAE=0.443674 threshold=0.500000 latency=179.311ms
2026-09-30 15:40:50 | INFO     | HIDS_API | POST /detection/predict status=200 185.26ms
2026-09-30 15:40:50 | INFO     | uvicorn.access | 127.0.0.1:56024 - "POST /detection/predict HTTP/1.1" 200
2026-09-30 15:40:50 | INFO     | HIDS_Detection | [84b2ac03-3451-4e02-bdc8-6b9fffc5edf3] verdict=BENIGN MAE=0.440348 threshold=0.500000 latency=172.575ms
2026-09-30 15:40:50 | INFO     | HIDS_API | POST /detection/predict status=200 175.67ms
2026-09-30 15:40:50 | INFO     | uvicorn.access | 127.0.0.1:56036 - "POST /detection/predict HTTP/1.1" 200
2026-09-30 15:40:50 | INFO     | HIDS_Detection | [cdcd5314-cb23-4fc7-87fa-fe96d3cd1249] verdict=BENIGN MAE=0.442130 threshold=0.500000 latency=162.426ms
2026-09-30 15:40:50 | INFO     | HIDS_API | POST /detection/predict status=200 165.52ms
2026-09-30 15:40:50 | INFO     | uvicorn.access | 127.0.0.1:56046 - "POST /detection/predict HTTP/1.1" 200
2026-09-30 15:40:50 | INFO     | HIDS_Detection | [b206cf76-1dc6-47ee-8f4e-70f6fac1cd90] verdict=BENIGN MAE=0.494140 threshold=0.500000 latency=129.144ms
2026-09-30 15:40:50 | INFO     | HIDS_API | POST /detection/predict status=200 131.81ms
2026-09-30 15:40:50 | INFO     | uvicorn.access | 127.0.0.1:56048 - "POST /detection/predict HTTP/1.1" 200
2026-09-30 15:40:50 | INFO     | HIDS_Detection | [a911d08f-1b4e-49de-aa03-752554c460c9] verdict=BENIGN MAE=0.421095 threshold=0.500000 latency=161.791ms
2026-09-30 15:40:50 | INFO     | HIDS_API | POST /detection/predict status=200 171.10ms
2026-09-30 15:40:50 | INFO     | uvicorn.access | 127.0.0.1:56056 - "POST /detection/predict HTTP/1.1" 200
2026-09-30 15:40:51 | INFO     | HIDS_Detection | [7899e3ff-2fb2-4bff-b21e-10549edaf789] verdict=BENIGN MAE=0.438577 threshold=0.500000 latency=132.677ms
2026-09-30 15:40:51 | INFO     | HIDS_API | POST /detection/predict status=200 138.54ms
2026-09-30 15:40:51 | INFO     | uvicorn.access | 127.0.0.1:56058 - "POST /detection/predict HTTP/1.1" 200
2026-09-30 15:40:51 | INFO     | HIDS_Detection | [f628e112-1d64-4925-a5a2-a7f4d24091f4] verdict=BENIGN MAE=0.446046 threshold=0.500000 latency=140.759ms
2026-09-30 15:40:51 | INFO     | HIDS_API | POST /detection/predict status=200 150.60ms
2026-09-30 15:40:51 | INFO     | uvicorn.access | 127.0.0.1:56072 - "POST /detection/predict HTTP/1.1" 200
2026-09-30 15:40:51 | INFO     | HIDS_Detection | [05d7db13-f35f-4f1a-b351-2b180a57b1c0] verdict=BENIGN MAE=0.440437 threshold=0.500000 latency=134.906ms
2026-09-30 15:40:51 | INFO     | HIDS_API | POST /detection/predict status=200 137.89ms
2026-09-30 15:40:51 | INFO     | uvicorn.access | 127.0.0.1:56078 - "POST /detection/predict HTTP/1.1" 200
2026-09-30 15:40:51 | INFO     | HIDS_Detection | [b5b574ef-4a7b-407f-ae2c-8633d307d477] verdict=BENIGN MAE=0.447401 threshold=0.500000 latency=139.244ms
2026-09-30 15:40:51 | INFO     | HIDS_API | POST /detection/predict status=200 143.53ms
2026-09-30 15:40:51 | INFO     | uvicorn.access | 127.0.0.1:56084 - "POST /detection/predict HTTP/1.1" 200
2026-09-30 15:40:51 | INFO     | HIDS_Detection | [904bcb8e-c261-447a-9e4c-b68299000fdb] verdict=BENIGN MAE=0.446137 threshold=0.500000 latency=164.114ms
2026-09-30 15:40:51 | INFO     | HIDS_API | POST /detection/predict status=200 166.66ms
2026-09-30 15:40:51 | INFO     | uvicorn.access | 127.0.0.1:56098 - "POST /detection/predict HTTP/1.1" 200
2026-09-30 15:40:51 | INFO     | HIDS_Detection | [93a424de-4588-4bb4-a788-823e6cf1384e] verdict=BENIGN MAE=0.441204 threshold=0.500000 latency=161.278ms
2026-09-30 15:40:51 | INFO     | HIDS_API | POST /detection/predict status=200 163.83ms
2026-09-30 15:40:51 | INFO     | uvicorn.access | 127.0.0.1:48778 - "POST /detection/predict HTTP/1.1" 200
2026-09-30 15:40:52 | INFO     | HIDS_Detection | [028efaac-dd39-43a8-9198-d6c86846e6a3] verdict=BENIGN MAE=0.470583 threshold=0.500000 latency=169.225ms
2026-09-30 15:40:52 | INFO     | HIDS_API | POST /detection/predict status=200 172.24ms
2026-09-30 15:40:52 | INFO     | uvicorn.access | 127.0.0.1:48794 - "POST /detection/predict HTTP/1.1" 200
2026-09-30 15:40:52 | INFO     | HIDS_Detection | [7a9fc796-a670-4d21-8319-f7fc4ffc72ba] verdict=BENIGN MAE=0.470842 threshold=0.500000 latency=145.776ms
2026-09-30 15:40:52 | INFO     | HIDS_API | POST /detection/predict status=200 151.12ms
2026-09-30 15:40:52 | INFO     | uvicorn.access | 127.0.0.1:48810 - "POST /detection/predict HTTP/1.1" 200
2026-09-30 15:40:52 | INFO     | HIDS_Detection | [4f21a41a-4ebe-4c42-8dff-3c615e047d5b] verdict=BENIGN MAE=0.443330 threshold=0.500000 latency=128.365ms
2026-09-30 15:40:52 | INFO     | HIDS_API | POST /detection/predict status=200 137.70ms
2026-09-30 15:40:52 | INFO     | uvicorn.access | 127.0.0.1:48816 - "POST /detection/predict HTTP/1.1" 200
2026-09-30 15:40:52 | INFO     | HIDS_Detection | [b014307a-b443-461b-beb9-6cb7e76df35a] verdict=BENIGN MAE=0.470841 threshold=0.500000 latency=166.093ms
2026-09-30 15:40:52 | INFO     | HIDS_API | POST /detection/predict status=200 169.20ms
2026-09-30 15:40:52 | INFO     | uvicorn.access | 127.0.0.1:48822 - "POST /detection/predict HTTP/1.1" 200
2026-09-30 15:40:52 | INFO     | HIDS_Detection | [720e2534-c2a1-4291-af1b-1b4d181a56af] verdict=BENIGN MAE=0.443170 threshold=0.500000 latency=125.87ms
2026-09-30 15:40:52 | INFO     | HIDS_API | POST /detection/predict status=200 128.71ms
2026-09-30 15:40:52 | INFO     | uvicorn.access | 127.0.0.1:48826 - "POST /detection/predict HTTP/1.1" 200
2026-09-30 15:40:52 | INFO     | HIDS_Detection | [6214427e-8557-4633-9b4e-b99b329d21f0] verdict=BENIGN MAE=0.460662 threshold=0.500000 latency=119.687ms
2026-09-30 15:40:52 | INFO     | HIDS_API | POST /detection/predict status=200 122.35ms
2026-09-30 15:40:52 | INFO     | uvicorn.access | 127.0.0.1:48838 - "POST /detection/predict HTTP/1.1" 200
2026-09-30 15:40:53 | INFO     | HIDS_Detection | [020605ff-0dc4-4e96-bd65-5a86341ed302] verdict=BENIGN MAE=0.451148 threshold=0.500000 latency=148.841ms
2026-09-30 15:40:53 | INFO     | HIDS_API | POST /detection/predict status=200 151.85ms
2026-09-30 15:40:53 | INFO     | uvicorn.access | 127.0.0.1:48844 - "POST /detection/predict HTTP/1.1" 200
2026-09-30 15:40:53 | INFO     | HIDS_Detection | [70abf02e-337b-406d-8221-45c486bd0fc5] verdict=BENIGN MAE=0.445674 threshold=0.500000 latency=149.5ms
2026-09-30 15:40:53 | INFO     | HIDS_API | POST /detection/predict status=200 154.92ms
2026-09-30 15:40:53 | INFO     | uvicorn.access | 127.0.0.1:48848 - "POST /detection/predict HTTP/1.1" 200
2026-09-30 15:40:53 | INFO     | HIDS_Detection | [cdb57723-297c-4134-985a-44c8f4845bf6] verdict=BENIGN MAE=0.443758 threshold=0.500000 latency=158.134ms
2026-09-30 15:40:53 | INFO     | HIDS_API | POST /detection/predict status=200 160.63ms
2026-09-30 15:40:53 | INFO     | uvicorn.access | 127.0.0.1:48856 - "POST /detection/predict HTTP/1.1" 200
2026-09-30 15:40:53 | INFO     | HIDS_Detection | [2b7f1829-22a2-4d6a-b119-3b058169cda4] verdict=BENIGN MAE=0.460661 threshold=0.500000 latency=128.748ms
2026-09-30 15:40:53 | INFO     | HIDS_API | POST /detection/predict status=200 131.40ms
2026-09-30 15:40:53 | INFO     | uvicorn.access | 127.0.0.1:48862 - "POST /detection/predict HTTP/1.1" 200
2026-09-30 15:40:53 | INFO     | HIDS_Detection | [b91649fa-e0c4-43e9-864d-a59723c67b7a] verdict=BENIGN MAE=0.433934 threshold=0.500000 latency=131.201ms
2026-09-30 15:40:53 | INFO     | HIDS_API | POST /detection/predict status=200 136.29ms
2026-09-30 15:40:53 | INFO     | uvicorn.access | 127.0.0.1:48870 - "POST /detection/predict HTTP/1.1" 200
2026-09-30 15:40:53 | INFO     | HIDS_Detection | [b5fce79c-e072-4a0c-b120-a8f8b98f7c89] verdict=BENIGN MAE=0.445295 threshold=0.500000 latency=155.751ms
2026-09-30 15:40:53 | INFO     | HIDS_API | POST /detection/predict status=200 158.25ms
2026-09-30 15:40:53 | INFO     | uvicorn.access | 127.0.0.1:48878 - "POST /detection/predict HTTP/1.1" 200
2026-09-30 15:40:54 | INFO     | HIDS_Detection | [c0c620a6-c753-4bfa-aa93-63fd2a8c5f5e] verdict=BENIGN MAE=0.459255 threshold=0.500000 latency=141.952ms
2026-09-30 15:40:54 | INFO     | HIDS_API | POST /detection/predict status=200 144.86ms
2026-09-30 15:40:54 | INFO     | uvicorn.access | 127.0.0.1:48890 - "POST /detection/predict HTTP/1.1" 200
2026-09-30 15:40:54 | INFO     | HIDS_Detection | [af22eced-45e2-446c-8fa3-b7bbcfefab29] verdict=BENIGN MAE=0.445897 threshold=0.500000 latency=136.792ms
2026-09-30 15:40:54 | INFO     | HIDS_API | POST /detection/predict status=200 140.08ms
2026-09-30 15:40:54 | INFO     | uvicorn.access | 127.0.0.1:48892 - "POST /detection/predict HTTP/1.1" 200
2026-09-30 15:40:54 | INFO     | HIDS_Detection | [73993734-a521-4d13-bf8d-a2fa422b845c] verdict=BENIGN MAE=0.470831 threshold=0.500000 latency=131.179ms
2026-09-30 15:40:54 | INFO     | HIDS_API | POST /detection/predict status=200 134.51ms
2026-09-30 15:40:54 | INFO     | uvicorn.access | 127.0.0.1:48896 - "POST /detection/predict HTTP/1.1" 200
2026-09-30 15:40:54 | INFO     | HIDS_Detection | [25ae3a56-4d30-472a-86dc-4c95b337ebb5] verdict=BENIGN MAE=0.477230 threshold=0.500000 latency=159.284ms
2026-09-30 15:40:54 | INFO     | HIDS_API | POST /detection/predict status=200 162.17ms
2026-09-30 15:40:54 | INFO     | uvicorn.access | 127.0.0.1:48906 - "POST /detection/predict HTTP/1.1" 200
2026-09-30 15:40:54 | INFO     | HIDS_Detection | [89647471-9e50-4859-b37f-66a4d735f198] verdict=BENIGN MAE=0.492265 threshold=0.500000 latency=166.831ms
2026-09-30 15:40:54 | INFO     | HIDS_API | POST /detection/predict status=200 171.89ms
2026-09-30 15:40:54 | INFO     | uvicorn.access | 127.0.0.1:48920 - "POST /detection/predict HTTP/1.1" 200
2026-09-30 15:40:54 | INFO     | HIDS_Detection | [baf53cc4-ebf2-44e7-b24f-1456abf498b0] verdict=BENIGN MAE=0.438372 threshold=0.500000 latency=136.481ms
2026-09-30 15:40:54 | INFO     | HIDS_API | POST /detection/predict status=200 139.14ms
2026-09-30 15:40:54 | INFO     | uvicorn.access | 127.0.0.1:48932 - "POST /detection/predict HTTP/1.1" 200
2026-09-30 15:40:55 | INFO     | HIDS_Detection | [5e6033c1-60b6-4682-b663-d392cdef29b5] verdict=BENIGN MAE=0.439118 threshold=0.500000 latency=168.021ms
2026-09-30 15:40:55 | INFO     | HIDS_API | POST /detection/predict status=200 170.50ms
2026-09-30 15:40:55 | INFO     | uvicorn.access | 127.0.0.1:48940 - "POST /detection/predict HTTP/1.1" 200
2026-09-30 15:40:55 | INFO     | HIDS_Detection | [a915103c-d3db-4c6c-88da-57e65deb3c98] verdict=BENIGN MAE=0.441906 threshold=0.500000 latency=163.91ms
2026-09-30 15:40:55 | INFO     | HIDS_API | POST /detection/predict status=200 166.55ms
2026-09-30 15:40:55 | INFO     | uvicorn.access | 127.0.0.1:48944 - "POST /detection/predict HTTP/1.1" 200
2026-09-30 15:40:55 | INFO     | HIDS_Detection | [c6555f85-e538-4cbf-ba27-07be274caede] verdict=BENIGN MAE=0.399206 threshold=0.500000 latency=201.188ms
2026-09-30 15:40:55 | INFO     | HIDS_API | POST /detection/predict status=200 206.37ms
2026-09-30 15:40:55 | INFO     | uvicorn.access | 127.0.0.1:48954 - "POST /detection/predict HTTP/1.1" 200
2026-09-30 15:40:55 | INFO     | HIDS_Detection | [a24d515e-2258-49cb-b1c2-11cf02be3598] verdict=BENIGN MAE=0.416190 threshold=0.500000 latency=145.129ms
2026-09-30 15:40:55 | INFO     | HIDS_API | POST /detection/predict status=200 150.73ms
2026-09-30 15:40:55 | INFO     | uvicorn.access | 127.0.0.1:48958 - "POST /detection/predict HTTP/1.1" 200
2026-09-30 15:40:56 | INFO     | HIDS_Detection | [0e916902-efee-428c-8ded-eed4687026ed] verdict=BENIGN MAE=0.459270 threshold=0.500000 latency=143.298ms
2026-09-30 15:40:56 | INFO     | HIDS_API | POST /detection/predict status=200 161.33ms
2026-09-30 15:40:56 | INFO     | uvicorn.access | 127.0.0.1:48972 - "POST /detection/predict HTTP/1.1" 200
2026-09-30 15:40:56 | INFO     | HIDS_Detection | [b83d7b5b-8319-45dd-a6be-de831fe59c4c] verdict=BENIGN MAE=0.425731 threshold=0.500000 latency=146.748ms
2026-09-30 15:40:56 | INFO     | HIDS_API | POST /detection/predict status=200 151.87ms
2026-09-30 15:40:56 | INFO     | uvicorn.access | 127.0.0.1:48978 - "POST /detection/predict HTTP/1.1" 200
2026-09-30 15:40:56 | INFO     | HIDS_Detection | [51b6611e-a0fb-4a94-81ff-8a103d520ee9] verdict=BENIGN MAE=0.428082 threshold=0.500000 latency=140.786ms
2026-09-30 15:40:56 | INFO     | HIDS_API | POST /detection/predict status=200 144.16ms
2026-09-30 15:40:56 | INFO     | uvicorn.access | 127.0.0.1:48982 - "POST /detection/predict HTTP/1.1" 200
2026-09-30 15:40:56 | INFO     | HIDS_Detection | [c643b3e4-980c-4f6b-8409-ead246ec064f] verdict=BENIGN MAE=0.459275 threshold=0.500000 latency=158.547ms
2026-09-30 15:40:56 | INFO     | HIDS_API | POST /detection/predict status=200 162.58ms
2026-09-30 15:40:56 | INFO     | uvicorn.access | 127.0.0.1:48992 - "POST /detection/predict HTTP/1.1" 200
2026-09-30 15:40:56 | INFO     | HIDS_Detection | [4b6c8c72-ed9e-4276-9ce8-ce399616c140] verdict=BENIGN MAE=0.421355 threshold=0.500000 latency=138.047ms
2026-09-30 15:40:56 | INFO     | HIDS_API | POST /detection/predict status=200 141.07ms
2026-09-30 15:40:56 | INFO     | uvicorn.access | 127.0.0.1:49006 - "POST /detection/predict HTTP/1.1" 200
2026-09-30 15:40:56 | INFO     | HIDS_Detection | [1361da51-663f-4731-9a54-43b79b10bace] verdict=BENIGN MAE=0.430230 threshold=0.500000 latency=172.29ms
2026-09-30 15:40:56 | INFO     | HIDS_API | POST /detection/predict status=200 189.54ms
2026-09-30 15:40:56 | INFO     | uvicorn.access | 127.0.0.1:49014 - "POST /detection/predict HTTP/1.1" 200
2026-09-30 15:40:57 | INFO     | HIDS_Detection | [f1ca5bff-788d-4d5a-8551-c1f9cfb65dd6] verdict=BENIGN MAE=0.459271 threshold=0.500000 latency=175.978ms
2026-09-30 15:40:57 | INFO     | HIDS_API | POST /detection/predict status=200 179.86ms
2026-09-30 15:40:57 | INFO     | uvicorn.access | 127.0.0.1:49026 - "POST /detection/predict HTTP/1.1" 200
2026-09-30 15:40:57 | INFO     | HIDS_Detection | [c8f15de0-8ac7-4327-aeb1-36c125c49d93] verdict=BENIGN MAE=0.417519 threshold=0.500000 latency=160.253ms
2026-09-30 15:40:57 | INFO     | HIDS_API | POST /detection/predict status=200 163.38ms
2026-09-30 15:40:57 | INFO     | uvicorn.access | 127.0.0.1:49036 - "POST /detection/predict HTTP/1.1" 200
2026-09-30 15:40:57 | INFO     | HIDS_Detection | [1dcaa476-7f81-4b8c-84eb-d2298993428f] verdict=BENIGN MAE=0.423327 threshold=0.500000 latency=156.822ms
2026-09-30 15:40:57 | INFO     | HIDS_API | POST /detection/predict status=200 159.53ms
2026-09-30 15:40:57 | INFO     | uvicorn.access | 127.0.0.1:49040 - "POST /detection/predict HTTP/1.1" 200
2026-09-30 15:40:57 | INFO     | HIDS_Detection | [d0b71fab-cd1f-4e2b-8462-ffcf87a0b920] verdict=BENIGN MAE=0.419334 threshold=0.500000 latency=169.445ms
2026-09-30 15:40:57 | INFO     | HIDS_API | POST /detection/predict status=200 174.60ms
2026-09-30 15:40:57 | INFO     | uvicorn.access | 127.0.0.1:49042 - "POST /detection/predict HTTP/1.1" 200
2026-09-30 15:40:57 | INFO     | HIDS_Detection | [d4b83924-c270-4da1-87be-8b23558c8e7f] verdict=BENIGN MAE=0.423562 threshold=0.500000 latency=165.579ms
2026-09-30 15:40:57 | INFO     | HIDS_API | POST /detection/predict status=200 168.95ms
2026-09-30 15:40:57 | INFO     | uvicorn.access | 127.0.0.1:49046 - "POST /detection/predict HTTP/1.1" 200
2026-09-30 15:40:58 | INFO     | HIDS_Detection | [6c7b5274-d963-4578-9268-2efb911522a7] verdict=MALICIOUS MAE=0.511418 threshold=0.500000 latency=155.014ms
2026-09-30 15:40:58 | INFO     | HIDS_API | POST /detection/predict status=200 157.74ms
2026-09-30 15:40:58 | INFO     | uvicorn.access | 127.0.0.1:49056 - "POST /detection/predict HTTP/1.1" 200
2026-09-30 15:40:58 | INFO     | HIDS_Detection | [b4ea70f6-4da9-4154-99b0-94ca69f03f74] verdict=BENIGN MAE=0.424460 threshold=0.500000 latency=144.819ms
2026-09-30 15:40:58 | INFO     | HIDS_API | POST /detection/predict status=200 147.72ms
2026-09-30 15:40:58 | INFO     | uvicorn.access | 127.0.0.1:49070 - "POST /detection/predict HTTP/1.1" 200
2026-09-30 15:40:58 | INFO     | HIDS_Detection | [bffcb39c-fee1-417b-8fcf-7e4d09dd3f4b] verdict=BENIGN MAE=0.420485 threshold=0.500000 latency=158.145ms
2026-09-30 15:40:58 | INFO     | HIDS_API | POST /detection/predict status=200 164.14ms
2026-09-30 15:40:58 | INFO     | uvicorn.access | 127.0.0.1:49080 - "POST /detection/predict HTTP/1.1" 200
2026-09-30 15:40:58 | INFO     | HIDS_Detection | [89e18caf-0022-48c8-b544-393a07196f02] verdict=BENIGN MAE=0.459261 threshold=0.500000 latency=148.564ms
2026-09-30 15:40:58 | INFO     | HIDS_API | POST /detection/predict status=200 151.69ms
2026-09-30 15:40:58 | INFO     | uvicorn.access | 127.0.0.1:49086 - "POST /detection/predict HTTP/1.1" 200
2026-09-30 15:40:58 | INFO     | HIDS_Detection | [133ef4a4-ac8b-49c1-ada6-db5364da876a] verdict=BENIGN MAE=0.427566 threshold=0.500000 latency=248.116ms
2026-09-30 15:40:58 | INFO     | HIDS_API | POST /detection/predict status=200 250.85ms
2026-09-30 15:40:58 | INFO     | uvicorn.access | 127.0.0.1:49094 - "POST /detection/predict HTTP/1.1" 200
2026-09-30 15:40:59 | INFO     | HIDS_Detection | [39b4ad66-2e75-4f9e-a2d0-0076ba91bcb6] verdict=BENIGN MAE=0.459252 threshold=0.500000 latency=162.486ms
2026-09-30 15:40:59 | INFO     | HIDS_API | POST /detection/predict status=200 173.34ms
2026-09-30 15:40:59 | INFO     | uvicorn.access | 127.0.0.1:49106 - "POST /detection/predict HTTP/1.1" 200
2026-09-30 15:40:59 | INFO     | HIDS_Detection | [ac18b4d1-5153-4b9d-9f3c-15db4166e108] verdict=MALICIOUS MAE=0.518860 threshold=0.500000 latency=150.685ms
2026-09-30 15:40:59 | INFO     | HIDS_API | POST /detection/predict status=200 154.25ms
2026-09-30 15:40:59 | INFO     | uvicorn.access | 127.0.0.1:49118 - "POST /detection/predict HTTP/1.1" 200
2026-09-30 15:40:59 | INFO     | HIDS_Detection | [8eae151d-98cc-4f72-a36b-e660395c2335] verdict=BENIGN MAE=0.492199 threshold=0.500000 latency=184.694ms
2026-09-30 15:40:59 | INFO     | HIDS_API | POST /detection/predict status=200 187.28ms
2026-09-30 15:40:59 | INFO     | uvicorn.access | 127.0.0.1:49132 - "POST /detection/predict HTTP/1.1" 200
2026-09-30 15:40:59 | INFO     | HIDS_Detection | [5c710eae-e756-44de-a076-c8e43d14ea60] verdict=BENIGN MAE=0.470840 threshold=0.500000 latency=143.375ms
2026-09-30 15:40:59 | INFO     | HIDS_API | POST /detection/predict status=200 148.60ms
2026-09-30 15:40:59 | INFO     | uvicorn.access | 127.0.0.1:49134 - "POST /detection/predict HTTP/1.1" 200
2026-09-30 15:40:59 | INFO     | HIDS_Detection | [e009fed5-c207-4ef0-b532-39f16078d357] verdict=BENIGN MAE=0.446597 threshold=0.500000 latency=132.046ms
2026-09-30 15:40:59 | INFO     | HIDS_API | POST /detection/predict status=200 134.75ms
2026-09-30 15:40:59 | INFO     | uvicorn.access | 127.0.0.1:49146 - "POST /detection/predict HTTP/1.1" 200
2026-09-30 15:41:00 | INFO     | HIDS_Detection | [c356d40b-8216-46ee-8d32-6d3d3d4a1ba4] verdict=BENIGN MAE=0.438968 threshold=0.500000 latency=207.724ms
2026-09-30 15:41:00 | INFO     | HIDS_API | POST /detection/predict status=200 210.32ms
2026-09-30 15:41:00 | INFO     | uvicorn.access | 127.0.0.1:49154 - "POST /detection/predict HTTP/1.1" 200
2026-09-30 15:41:00 | INFO     | HIDS_Detection | [ab21f2a7-9d2f-46aa-83cc-bd88ed093113] verdict=MALICIOUS MAE=0.517300 threshold=0.500000 latency=174.413ms
2026-09-30 15:41:00 | INFO     | HIDS_API | POST /detection/predict status=200 178.11ms
2026-09-30 15:41:00 | INFO     | uvicorn.access | 127.0.0.1:49156 - "POST /detection/predict HTTP/1.1" 200
2026-09-30 15:41:07 | INFO     | uvicorn.access | 127.0.0.1:60114 - "GET /ready HTTP/1.1" 200
2026-09-30 15:41:37 | INFO     | uvicorn.access | 127.0.0.1:40140 - "GET /ready HTTP/1.1" 200
2026-09-30 15:42:07 | INFO     | uvicorn.access | 127.0.0.1:53196 - "GET /ready HTTP/1.1" 200
2026-09-30 15:42:37 | INFO     | uvicorn.access | 127.0.0.1:35564 - "GET /ready HTTP/1.1" 200
2026-09-30 15:43:07 | INFO     | uvicorn.access | 127.0.0.1:50040 - "GET /ready HTTP/1.1" 200
2026-09-30 15:43:37 | INFO     | uvicorn.access | 127.0.0.1:52756 - "GET /ready HTTP/1.1" 200
2026-09-30 15:44:07 | INFO     | uvicorn.access | 127.0.0.1:54086 - "GET /ready HTTP/1.1" 200
2026-09-30 15:44:38 | INFO     | uvicorn.access | 127.0.0.1:51182 - "GET /ready HTTP/1.1" 200
2026-09-30 15:45:08 | INFO     | uvicorn.access | 127.0.0.1:44218 - "GET /ready HTTP/1.1" 200
2026-09-30 15:45:38 | INFO     | uvicorn.access | 127.0.0.1:38950 - "GET /ready HTTP/1.1" 200
2026-09-30 15:46:08 | INFO     | uvicorn.access | 127.0.0.1:50796 - "GET /ready HTTP/1.1" 200
2026-09-30 15:46:38 | INFO     | uvicorn.access | 127.0.0.1:51552 - "GET /ready HTTP/1.1" 200
2026-09-30 15:47:08 | INFO     | uvicorn.access | 127.0.0.1:50952 - "GET /ready HTTP/1.1" 200
2026-09-30 15:47:38 | INFO     | uvicorn.access | 127.0.0.1:40548 - "GET /ready HTTP/1.1" 200
2026-09-30 15:48:08 | INFO     | uvicorn.access | 127.0.0.1:35368 - "GET /ready HTTP/1.1" 200
2026-09-30 15:48:38 | INFO     | uvicorn.access | 127.0.0.1:39236 - "GET /ready HTTP/1.1" 200
2026-09-30 15:48:51 | INFO     | HIDS_Detection | [3ff24530-6326-44d3-9fd1-884be60032fe] verdict=BENIGN MAE=0.459157 threshold=0.500000 latency=124.934ms
2026-09-30 15:48:51 | INFO     | HIDS_API | POST /detection/predict status=200 128.06ms
2026-09-30 15:48:51 | INFO     | uvicorn.access | 127.0.0.1:41216 - "POST /detection/predict HTTP/1.1" 200
2026-09-30 15:48:51 | INFO     | HIDS_Detection | [7505e3dd-f7f2-42e9-a254-38ca68824ada] verdict=BENIGN MAE=0.459286 threshold=0.500000 latency=121.429ms
2026-09-30 15:48:51 | INFO     | HIDS_API | POST /detection/predict status=200 124.66ms
2026-09-30 15:48:51 | INFO     | uvicorn.access | 127.0.0.1:41228 - "POST /detection/predict HTTP/1.1" 200
2026-09-30 15:48:51 | INFO     | HIDS_Detection | [43c5d036-74e8-424e-bcbe-c5316760ada2] verdict=BENIGN MAE=0.424469 threshold=0.500000 latency=112.587ms
2026-09-30 15:48:51 | INFO     | HIDS_API | POST /detection/predict status=200 116.74ms
2026-09-30 15:48:51 | INFO     | uvicorn.access | 127.0.0.1:41240 - "POST /detection/predict HTTP/1.1" 200
2026-09-30 15:48:51 | INFO     | HIDS_Detection | [147f213f-022a-48a0-86f8-e9620148cd46] verdict=BENIGN MAE=0.459292 threshold=0.500000 latency=101.921ms
2026-09-30 15:48:51 | INFO     | HIDS_API | POST /detection/predict status=200 104.53ms
2026-09-30 15:48:51 | INFO     | uvicorn.access | 127.0.0.1:41248 - "POST /detection/predict HTTP/1.1" 200
2026-09-30 15:48:51 | INFO     | HIDS_Detection | [3e96ae2c-369a-417b-9977-d2a08b7cab5a] verdict=BENIGN MAE=0.459295 threshold=0.500000 latency=96.74ms
2026-09-30 15:48:51 | INFO     | HIDS_API | POST /detection/predict status=200 99.53ms
2026-09-30 15:48:51 | INFO     | uvicorn.access | 127.0.0.1:41260 - "POST /detection/predict HTTP/1.1" 200
2026-09-30 15:48:51 | INFO     | HIDS_Detection | [84e6be11-24cf-433e-acaf-fe80964fb566] verdict=BENIGN MAE=0.436241 threshold=0.500000 latency=116.755ms
2026-09-30 15:48:51 | INFO     | HIDS_API | POST /detection/predict status=200 118.83ms
2026-09-30 15:48:51 | INFO     | uvicorn.access | 127.0.0.1:37980 - "POST /detection/predict HTTP/1.1" 200
2026-09-30 15:48:51 | INFO     | HIDS_Detection | [a3d0b437-428f-46bc-b0a6-844a895f1621] verdict=BENIGN MAE=0.446115 threshold=0.500000 latency=117.446ms
2026-09-30 15:48:51 | INFO     | HIDS_API | POST /detection/predict status=200 120.14ms
2026-09-30 15:48:51 | INFO     | uvicorn.access | 127.0.0.1:37992 - "POST /detection/predict HTTP/1.1" 200
2026-09-30 15:48:52 | INFO     | HIDS_Detection | [7687c0a4-a531-43fa-82d9-a13318b2a837] verdict=BENIGN MAE=0.459300 threshold=0.500000 latency=128.467ms
2026-09-30 15:48:52 | INFO     | HIDS_API | POST /detection/predict status=200 131.11ms
2026-09-30 15:48:52 | INFO     | uvicorn.access | 127.0.0.1:37998 - "POST /detection/predict HTTP/1.1" 200
2026-09-30 15:48:52 | INFO     | HIDS_Detection | [f86798dd-5011-44fb-80bc-eed48de81ece] verdict=BENIGN MAE=0.427845 threshold=0.500000 latency=92.269ms
2026-09-30 15:48:52 | INFO     | HIDS_API | POST /detection/predict status=200 94.98ms
2026-09-30 15:48:52 | INFO     | uvicorn.access | 127.0.0.1:38012 - "POST /detection/predict HTTP/1.1" 200
2026-09-30 15:48:52 | INFO     | HIDS_Detection | [32ebf0c1-dd10-4a04-ae21-7dff369dfce8] verdict=BENIGN MAE=0.459279 threshold=0.500000 latency=140.447ms
2026-09-30 15:48:52 | INFO     | HIDS_API | POST /detection/predict status=200 146.72ms
2026-09-30 15:48:52 | INFO     | uvicorn.access | 127.0.0.1:38014 - "POST /detection/predict HTTP/1.1" 200
2026-09-30 15:48:52 | INFO     | HIDS_Detection | [e03a2a2a-328b-4d44-ad6d-4db0c4379125] verdict=BENIGN MAE=0.459271 threshold=0.500000 latency=111.503ms
2026-09-30 15:48:52 | INFO     | HIDS_API | POST /detection/predict status=200 114.61ms
2026-09-30 15:48:52 | INFO     | uvicorn.access | 127.0.0.1:38024 - "POST /detection/predict HTTP/1.1" 200
2026-09-30 15:48:52 | INFO     | HIDS_Detection | [84493989-74c8-443c-b835-f820901e492a] verdict=BENIGN MAE=0.424709 threshold=0.500000 latency=132.184ms
2026-09-30 15:48:52 | INFO     | HIDS_API | POST /detection/predict status=200 135.20ms
2026-09-30 15:48:52 | INFO     | uvicorn.access | 127.0.0.1:38032 - "POST /detection/predict HTTP/1.1" 200
2026-09-30 15:48:52 | INFO     | HIDS_Detection | [5b640fad-9190-4fd6-bb5e-f21439f12950] verdict=BENIGN MAE=0.459277 threshold=0.500000 latency=103.974ms
2026-09-30 15:48:52 | INFO     | HIDS_API | POST /detection/predict status=200 107.50ms
2026-09-30 15:48:52 | INFO     | uvicorn.access | 127.0.0.1:38038 - "POST /detection/predict HTTP/1.1" 200
2026-09-30 15:48:53 | INFO     | HIDS_Detection | [2be39b05-6eb0-46fc-9dbe-d14e54657adf] verdict=BENIGN MAE=0.459275 threshold=0.500000 latency=127.939ms
2026-09-30 15:48:53 | INFO     | HIDS_API | POST /detection/predict status=200 130.02ms
2026-09-30 15:48:53 | INFO     | uvicorn.access | 127.0.0.1:38040 - "POST /detection/predict HTTP/1.1" 200
2026-09-30 15:48:53 | INFO     | HIDS_Detection | [01163160-23c7-49e6-b4bb-7e05606e7e0f] verdict=BENIGN MAE=0.431416 threshold=0.500000 latency=97.785ms
2026-09-30 15:48:53 | INFO     | HIDS_API | POST /detection/predict status=200 99.97ms
2026-09-30 15:48:53 | INFO     | uvicorn.access | 127.0.0.1:38042 - "POST /detection/predict HTTP/1.1" 200
2026-09-30 15:48:53 | INFO     | HIDS_Detection | [e77e74df-ec7b-4b01-a1e9-1d24ee224da6] verdict=BENIGN MAE=0.459282 threshold=0.500000 latency=92.039ms
2026-09-30 15:48:53 | INFO     | HIDS_API | POST /detection/predict status=200 93.98ms
2026-09-30 15:48:53 | INFO     | uvicorn.access | 127.0.0.1:38058 - "POST /detection/predict HTTP/1.1" 200
2026-09-30 15:48:53 | INFO     | HIDS_Detection | [93114a52-c168-4e52-b091-55b3eaafdbf4] verdict=BENIGN MAE=0.472962 threshold=0.500000 latency=94.588ms
2026-09-30 15:48:53 | INFO     | HIDS_API | POST /detection/predict status=200 97.22ms
2026-09-30 15:48:53 | INFO     | uvicorn.access | 127.0.0.1:38064 - "POST /detection/predict HTTP/1.1" 200
2026-09-30 15:48:54 | INFO     | HIDS_Detection | [61992e99-160f-44d3-bc2b-4d1ac187ae9d] verdict=BENIGN MAE=0.459254 threshold=0.500000 latency=111.791ms
2026-09-30 15:48:54 | INFO     | HIDS_API | POST /detection/predict status=200 114.36ms
2026-09-30 15:48:54 | INFO     | uvicorn.access | 127.0.0.1:38076 - "POST /detection/predict HTTP/1.1" 200
2026-09-30 15:48:54 | INFO     | HIDS_Detection | [6a9191b4-c0e9-4837-a0c4-7eddaaab77c8] verdict=BENIGN MAE=0.446118 threshold=0.500000 latency=199.821ms
2026-09-30 15:48:54 | INFO     | HIDS_API | POST /detection/predict status=200 203.78ms
2026-09-30 15:48:54 | INFO     | uvicorn.access | 127.0.0.1:38082 - "POST /detection/predict HTTP/1.1" 200
2026-09-30 15:48:55 | INFO     | HIDS_Detection | [1196685f-aa94-4393-ad20-8cdfff18c8c3] verdict=BENIGN MAE=0.459281 threshold=0.500000 latency=133.443ms
2026-09-30 15:48:55 | INFO     | HIDS_API | POST /detection/predict status=200 136.24ms
2026-09-30 15:48:55 | INFO     | uvicorn.access | 127.0.0.1:38090 - "POST /detection/predict HTTP/1.1" 200
2026-09-30 15:48:55 | INFO     | HIDS_Detection | [43ab7eb3-663b-499a-a758-d1315e860b59] verdict=BENIGN MAE=0.458884 threshold=0.500000 latency=99.543ms
2026-09-30 15:48:55 | INFO     | HIDS_API | POST /detection/predict status=200 102.36ms
2026-09-30 15:48:55 | INFO     | uvicorn.access | 127.0.0.1:38106 - "POST /detection/predict HTTP/1.1" 200
2026-09-30 15:48:55 | INFO     | HIDS_Detection | [81a541a3-ed86-44e7-b2bf-e0ac957a6d13] verdict=BENIGN MAE=0.433184 threshold=0.500000 latency=114.035ms
2026-09-30 15:48:55 | INFO     | HIDS_API | POST /detection/predict status=200 122.54ms
2026-09-30 15:48:55 | INFO     | uvicorn.access | 127.0.0.1:38116 - "POST /detection/predict HTTP/1.1" 200
2026-09-30 15:48:55 | INFO     | HIDS_Detection | [ac2aa4d8-6868-4c18-b601-165068dba039] verdict=BENIGN MAE=0.459297 threshold=0.500000 latency=104.406ms
2026-09-30 15:48:55 | INFO     | HIDS_API | POST /detection/predict status=200 107.10ms
2026-09-30 15:48:55 | INFO     | uvicorn.access | 127.0.0.1:38126 - "POST /detection/predict HTTP/1.1" 200
2026-09-30 15:48:55 | INFO     | HIDS_Detection | [950c4cc0-c8f2-4421-9a93-a105daafc513] verdict=BENIGN MAE=0.459295 threshold=0.500000 latency=105.763ms
2026-09-30 15:48:55 | INFO     | HIDS_API | POST /detection/predict status=200 109.01ms
2026-09-30 15:48:55 | INFO     | uvicorn.access | 127.0.0.1:38128 - "POST /detection/predict HTTP/1.1" 200
2026-09-30 15:48:55 | INFO     | HIDS_Detection | [40bff328-57b4-4e44-b84b-efa928426f40] verdict=BENIGN MAE=0.459302 threshold=0.500000 latency=128.061ms
2026-09-30 15:48:55 | INFO     | HIDS_API | POST /detection/predict status=200 132.09ms
2026-09-30 15:48:55 | INFO     | uvicorn.access | 127.0.0.1:38134 - "POST /detection/predict HTTP/1.1" 200
2026-09-30 15:48:55 | INFO     | HIDS_Detection | [9e68d634-47aa-456c-9791-ada985d7cf60] verdict=BENIGN MAE=0.436667 threshold=0.500000 latency=125.41ms
2026-09-30 15:48:55 | INFO     | HIDS_API | POST /detection/predict status=200 128.19ms
2026-09-30 15:48:55 | INFO     | uvicorn.access | 127.0.0.1:38146 - "POST /detection/predict HTTP/1.1" 200
2026-09-30 15:48:56 | INFO     | HIDS_Detection | [fd6beced-26ff-4886-8d7a-8b395bb42245] verdict=BENIGN MAE=0.431581 threshold=0.500000 latency=152.884ms
2026-09-30 15:48:56 | INFO     | HIDS_API | POST /detection/predict status=200 155.64ms
2026-09-30 15:48:56 | INFO     | uvicorn.access | 127.0.0.1:38154 - "POST /detection/predict HTTP/1.1" 200
2026-09-30 15:48:56 | INFO     | HIDS_Detection | [835d4934-9f1f-4485-a0d9-21ebfbe94e2b] verdict=BENIGN MAE=0.446117 threshold=0.500000 latency=139.354ms
2026-09-30 15:48:56 | INFO     | HIDS_API | POST /detection/predict status=200 144.77ms
2026-09-30 15:48:56 | INFO     | uvicorn.access | 127.0.0.1:38162 - "POST /detection/predict HTTP/1.1" 200
2026-09-30 15:48:56 | INFO     | HIDS_Detection | [3ff14658-ffbc-4cde-8697-8aae255f356c] verdict=BENIGN MAE=0.446130 threshold=0.500000 latency=106.986ms
2026-09-30 15:48:56 | INFO     | HIDS_API | POST /detection/predict status=200 109.02ms
2026-09-30 15:48:56 | INFO     | uvicorn.access | 127.0.0.1:38178 - "POST /detection/predict HTTP/1.1" 200
2026-09-30 15:48:56 | INFO     | HIDS_Detection | [fd64a98a-10e7-4ff6-b61d-dedcd7168999] verdict=BENIGN MAE=0.446129 threshold=0.500000 latency=100.72ms
2026-09-30 15:48:56 | INFO     | HIDS_API | POST /detection/predict status=200 103.31ms
2026-09-30 15:48:56 | INFO     | uvicorn.access | 127.0.0.1:38194 - "POST /detection/predict HTTP/1.1" 200
2026-09-30 15:48:56 | INFO     | HIDS_Detection | [08103fda-9281-40e0-8eb4-7276f5fcc191] verdict=BENIGN MAE=0.413418 threshold=0.500000 latency=123.702ms
2026-09-30 15:48:56 | INFO     | HIDS_API | POST /detection/predict status=200 127.19ms
2026-09-30 15:48:56 | INFO     | uvicorn.access | 127.0.0.1:38196 - "POST /detection/predict HTTP/1.1" 200
2026-09-30 15:48:56 | INFO     | HIDS_Detection | [5f6c3f5c-dcb8-4444-a26b-e254b0a9c9eb] verdict=BENIGN MAE=0.431136 threshold=0.500000 latency=119.677ms
2026-09-30 15:48:56 | INFO     | HIDS_API | POST /detection/predict status=200 125.97ms
2026-09-30 15:48:56 | INFO     | uvicorn.access | 127.0.0.1:38210 - "POST /detection/predict HTTP/1.1" 200
2026-09-30 15:48:56 | INFO     | HIDS_Detection | [cc459ddd-2c12-43f2-bae2-5f85de67dc41] verdict=BENIGN MAE=0.459291 threshold=0.500000 latency=126.704ms
2026-09-30 15:48:56 | INFO     | HIDS_API | POST /detection/predict status=200 132.57ms
2026-09-30 15:48:56 | INFO     | uvicorn.access | 127.0.0.1:38216 - "POST /detection/predict HTTP/1.1" 200
2026-09-30 15:48:57 | INFO     | HIDS_Detection | [8e60db8b-7d5d-4ed7-973b-1c1e6994b96c] verdict=BENIGN MAE=0.446125 threshold=0.500000 latency=132.351ms
2026-09-30 15:48:57 | INFO     | HIDS_API | POST /detection/predict status=200 136.38ms
2026-09-30 15:48:57 | INFO     | uvicorn.access | 127.0.0.1:38220 - "POST /detection/predict HTTP/1.1" 200
2026-09-30 15:48:57 | INFO     | HIDS_Detection | [a3a14b4e-c723-4181-825d-dc197f70882a] verdict=BENIGN MAE=0.426080 threshold=0.500000 latency=115.635ms
2026-09-30 15:48:57 | INFO     | HIDS_API | POST /detection/predict status=200 118.23ms
2026-09-30 15:48:57 | INFO     | uvicorn.access | 127.0.0.1:38232 - "POST /detection/predict HTTP/1.1" 200
2026-09-30 15:48:57 | INFO     | HIDS_Detection | [6f7377ab-dd89-4dd5-b2ca-eb9cc45505f6] verdict=BENIGN MAE=0.459306 threshold=0.500000 latency=105.423ms
2026-09-30 15:48:57 | INFO     | HIDS_API | POST /detection/predict status=200 112.91ms
2026-09-30 15:48:57 | INFO     | uvicorn.access | 127.0.0.1:38234 - "POST /detection/predict HTTP/1.1" 200
2026-09-30 15:48:57 | INFO     | HIDS_Detection | [99ecc24e-2183-45e3-88fa-4431fc053d2e] verdict=BENIGN MAE=0.459300 threshold=0.500000 latency=126.078ms
2026-09-30 15:48:57 | INFO     | HIDS_API | POST /detection/predict status=200 139.13ms
2026-09-30 15:48:57 | INFO     | uvicorn.access | 127.0.0.1:38248 - "POST /detection/predict HTTP/1.1" 200
2026-09-30 15:48:57 | INFO     | HIDS_Detection | [52af9202-8d12-4d6b-a0eb-08e9627a154d] verdict=BENIGN MAE=0.430256 threshold=0.500000 latency=115.622ms
2026-09-30 15:48:57 | INFO     | HIDS_API | POST /detection/predict status=200 118.85ms
2026-09-30 15:48:57 | INFO     | uvicorn.access | 127.0.0.1:38262 - "POST /detection/predict HTTP/1.1" 200
2026-09-30 15:48:57 | INFO     | HIDS_Detection | [da130bc7-e21e-4b8e-9b6b-42fbf6985588] verdict=BENIGN MAE=0.434147 threshold=0.500000 latency=106.953ms
2026-09-30 15:48:57 | INFO     | HIDS_API | POST /detection/predict status=200 108.96ms
2026-09-30 15:48:57 | INFO     | uvicorn.access | 127.0.0.1:38274 - "POST /detection/predict HTTP/1.1" 200
2026-09-30 15:48:57 | INFO     | HIDS_Detection | [9b83ae12-a508-44ff-8022-f76071524b21] verdict=BENIGN MAE=0.459301 threshold=0.500000 latency=118.83ms
2026-09-30 15:48:57 | INFO     | HIDS_API | POST /detection/predict status=200 131.41ms
2026-09-30 15:48:57 | INFO     | uvicorn.access | 127.0.0.1:38286 - "POST /detection/predict HTTP/1.1" 200
2026-09-30 15:48:57 | INFO     | HIDS_Detection | [af9a81c2-edd0-41f2-98ed-81ec9e6eddf3] verdict=BENIGN MAE=0.429873 threshold=0.500000 latency=116.293ms
2026-09-30 15:48:57 | INFO     | HIDS_API | POST /detection/predict status=200 119.30ms
2026-09-30 15:48:57 | INFO     | uvicorn.access | 127.0.0.1:38296 - "POST /detection/predict HTTP/1.1" 200
2026-09-30 15:48:58 | INFO     | HIDS_Detection | [6eb09e2a-8e99-4943-9965-f11999595403] verdict=BENIGN MAE=0.436013 threshold=0.500000 latency=120.375ms
2026-09-30 15:48:58 | INFO     | HIDS_API | POST /detection/predict status=200 123.12ms
2026-09-30 15:48:58 | INFO     | uvicorn.access | 127.0.0.1:38308 - "POST /detection/predict HTTP/1.1" 200
2026-09-30 15:48:58 | INFO     | HIDS_Detection | [c906c05a-9bec-4b9b-8772-e07b8e3f7d38] verdict=BENIGN MAE=0.446113 threshold=0.500000 latency=181.015ms
2026-09-30 15:48:58 | INFO     | HIDS_API | POST /detection/predict status=200 186.39ms
2026-09-30 15:48:58 | INFO     | uvicorn.access | 127.0.0.1:38322 - "POST /detection/predict HTTP/1.1" 200
2026-09-30 15:48:58 | INFO     | HIDS_Detection | [a7da84af-1a0a-4a49-825a-ad135c806773] verdict=BENIGN MAE=0.420376 threshold=0.500000 latency=114.518ms
2026-09-30 15:48:58 | INFO     | HIDS_API | POST /detection/predict status=200 119.08ms
2026-09-30 15:48:58 | INFO     | uvicorn.access | 127.0.0.1:38334 - "POST /detection/predict HTTP/1.1" 200
2026-09-30 15:48:58 | INFO     | HIDS_Detection | [69b95e14-63ea-4b0b-9b9a-3e63d1b2903d] verdict=BENIGN MAE=0.430725 threshold=0.500000 latency=109.74ms
2026-09-30 15:48:58 | INFO     | HIDS_API | POST /detection/predict status=200 111.64ms
2026-09-30 15:48:58 | INFO     | uvicorn.access | 127.0.0.1:38342 - "POST /detection/predict HTTP/1.1" 200
2026-09-30 15:48:58 | INFO     | HIDS_Detection | [6a343843-7036-4e6e-b38e-2c4d1e59b038] verdict=BENIGN MAE=0.446110 threshold=0.500000 latency=119.296ms
2026-09-30 15:48:58 | INFO     | HIDS_API | POST /detection/predict status=200 122.24ms
2026-09-30 15:48:58 | INFO     | uvicorn.access | 127.0.0.1:38348 - "POST /detection/predict HTTP/1.1" 200
2026-09-30 15:48:58 | INFO     | HIDS_Detection | [fa2f33a1-9b09-4537-a42c-bc844fa6d4e2] verdict=BENIGN MAE=0.459297 threshold=0.500000 latency=93.664ms
2026-09-30 15:48:58 | INFO     | HIDS_API | POST /detection/predict status=200 96.36ms
2026-09-30 15:48:58 | INFO     | uvicorn.access | 127.0.0.1:38362 - "POST /detection/predict HTTP/1.1" 200
2026-09-30 15:48:59 | INFO     | HIDS_Detection | [a346134e-a5c2-4917-8fa3-48c2dba14673] verdict=BENIGN MAE=0.446130 threshold=0.500000 latency=114.671ms
2026-09-30 15:48:59 | INFO     | HIDS_API | POST /detection/predict status=200 117.41ms
2026-09-30 15:48:59 | INFO     | uvicorn.access | 127.0.0.1:38370 - "POST /detection/predict HTTP/1.1" 200
2026-09-30 15:48:59 | INFO     | HIDS_Detection | [746a1438-8e9f-4e28-a6dc-c3c9d8c166ac] verdict=BENIGN MAE=0.399975 threshold=0.500000 latency=117.653ms
2026-09-30 15:48:59 | INFO     | HIDS_API | POST /detection/predict status=200 120.37ms
2026-09-30 15:48:59 | INFO     | uvicorn.access | 127.0.0.1:38374 - "POST /detection/predict HTTP/1.1" 200
2026-09-30 15:48:59 | INFO     | HIDS_Detection | [24ef5eae-3b41-42eb-bf20-420444349fe2] verdict=BENIGN MAE=0.435280 threshold=0.500000 latency=100.841ms
2026-09-30 15:48:59 | INFO     | HIDS_API | POST /detection/predict status=200 109.30ms
2026-09-30 15:48:59 | INFO     | uvicorn.access | 127.0.0.1:38388 - "POST /detection/predict HTTP/1.1" 200
2026-09-30 15:48:59 | INFO     | HIDS_Detection | [e28186d7-5918-47fc-8026-603289c96d08] verdict=BENIGN MAE=0.446119 threshold=0.500000 latency=132.617ms
2026-09-30 15:48:59 | INFO     | HIDS_API | POST /detection/predict status=200 146.22ms
2026-09-30 15:48:59 | INFO     | uvicorn.access | 127.0.0.1:38398 - "POST /detection/predict HTTP/1.1" 200
2026-09-30 15:48:59 | INFO     | HIDS_Detection | [1b621482-9003-4320-992c-b73c6c6fc7d2] verdict=BENIGN MAE=0.427365 threshold=0.500000 latency=119.207ms
2026-09-30 15:48:59 | INFO     | HIDS_API | POST /detection/predict status=200 121.10ms
2026-09-30 15:48:59 | INFO     | uvicorn.access | 127.0.0.1:38412 - "POST /detection/predict HTTP/1.1" 200
2026-09-30 15:48:59 | INFO     | HIDS_Detection | [0d3d82f3-9535-448b-abf1-5bfca4be6ab5] verdict=BENIGN MAE=0.434038 threshold=0.500000 latency=118.912ms
2026-09-30 15:48:59 | INFO     | HIDS_API | POST /detection/predict status=200 121.72ms
2026-09-30 15:48:59 | INFO     | uvicorn.access | 127.0.0.1:38422 - "POST /detection/predict HTTP/1.1" 200
2026-09-30 15:48:59 | INFO     | HIDS_Detection | [89af40c5-6993-4d60-8531-32b5cafd3b7f] verdict=BENIGN MAE=0.459305 threshold=0.500000 latency=118.653ms
2026-09-30 15:48:59 | INFO     | HIDS_API | POST /detection/predict status=200 121.67ms
2026-09-30 15:48:59 | INFO     | uvicorn.access | 127.0.0.1:38432 - "POST /detection/predict HTTP/1.1" 200
2026-09-30 15:49:00 | INFO     | HIDS_Detection | [c0895d25-758e-4f31-9c84-7993e8120a0a] verdict=BENIGN MAE=0.433037 threshold=0.500000 latency=117.32ms
2026-09-30 15:49:00 | INFO     | HIDS_API | POST /detection/predict status=200 123.35ms
2026-09-30 15:49:00 | INFO     | uvicorn.access | 127.0.0.1:38446 - "POST /detection/predict HTTP/1.1" 200
2026-09-30 15:49:00 | INFO     | HIDS_Detection | [83918ffd-1bd2-4cc5-9de5-938bc7f3f7aa] verdict=BENIGN MAE=0.433450 threshold=0.500000 latency=127.23ms
2026-09-30 15:49:00 | INFO     | HIDS_API | POST /detection/predict status=200 131.34ms
2026-09-30 15:49:00 | INFO     | uvicorn.access | 127.0.0.1:38458 - "POST /detection/predict HTTP/1.1" 200
2026-09-30 15:49:00 | INFO     | HIDS_Detection | [88348d7e-008f-44ce-b7b1-98e02edade11] verdict=BENIGN MAE=0.459299 threshold=0.500000 latency=111.531ms
2026-09-30 15:49:00 | INFO     | HIDS_API | POST /detection/predict status=200 115.41ms
2026-09-30 15:49:00 | INFO     | uvicorn.access | 127.0.0.1:38466 - "POST /detection/predict HTTP/1.1" 200
2026-09-30 15:49:00 | INFO     | HIDS_Detection | [85839b4b-3675-4e16-a4af-d61a90de850a] verdict=BENIGN MAE=0.434731 threshold=0.500000 latency=107.078ms
2026-09-30 15:49:00 | INFO     | HIDS_API | POST /detection/predict status=200 110.17ms
2026-09-30 15:49:00 | INFO     | uvicorn.access | 127.0.0.1:38468 - "POST /detection/predict HTTP/1.1" 200
2026-09-30 15:49:00 | INFO     | HIDS_Detection | [f6a7c730-e5dd-4d7d-b46a-56b6d60490a6] verdict=BENIGN MAE=0.433769 threshold=0.500000 latency=130.186ms
2026-09-30 15:49:00 | INFO     | HIDS_API | POST /detection/predict status=200 136.96ms
2026-09-30 15:49:00 | INFO     | uvicorn.access | 127.0.0.1:38470 - "POST /detection/predict HTTP/1.1" 200
2026-09-30 15:49:00 | INFO     | HIDS_Detection | [3a12483e-852c-441f-962f-8c692044dbaf] verdict=BENIGN MAE=0.459304 threshold=0.500000 latency=136.547ms
2026-09-30 15:49:00 | INFO     | HIDS_API | POST /detection/predict status=200 140.34ms
2026-09-30 15:49:00 | INFO     | uvicorn.access | 127.0.0.1:38484 - "POST /detection/predict HTTP/1.1" 200
2026-09-30 15:49:00 | INFO     | HIDS_Detection | [1d83d86f-de68-49a8-a5a6-764ac6b33f43] verdict=BENIGN MAE=0.459301 threshold=0.500000 latency=150.564ms
2026-09-30 15:49:00 | INFO     | HIDS_API | POST /detection/predict status=200 154.51ms
2026-09-30 15:49:00 | INFO     | uvicorn.access | 127.0.0.1:38486 - "POST /detection/predict HTTP/1.1" 200
2026-09-30 15:49:01 | INFO     | HIDS_Detection | [babe622e-6582-4edb-b88e-098e87f479f0] verdict=BENIGN MAE=0.459292 threshold=0.500000 latency=136.099ms
2026-09-30 15:49:01 | INFO     | HIDS_API | POST /detection/predict status=200 139.27ms
2026-09-30 15:49:01 | INFO     | uvicorn.access | 127.0.0.1:38498 - "POST /detection/predict HTTP/1.1" 200
2026-09-30 15:49:01 | INFO     | HIDS_Detection | [1b8e7720-c26c-4c02-a011-f3916ab4a7f9] verdict=BENIGN MAE=0.459279 threshold=0.500000 latency=159.214ms
2026-09-30 15:49:01 | INFO     | HIDS_API | POST /detection/predict status=200 165.36ms
2026-09-30 15:49:01 | INFO     | uvicorn.access | 127.0.0.1:38504 - "POST /detection/predict HTTP/1.1" 200
2026-09-30 15:49:01 | INFO     | HIDS_Detection | [7f2733e1-84ac-46c9-9c4c-6d3b46cfae92] verdict=BENIGN MAE=0.446128 threshold=0.500000 latency=122.561ms
2026-09-30 15:49:01 | INFO     | HIDS_API | POST /detection/predict status=200 126.22ms
2026-09-30 15:49:01 | INFO     | uvicorn.access | 127.0.0.1:38510 - "POST /detection/predict HTTP/1.1" 200
2026-09-30 15:49:01 | INFO     | HIDS_Detection | [976e38be-1843-46fb-9f07-759d9fd0d184] verdict=BENIGN MAE=0.446123 threshold=0.500000 latency=126.033ms
2026-09-30 15:49:01 | INFO     | HIDS_API | POST /detection/predict status=200 129.88ms
2026-09-30 15:49:01 | INFO     | uvicorn.access | 127.0.0.1:38522 - "POST /detection/predict HTTP/1.1" 200
2026-09-30 15:49:01 | INFO     | HIDS_Detection | [3e98ab6b-a4f6-4e1f-9241-3eec75098aa6] verdict=BENIGN MAE=0.410670 threshold=0.500000 latency=121.249ms
2026-09-30 15:49:01 | INFO     | HIDS_API | POST /detection/predict status=200 123.69ms
2026-09-30 15:49:01 | INFO     | uvicorn.access | 127.0.0.1:55846 - "POST /detection/predict HTTP/1.1" 200
2026-09-30 15:49:01 | INFO     | HIDS_Detection | [2a02c4e9-fd55-41f8-bdfc-4f1df42f0421] verdict=BENIGN MAE=0.433049 threshold=0.500000 latency=123.662ms
2026-09-30 15:49:01 | INFO     | HIDS_API | POST /detection/predict status=200 132.82ms
2026-09-30 15:49:01 | INFO     | uvicorn.access | 127.0.0.1:55862 - "POST /detection/predict HTTP/1.1" 200
2026-09-30 15:49:01 | INFO     | HIDS_Detection | [81a41cb2-e6fa-4e85-8d95-66b38f5b6a87] verdict=BENIGN MAE=0.446115 threshold=0.500000 latency=97.773ms
2026-09-30 15:49:01 | INFO     | HIDS_API | POST /detection/predict status=200 99.92ms
2026-09-30 15:49:01 | INFO     | uvicorn.access | 127.0.0.1:55872 - "POST /detection/predict HTTP/1.1" 200
2026-09-30 15:49:02 | INFO     | HIDS_Detection | [8dd7a580-8dd5-40bd-98ed-db9e8b1151df] verdict=BENIGN MAE=0.430137 threshold=0.500000 latency=88.288ms
2026-09-30 15:49:02 | INFO     | HIDS_API | POST /detection/predict status=200 90.55ms
2026-09-30 15:49:02 | INFO     | uvicorn.access | 127.0.0.1:55886 - "POST /detection/predict HTTP/1.1" 200
2026-09-30 15:49:02 | INFO     | HIDS_Detection | [1ee8971d-e1f2-47e9-9ddf-397d717621a0] verdict=BENIGN MAE=0.439464 threshold=0.500000 latency=114.048ms
2026-09-30 15:49:02 | INFO     | HIDS_API | POST /detection/predict status=200 116.67ms
2026-09-30 15:49:02 | INFO     | uvicorn.access | 127.0.0.1:55898 - "POST /detection/predict HTTP/1.1" 200
2026-09-30 15:49:02 | INFO     | HIDS_Detection | [760afc30-7fc8-4a12-866b-4411dc53dc86] verdict=BENIGN MAE=0.459299 threshold=0.500000 latency=110.78ms
2026-09-30 15:49:02 | INFO     | HIDS_API | POST /detection/predict status=200 113.15ms
2026-09-30 15:49:02 | INFO     | uvicorn.access | 127.0.0.1:55906 - "POST /detection/predict HTTP/1.1" 200
2026-09-30 15:49:02 | INFO     | HIDS_Detection | [0351fe0d-c059-488b-b6be-433fa7339ea6] verdict=BENIGN MAE=0.436295 threshold=0.500000 latency=91.673ms
2026-09-30 15:49:02 | INFO     | HIDS_API | POST /detection/predict status=200 95.10ms
2026-09-30 15:49:02 | INFO     | uvicorn.access | 127.0.0.1:55922 - "POST /detection/predict HTTP/1.1" 200
2026-09-30 15:49:02 | INFO     | HIDS_Detection | [2d8dc0d2-db39-4a95-bd83-d9c83a6c7514] verdict=BENIGN MAE=0.436928 threshold=0.500000 latency=105.518ms
2026-09-30 15:49:02 | INFO     | HIDS_API | POST /detection/predict status=200 109.96ms
2026-09-30 15:49:02 | INFO     | uvicorn.access | 127.0.0.1:55924 - "POST /detection/predict HTTP/1.1" 200
2026-09-30 15:49:02 | INFO     | HIDS_Detection | [a0011c8e-4442-4332-bbb4-030c55d07fe7] verdict=BENIGN MAE=0.446112 threshold=0.500000 latency=106.242ms
2026-09-30 15:49:02 | INFO     | HIDS_API | POST /detection/predict status=200 113.45ms
2026-09-30 15:49:02 | INFO     | uvicorn.access | 127.0.0.1:55930 - "POST /detection/predict HTTP/1.1" 200
2026-09-30 15:49:02 | INFO     | HIDS_Detection | [2f604166-3bde-4b3c-b7d4-d86c705b2d40] verdict=BENIGN MAE=0.433999 threshold=0.500000 latency=113.216ms
2026-09-30 15:49:02 | INFO     | HIDS_API | POST /detection/predict status=200 118.22ms
2026-09-30 15:49:02 | INFO     | uvicorn.access | 127.0.0.1:55936 - "POST /detection/predict HTTP/1.1" 200
2026-09-30 15:49:03 | INFO     | HIDS_Detection | [04a5a4db-1dc5-4e53-86b1-b5c06d1cc582] verdict=BENIGN MAE=0.432298 threshold=0.500000 latency=101.473ms
2026-09-30 15:49:03 | INFO     | HIDS_API | POST /detection/predict status=200 105.78ms
2026-09-30 15:49:03 | INFO     | uvicorn.access | 127.0.0.1:55952 - "POST /detection/predict HTTP/1.1" 200
2026-09-30 15:49:03 | INFO     | HIDS_Detection | [5980800a-11d1-440c-a91c-8b9fc3cef31d] verdict=BENIGN MAE=0.446126 threshold=0.500000 latency=88.441ms
2026-09-30 15:49:03 | INFO     | HIDS_API | POST /detection/predict status=200 94.83ms
2026-09-30 15:49:03 | INFO     | uvicorn.access | 127.0.0.1:55962 - "POST /detection/predict HTTP/1.1" 200
2026-09-30 15:49:03 | INFO     | HIDS_Detection | [0f4e7dcb-a737-4fc5-bf47-fdec47e449d9] verdict=BENIGN MAE=0.459303 threshold=0.500000 latency=98.481ms
2026-09-30 15:49:03 | INFO     | HIDS_API | POST /detection/predict status=200 103.12ms
2026-09-30 15:49:03 | INFO     | uvicorn.access | 127.0.0.1:55966 - "POST /detection/predict HTTP/1.1" 200
2026-09-30 15:49:03 | INFO     | HIDS_Detection | [059c548a-43e0-4bbc-af17-4c8a7ec64da3] verdict=BENIGN MAE=0.432502 threshold=0.500000 latency=101.019ms
2026-09-30 15:49:03 | INFO     | HIDS_API | POST /detection/predict status=200 105.26ms
2026-09-30 15:49:03 | INFO     | uvicorn.access | 127.0.0.1:55976 - "POST /detection/predict HTTP/1.1" 200
2026-09-30 15:49:03 | INFO     | HIDS_Detection | [aebd7a4b-eafa-40ac-b6e8-2b47b9834da2] verdict=BENIGN MAE=0.435718 threshold=0.500000 latency=110.576ms
2026-09-30 15:49:03 | INFO     | HIDS_API | POST /detection/predict status=200 113.88ms
2026-09-30 15:49:03 | INFO     | uvicorn.access | 127.0.0.1:55978 - "POST /detection/predict HTTP/1.1" 200
2026-09-30 15:49:03 | INFO     | HIDS_Detection | [703487f6-c808-4ac9-aa70-89a49288d53c] verdict=BENIGN MAE=0.459298 threshold=0.500000 latency=143.456ms
2026-09-30 15:49:03 | INFO     | HIDS_API | POST /detection/predict status=200 149.67ms
2026-09-30 15:49:03 | INFO     | uvicorn.access | 127.0.0.1:55990 - "POST /detection/predict HTTP/1.1" 200
2026-09-30 15:49:03 | INFO     | HIDS_Detection | [dbce72bf-ecce-4920-9a44-d78b5ce8e63b] verdict=BENIGN MAE=0.427917 threshold=0.500000 latency=141.587ms
2026-09-30 15:49:03 | INFO     | HIDS_API | POST /detection/predict status=200 144.26ms
2026-09-30 15:49:03 | INFO     | uvicorn.access | 127.0.0.1:55992 - "POST /detection/predict HTTP/1.1" 200
2026-09-30 15:49:04 | INFO     | HIDS_Detection | [24451c1e-9e85-4784-b373-9508ae43aed6] verdict=BENIGN MAE=0.428658 threshold=0.500000 latency=101.103ms
2026-09-30 15:49:04 | INFO     | HIDS_API | POST /detection/predict status=200 104.68ms
2026-09-30 15:49:04 | INFO     | uvicorn.access | 127.0.0.1:55996 - "POST /detection/predict HTTP/1.1" 200
2026-09-30 15:49:04 | INFO     | HIDS_Detection | [a139ccff-d5e5-4f63-b359-698e3a1884cc] verdict=BENIGN MAE=0.446110 threshold=0.500000 latency=98.132ms
2026-09-30 15:49:04 | INFO     | HIDS_API | POST /detection/predict status=200 100.62ms
2026-09-30 15:49:04 | INFO     | uvicorn.access | 127.0.0.1:56004 - "POST /detection/predict HTTP/1.1" 200
2026-09-30 15:49:04 | INFO     | HIDS_Detection | [339a798f-c28d-44fa-950e-515168b6a646] verdict=BENIGN MAE=0.437556 threshold=0.500000 latency=97.745ms
2026-09-30 15:49:04 | INFO     | HIDS_API | POST /detection/predict status=200 101.09ms
2026-09-30 15:49:04 | INFO     | uvicorn.access | 127.0.0.1:56006 - "POST /detection/predict HTTP/1.1" 200
2026-09-30 15:49:04 | INFO     | HIDS_Detection | [e98ecd5c-46cb-4171-bfe6-925fea2c1486] verdict=BENIGN MAE=0.436180 threshold=0.500000 latency=150.34ms
2026-09-30 15:49:04 | INFO     | HIDS_API | POST /detection/predict status=200 152.91ms
2026-09-30 15:49:04 | INFO     | uvicorn.access | 127.0.0.1:56012 - "POST /detection/predict HTTP/1.1" 200
2026-09-30 15:49:04 | INFO     | HIDS_Detection | [554e1d17-dbc8-47d5-9b1c-f65f8d35e065] verdict=BENIGN MAE=0.459297 threshold=0.500000 latency=102.105ms
2026-09-30 15:49:04 | INFO     | HIDS_API | POST /detection/predict status=200 104.83ms
2026-09-30 15:49:04 | INFO     | uvicorn.access | 127.0.0.1:56018 - "POST /detection/predict HTTP/1.1" 200
2026-09-30 15:49:04 | INFO     | HIDS_Detection | [a69050ba-ef33-490e-80a8-98a6e40aca06] verdict=BENIGN MAE=0.437591 threshold=0.500000 latency=82.631ms
2026-09-30 15:49:04 | INFO     | HIDS_API | POST /detection/predict status=200 89.39ms
2026-09-30 15:49:04 | INFO     | uvicorn.access | 127.0.0.1:56028 - "POST /detection/predict HTTP/1.1" 200
2026-09-30 15:49:04 | INFO     | HIDS_Detection | [cd646180-b84f-4668-994d-c7fc3ae54fad] verdict=BENIGN MAE=0.439544 threshold=0.500000 latency=137.905ms
2026-09-30 15:49:04 | INFO     | HIDS_API | POST /detection/predict status=200 141.49ms
2026-09-30 15:49:04 | INFO     | uvicorn.access | 127.0.0.1:56038 - "POST /detection/predict HTTP/1.1" 200
2026-09-30 15:49:04 | INFO     | HIDS_Detection | [5c6825df-134b-42ea-b2ee-1d1af19c553a] verdict=BENIGN MAE=0.446116 threshold=0.500000 latency=133.989ms
2026-09-30 15:49:04 | INFO     | HIDS_API | POST /detection/predict status=200 139.39ms
2026-09-30 15:49:04 | INFO     | uvicorn.access | 127.0.0.1:56040 - "POST /detection/predict HTTP/1.1" 200
2026-09-30 15:49:05 | INFO     | HIDS_Detection | [4f97bead-7760-4e65-9ee7-91c43399de68] verdict=BENIGN MAE=0.431293 threshold=0.500000 latency=100.966ms
2026-09-30 15:49:05 | INFO     | HIDS_API | POST /detection/predict status=200 103.84ms
2026-09-30 15:49:05 | INFO     | uvicorn.access | 127.0.0.1:56054 - "POST /detection/predict HTTP/1.1" 200
2026-09-30 15:49:05 | INFO     | HIDS_Detection | [111060f4-7819-4352-9260-e074fe204657] verdict=BENIGN MAE=0.437615 threshold=0.500000 latency=104.224ms
2026-09-30 15:49:05 | INFO     | HIDS_API | POST /detection/predict status=200 107.93ms
2026-09-30 15:49:05 | INFO     | uvicorn.access | 127.0.0.1:56056 - "POST /detection/predict HTTP/1.1" 200
2026-09-30 15:49:05 | INFO     | HIDS_Detection | [1789ba62-e4fb-4f51-9455-b161b90d0012] verdict=BENIGN MAE=0.459297 threshold=0.500000 latency=101.407ms
2026-09-30 15:49:05 | INFO     | HIDS_API | POST /detection/predict status=200 104.41ms
2026-09-30 15:49:05 | INFO     | uvicorn.access | 127.0.0.1:56062 - "POST /detection/predict HTTP/1.1" 200
2026-09-30 15:49:05 | INFO     | HIDS_Detection | [8fec5aa1-7c71-4e6a-a674-b7d9a7d6669f] verdict=BENIGN MAE=0.433290 threshold=0.500000 latency=127.343ms
2026-09-30 15:49:05 | INFO     | HIDS_API | POST /detection/predict status=200 132.88ms
2026-09-30 15:49:05 | INFO     | uvicorn.access | 127.0.0.1:56068 - "POST /detection/predict HTTP/1.1" 200
2026-09-30 15:49:05 | INFO     | HIDS_Detection | [f6dc9866-0c10-42f3-ae28-27f3fe8e5b76] verdict=BENIGN MAE=0.429058 threshold=0.500000 latency=137.668ms
2026-09-30 15:49:05 | INFO     | HIDS_API | POST /detection/predict status=200 143.77ms
2026-09-30 15:49:05 | INFO     | uvicorn.access | 127.0.0.1:56084 - "POST /detection/predict HTTP/1.1" 200
2026-09-30 15:49:05 | INFO     | HIDS_Detection | [d4d5cbc7-9850-4007-b490-a82176cb4e99] verdict=BENIGN MAE=0.459298 threshold=0.500000 latency=89.181ms
2026-09-30 15:49:05 | INFO     | HIDS_API | POST /detection/predict status=200 91.19ms
2026-09-30 15:49:05 | INFO     | uvicorn.access | 127.0.0.1:56098 - "POST /detection/predict HTTP/1.1" 200
2026-09-30 15:49:05 | INFO     | HIDS_Detection | [e8b4b074-ccbe-45cc-bcc8-e66d98d22529] verdict=BENIGN MAE=0.446130 threshold=0.500000 latency=104.888ms
2026-09-30 15:49:05 | INFO     | HIDS_API | POST /detection/predict status=200 112.06ms
2026-09-30 15:49:05 | INFO     | uvicorn.access | 127.0.0.1:56100 - "POST /detection/predict HTTP/1.1" 200
2026-09-30 15:49:06 | INFO     | HIDS_Detection | [586dfc4a-e297-4c7d-b3e7-567ad721de83] verdict=BENIGN MAE=0.446129 threshold=0.500000 latency=141.756ms
2026-09-30 15:49:06 | INFO     | HIDS_API | POST /detection/predict status=200 144.88ms
2026-09-30 15:49:06 | INFO     | uvicorn.access | 127.0.0.1:56108 - "POST /detection/predict HTTP/1.1" 200
2026-09-30 15:49:06 | INFO     | HIDS_Detection | [ed534853-8d0a-429e-9e90-a4203acec73c] verdict=BENIGN MAE=0.446121 threshold=0.500000 latency=108.824ms
2026-09-30 15:49:06 | INFO     | HIDS_API | POST /detection/predict status=200 113.59ms
2026-09-30 15:49:06 | INFO     | uvicorn.access | 127.0.0.1:56110 - "POST /detection/predict HTTP/1.1" 200
2026-09-30 15:49:06 | INFO     | HIDS_Detection | [f93354e2-eb04-4c65-b514-a164c8dbe24c] verdict=BENIGN MAE=0.472966 threshold=0.500000 latency=116.137ms
2026-09-30 15:49:06 | INFO     | HIDS_API | POST /detection/predict status=200 124.35ms
2026-09-30 15:49:06 | INFO     | uvicorn.access | 127.0.0.1:56124 - "POST /detection/predict HTTP/1.1" 200
2026-09-30 15:49:06 | INFO     | HIDS_Detection | [eb8ff97e-02cf-4ddf-bc75-edb2f65a11a7] verdict=BENIGN MAE=0.446121 threshold=0.500000 latency=112.286ms
2026-09-30 15:49:06 | INFO     | HIDS_API | POST /detection/predict status=200 115.08ms
2026-09-30 15:49:06 | INFO     | uvicorn.access | 127.0.0.1:56132 - "POST /detection/predict HTTP/1.1" 200
2026-09-30 15:49:06 | INFO     | HIDS_Detection | [8e13611a-989f-43d7-ae74-417e42e7922d] verdict=BENIGN MAE=0.435607 threshold=0.500000 latency=97.201ms
2026-09-30 15:49:06 | INFO     | HIDS_API | POST /detection/predict status=200 101.57ms
2026-09-30 15:49:06 | INFO     | uvicorn.access | 127.0.0.1:56136 - "POST /detection/predict HTTP/1.1" 200
2026-09-30 15:49:06 | INFO     | HIDS_Detection | [83c39f02-94c7-45b4-b456-974728e3b669] verdict=BENIGN MAE=0.459305 threshold=0.500000 latency=95.416ms
2026-09-30 15:49:06 | INFO     | HIDS_API | POST /detection/predict status=200 98.56ms
2026-09-30 15:49:06 | INFO     | uvicorn.access | 127.0.0.1:56138 - "POST /detection/predict HTTP/1.1" 200
2026-09-30 15:49:06 | INFO     | HIDS_Detection | [3e5ae717-8370-46bc-91a8-bee98625f219] verdict=BENIGN MAE=0.446117 threshold=0.500000 latency=135.863ms
2026-09-30 15:49:06 | INFO     | HIDS_API | POST /detection/predict status=200 139.54ms
2026-09-30 15:49:06 | INFO     | uvicorn.access | 127.0.0.1:56150 - "POST /detection/predict HTTP/1.1" 200
2026-09-30 15:49:07 | INFO     | HIDS_Detection | [1326f72f-4314-42fc-b974-e315882dabd6] verdict=BENIGN MAE=0.422827 threshold=0.500000 latency=99.785ms
2026-09-30 15:49:07 | INFO     | HIDS_API | POST /detection/predict status=200 104.27ms
2026-09-30 15:49:07 | INFO     | uvicorn.access | 127.0.0.1:56164 - "POST /detection/predict HTTP/1.1" 200
2026-09-30 15:49:07 | INFO     | HIDS_Detection | [6d75efc1-9d75-4496-b9bf-14904349ef43] verdict=BENIGN MAE=0.435782 threshold=0.500000 latency=135.371ms
2026-09-30 15:49:07 | INFO     | HIDS_API | POST /detection/predict status=200 138.67ms
2026-09-30 15:49:07 | INFO     | uvicorn.access | 127.0.0.1:56172 - "POST /detection/predict HTTP/1.1" 200
2026-09-30 15:49:07 | INFO     | HIDS_Detection | [9c2e9ee6-c0bb-4e9a-ac6c-452bb7acf97d] verdict=BENIGN MAE=0.459294 threshold=0.500000 latency=134.455ms
2026-09-30 15:49:07 | INFO     | HIDS_API | POST /detection/predict status=200 138.58ms
2026-09-30 15:49:07 | INFO     | uvicorn.access | 127.0.0.1:56186 - "POST /detection/predict HTTP/1.1" 200
2026-09-30 15:49:07 | INFO     | HIDS_Detection | [723b3543-b194-438e-8540-47b7a8d55786] verdict=BENIGN MAE=0.421262 threshold=0.500000 latency=116.64ms
2026-09-30 15:49:07 | INFO     | HIDS_API | POST /detection/predict status=200 120.13ms
2026-09-30 15:49:07 | INFO     | uvicorn.access | 127.0.0.1:56200 - "POST /detection/predict HTTP/1.1" 200
2026-09-30 15:49:07 | INFO     | HIDS_Detection | [f3319c7f-a7ac-4ebd-880b-ab055d09c504] verdict=BENIGN MAE=0.428352 threshold=0.500000 latency=120.36ms
2026-09-30 15:49:07 | INFO     | HIDS_API | POST /detection/predict status=200 124.10ms
2026-09-30 15:49:07 | INFO     | uvicorn.access | 127.0.0.1:56212 - "POST /detection/predict HTTP/1.1" 200
2026-09-30 15:49:07 | INFO     | HIDS_Detection | [a001f602-5211-45c9-baed-0e55fc69f265] verdict=BENIGN MAE=0.459298 threshold=0.500000 latency=104.237ms
2026-09-30 15:49:07 | INFO     | HIDS_API | POST /detection/predict status=200 107.04ms
2026-09-30 15:49:07 | INFO     | uvicorn.access | 127.0.0.1:56214 - "POST /detection/predict HTTP/1.1" 200
2026-09-30 15:49:08 | INFO     | HIDS_Detection | [ffec5133-9796-46ac-b287-5326549a5d19] verdict=BENIGN MAE=0.425964 threshold=0.500000 latency=120.506ms
2026-09-30 15:49:08 | INFO     | HIDS_API | POST /detection/predict status=200 124.80ms
2026-09-30 15:49:08 | INFO     | uvicorn.access | 127.0.0.1:56228 - "POST /detection/predict HTTP/1.1" 200
2026-09-30 15:49:08 | INFO     | HIDS_Detection | [89f98593-9b79-4712-8940-aded43d2edc7] verdict=BENIGN MAE=0.429368 threshold=0.500000 latency=109.564ms
2026-09-30 15:49:08 | INFO     | HIDS_API | POST /detection/predict status=200 113.67ms
2026-09-30 15:49:08 | INFO     | uvicorn.access | 127.0.0.1:56232 - "POST /detection/predict HTTP/1.1" 200
2026-09-30 15:49:08 | INFO     | HIDS_Detection | [274fd802-7b87-4176-8e6b-8bca7a62b9bd] verdict=BENIGN MAE=0.459300 threshold=0.500000 latency=134.975ms
2026-09-30 15:49:08 | INFO     | HIDS_API | POST /detection/predict status=200 138.09ms
2026-09-30 15:49:08 | INFO     | uvicorn.access | 127.0.0.1:56242 - "POST /detection/predict HTTP/1.1" 200
2026-09-30 15:49:08 | INFO     | HIDS_Detection | [02577d4e-5e5a-4ed4-9984-d8a56193085f] verdict=BENIGN MAE=0.459310 threshold=0.500000 latency=104.667ms
2026-09-30 15:49:08 | INFO     | HIDS_API | POST /detection/predict status=200 107.57ms
2026-09-30 15:49:08 | INFO     | uvicorn.access | 127.0.0.1:56252 - "POST /detection/predict HTTP/1.1" 200
2026-09-30 15:49:08 | INFO     | HIDS_Detection | [927951c4-b0f1-4ce3-bd42-8d7e8b123a60] verdict=BENIGN MAE=0.446127 threshold=0.500000 latency=107.183ms
2026-09-30 15:49:08 | INFO     | HIDS_API | POST /detection/predict status=200 111.01ms
2026-09-30 15:49:08 | INFO     | uvicorn.access | 127.0.0.1:56262 - "POST /detection/predict HTTP/1.1" 200
2026-09-30 15:49:08 | INFO     | HIDS_Detection | [bcea1ce0-3422-4d5c-9007-521e8b7f8f7e] verdict=BENIGN MAE=0.459304 threshold=0.500000 latency=92.702ms
2026-09-30 15:49:08 | INFO     | HIDS_API | POST /detection/predict status=200 96.78ms
2026-09-30 15:49:08 | INFO     | uvicorn.access | 127.0.0.1:56266 - "POST /detection/predict HTTP/1.1" 200
2026-09-30 15:49:08 | INFO     | HIDS_Detection | [281e0436-2afc-400e-aa7f-ba163ba1bccb] verdict=BENIGN MAE=0.422006 threshold=0.500000 latency=81.812ms
2026-09-30 15:49:08 | INFO     | HIDS_API | POST /detection/predict status=200 87.88ms
2026-09-30 15:49:08 | INFO     | uvicorn.access | 127.0.0.1:56270 - "POST /detection/predict HTTP/1.1" 200
2026-09-30 15:49:08 | INFO     | HIDS_Detection | [bf77ce5d-643b-4f7f-a594-77d450fa174c] verdict=BENIGN MAE=0.439732 threshold=0.500000 latency=90.295ms
2026-09-30 15:49:08 | INFO     | HIDS_API | POST /detection/predict status=200 95.05ms
2026-09-30 15:49:08 | INFO     | uvicorn.access | 127.0.0.1:56276 - "POST /detection/predict HTTP/1.1" 200
2026-09-30 15:49:09 | INFO     | HIDS_Detection | [e553d0d3-1c14-452e-a179-76f688f21f73] verdict=BENIGN MAE=0.446125 threshold=0.500000 latency=92.024ms
2026-09-30 15:49:09 | INFO     | HIDS_API | POST /detection/predict status=200 103.52ms
2026-09-30 15:49:09 | INFO     | uvicorn.access | 127.0.0.1:56280 - "POST /detection/predict HTTP/1.1" 200
2026-09-30 15:49:09 | INFO     | uvicorn.access | 127.0.0.1:56284 - "GET /ready HTTP/1.1" 200
2026-09-30 15:49:09 | INFO     | HIDS_Detection | [bbf466a2-17eb-43cc-944c-c5b70a33fbf3] verdict=BENIGN MAE=0.446128 threshold=0.500000 latency=87.238ms
2026-09-30 15:49:09 | INFO     | HIDS_API | POST /detection/predict status=200 90.22ms
2026-09-30 15:49:09 | INFO     | uvicorn.access | 127.0.0.1:56292 - "POST /detection/predict HTTP/1.1" 200
2026-09-30 15:49:09 | INFO     | HIDS_Detection | [2ddf434a-2c6b-4f59-8273-fbb5910c2fa7] verdict=BENIGN MAE=0.459301 threshold=0.500000 latency=96.433ms
2026-09-30 15:49:09 | INFO     | HIDS_API | POST /detection/predict status=200 99.13ms
2026-09-30 15:49:09 | INFO     | uvicorn.access | 127.0.0.1:56304 - "POST /detection/predict HTTP/1.1" 200
2026-09-30 15:49:09 | INFO     | HIDS_Detection | [9859363f-7597-442f-945f-179a2ba54381] verdict=BENIGN MAE=0.433542 threshold=0.500000 latency=85.288ms
2026-09-30 15:49:09 | INFO     | HIDS_API | POST /detection/predict status=200 87.91ms
2026-09-30 15:49:09 | INFO     | uvicorn.access | 127.0.0.1:56318 - "POST /detection/predict HTTP/1.1" 200
2026-09-30 15:49:09 | INFO     | HIDS_Detection | [34a8b235-08a5-4133-849d-899e1b4b42a4] verdict=BENIGN MAE=0.438291 threshold=0.500000 latency=103.613ms
2026-09-30 15:49:09 | INFO     | HIDS_API | POST /detection/predict status=200 106.65ms
2026-09-30 15:49:09 | INFO     | uvicorn.access | 127.0.0.1:56324 - "POST /detection/predict HTTP/1.1" 200
2026-09-30 15:49:09 | INFO     | HIDS_Detection | [d5da1501-eb9f-4cd9-8c20-9dc38ab695c1] verdict=BENIGN MAE=0.459300 threshold=0.500000 latency=97.572ms
2026-09-30 15:49:09 | INFO     | HIDS_API | POST /detection/predict status=200 99.82ms
2026-09-30 15:49:09 | INFO     | uvicorn.access | 127.0.0.1:56340 - "POST /detection/predict HTTP/1.1" 200
2026-09-30 15:49:09 | INFO     | HIDS_Detection | [bfd28f5f-d5da-4f59-bba0-3408fcb537c3] verdict=BENIGN MAE=0.434924 threshold=0.500000 latency=131.048ms
2026-09-30 15:49:09 | INFO     | HIDS_API | POST /detection/predict status=200 134.05ms
2026-09-30 15:49:09 | INFO     | uvicorn.access | 127.0.0.1:56356 - "POST /detection/predict HTTP/1.1" 200
2026-09-30 15:49:09 | INFO     | HIDS_Detection | [2c216411-accf-4d13-a973-d9bccb5a37fc] verdict=BENIGN MAE=0.429733 threshold=0.500000 latency=154.159ms
2026-09-30 15:49:09 | INFO     | HIDS_API | POST /detection/predict status=200 159.07ms
2026-09-30 15:49:09 | INFO     | uvicorn.access | 127.0.0.1:56370 - "POST /detection/predict HTTP/1.1" 200
2026-09-30 15:49:10 | INFO     | HIDS_Detection | [09e482ba-fe32-456e-baa7-81b00a9d37f8] verdict=BENIGN MAE=0.446089 threshold=0.500000 latency=144.597ms
2026-09-30 15:49:10 | INFO     | HIDS_API | POST /detection/predict status=200 147.56ms
2026-09-30 15:49:10 | INFO     | uvicorn.access | 127.0.0.1:56372 - "POST /detection/predict HTTP/1.1" 200
2026-09-30 15:49:10 | INFO     | HIDS_Detection | [02e51a49-bf7b-4b32-b51b-ddb0f0bc1395] verdict=BENIGN MAE=0.426022 threshold=0.500000 latency=160.792ms
2026-09-30 15:49:10 | INFO     | HIDS_API | POST /detection/predict status=200 163.43ms
2026-09-30 15:49:10 | INFO     | uvicorn.access | 127.0.0.1:56388 - "POST /detection/predict HTTP/1.1" 200
2026-09-30 15:49:10 | INFO     | HIDS_Detection | [5e249b69-b042-45ee-8749-564bd347f4f1] verdict=BENIGN MAE=0.423774 threshold=0.500000 latency=132.413ms
2026-09-30 15:49:10 | INFO     | HIDS_API | POST /detection/predict status=200 150.22ms
2026-09-30 15:49:10 | INFO     | uvicorn.access | 127.0.0.1:56394 - "POST /detection/predict HTTP/1.1" 200
2026-09-30 15:49:10 | INFO     | HIDS_Detection | [2c3019c7-102d-47c8-ac26-a112e508526a] verdict=BENIGN MAE=0.459282 threshold=0.500000 latency=106.107ms
2026-09-30 15:49:10 | INFO     | HIDS_API | POST /detection/predict status=200 116.08ms
2026-09-30 15:49:10 | INFO     | uvicorn.access | 127.0.0.1:56400 - "POST /detection/predict HTTP/1.1" 200
2026-09-30 15:49:10 | INFO     | HIDS_Detection | [e5450369-09d1-493a-8629-aa00125f1e41] verdict=BENIGN MAE=0.435588 threshold=0.500000 latency=86.52ms
2026-09-30 15:49:10 | INFO     | HIDS_API | POST /detection/predict status=200 90.04ms
2026-09-30 15:49:10 | INFO     | uvicorn.access | 127.0.0.1:56402 - "POST /detection/predict HTTP/1.1" 200
2026-09-30 15:49:10 | INFO     | HIDS_Detection | [019a2b3f-2876-4b4c-a135-b40574d61b86] verdict=BENIGN MAE=0.437195 threshold=0.500000 latency=113.143ms
2026-09-30 15:49:10 | INFO     | HIDS_API | POST /detection/predict status=200 115.44ms
2026-09-30 15:49:10 | INFO     | uvicorn.access | 127.0.0.1:56412 - "POST /detection/predict HTTP/1.1" 200
2026-09-30 15:49:11 | INFO     | HIDS_Detection | [879bf32a-0408-4460-8140-5d4933f23500] verdict=BENIGN MAE=0.446106 threshold=0.500000 latency=96.772ms
2026-09-30 15:49:11 | INFO     | HIDS_API | POST /detection/predict status=200 99.67ms
2026-09-30 15:49:11 | INFO     | uvicorn.access | 127.0.0.1:56418 - "POST /detection/predict HTTP/1.1" 200
2026-09-30 15:49:11 | INFO     | HIDS_Detection | [36b1be79-ee86-45d6-b4fd-b6afe5769007] verdict=BENIGN MAE=0.435622 threshold=0.500000 latency=103.49ms
2026-09-30 15:49:11 | INFO     | HIDS_API | POST /detection/predict status=200 107.11ms
2026-09-30 15:49:11 | INFO     | uvicorn.access | 127.0.0.1:56428 - "POST /detection/predict HTTP/1.1" 200
2026-09-30 15:49:11 | INFO     | HIDS_Detection | [caf90bd4-a33f-4c11-8b1e-78a2474e6248] verdict=BENIGN MAE=0.435901 threshold=0.500000 latency=87.682ms
2026-09-30 15:49:11 | INFO     | HIDS_API | POST /detection/predict status=200 89.78ms
2026-09-30 15:49:11 | INFO     | uvicorn.access | 127.0.0.1:56434 - "POST /detection/predict HTTP/1.1" 200
2026-09-30 15:49:11 | INFO     | HIDS_Detection | [d4716292-8eab-4595-b342-8be90ab29453] verdict=BENIGN MAE=0.459300 threshold=0.500000 latency=94.548ms
2026-09-30 15:49:11 | INFO     | HIDS_API | POST /detection/predict status=200 97.20ms
2026-09-30 15:49:11 | INFO     | uvicorn.access | 127.0.0.1:56450 - "POST /detection/predict HTTP/1.1" 200
2026-09-30 15:49:11 | INFO     | HIDS_Detection | [3c0ff44b-1efd-46a4-a726-7058f6b6df00] verdict=BENIGN MAE=0.438362 threshold=0.500000 latency=75.266ms
2026-09-30 15:49:11 | INFO     | HIDS_API | POST /detection/predict status=200 78.14ms
2026-09-30 15:49:11 | INFO     | uvicorn.access | 127.0.0.1:56466 - "POST /detection/predict HTTP/1.1" 200
2026-09-30 15:49:11 | INFO     | HIDS_Detection | [30be30cf-2e38-496f-96a6-3720aa45b8ef] verdict=BENIGN MAE=0.440024 threshold=0.500000 latency=87.625ms
2026-09-30 15:49:11 | INFO     | HIDS_API | POST /detection/predict status=200 90.04ms
2026-09-30 15:49:11 | INFO     | uvicorn.access | 127.0.0.1:56472 - "POST /detection/predict HTTP/1.1" 200
2026-09-30 15:49:11 | INFO     | HIDS_Detection | [13d68a02-6a2b-4d23-9fca-6cc9219e22e0] verdict=BENIGN MAE=0.459302 threshold=0.500000 latency=89.238ms
2026-09-30 15:49:11 | INFO     | HIDS_API | POST /detection/predict status=200 91.83ms
2026-09-30 15:49:11 | INFO     | uvicorn.access | 127.0.0.1:49976 - "POST /detection/predict HTTP/1.1" 200
2026-09-30 15:49:11 | INFO     | HIDS_Detection | [be4eacc6-a923-4204-9060-93e2c5b102df] verdict=BENIGN MAE=0.438750 threshold=0.500000 latency=88.213ms
2026-09-30 15:49:11 | INFO     | HIDS_API | POST /detection/predict status=200 91.60ms
2026-09-30 15:49:11 | INFO     | uvicorn.access | 127.0.0.1:49980 - "POST /detection/predict HTTP/1.1" 200
2026-09-30 15:49:11 | INFO     | HIDS_Detection | [e8b67c96-b533-4e2d-97f6-f0d0130ab1c9] verdict=BENIGN MAE=0.438748 threshold=0.500000 latency=95.556ms
2026-09-30 15:49:11 | INFO     | HIDS_API | POST /detection/predict status=200 99.57ms
2026-09-30 15:49:11 | INFO     | uvicorn.access | 127.0.0.1:49986 - "POST /detection/predict HTTP/1.1" 200
2026-09-30 15:49:12 | INFO     | HIDS_Detection | [bd6ba7fa-5cad-4a52-b2e3-faa32b70b89d] verdict=BENIGN MAE=0.459302 threshold=0.500000 latency=101.882ms
2026-09-30 15:49:12 | INFO     | HIDS_API | POST /detection/predict status=200 104.35ms
2026-09-30 15:49:12 | INFO     | uvicorn.access | 127.0.0.1:49998 - "POST /detection/predict HTTP/1.1" 200
2026-09-30 15:49:12 | INFO     | HIDS_Detection | [76baa13a-0aca-4fd7-a126-ec791561d39d] verdict=BENIGN MAE=0.437678 threshold=0.500000 latency=77.337ms
2026-09-30 15:49:12 | INFO     | HIDS_API | POST /detection/predict status=200 79.81ms
2026-09-30 15:49:12 | INFO     | uvicorn.access | 127.0.0.1:50014 - "POST /detection/predict HTTP/1.1" 200
2026-09-30 15:49:12 | INFO     | HIDS_Detection | [502bdeb8-87a7-4406-a489-1c4b988acbc5] verdict=BENIGN MAE=0.439982 threshold=0.500000 latency=101.378ms
2026-09-30 15:49:12 | INFO     | HIDS_API | POST /detection/predict status=200 103.74ms
2026-09-30 15:49:12 | INFO     | uvicorn.access | 127.0.0.1:50030 - "POST /detection/predict HTTP/1.1" 200
2026-09-30 15:49:12 | INFO     | HIDS_Detection | [b83796fd-6460-4df8-87f4-c1ca11af0235] verdict=BENIGN MAE=0.459290 threshold=0.500000 latency=96.019ms
2026-09-30 15:49:12 | INFO     | HIDS_API | POST /detection/predict status=200 99.37ms
2026-09-30 15:49:12 | INFO     | uvicorn.access | 127.0.0.1:50038 - "POST /detection/predict HTTP/1.1" 200
2026-09-30 15:49:12 | INFO     | HIDS_Detection | [9e151277-697f-472d-b349-a7dca7a74912] verdict=BENIGN MAE=0.436577 threshold=0.500000 latency=95.742ms
2026-09-30 15:49:12 | INFO     | HIDS_API | POST /detection/predict status=200 98.89ms
2026-09-30 15:49:12 | INFO     | uvicorn.access | 127.0.0.1:50040 - "POST /detection/predict HTTP/1.1" 200
2026-09-30 15:49:12 | INFO     | HIDS_Detection | [a6e5e129-792b-444c-bb59-5c86af9af7a0] verdict=BENIGN MAE=0.437841 threshold=0.500000 latency=88.626ms
2026-09-30 15:49:12 | INFO     | HIDS_API | POST /detection/predict status=200 92.41ms
2026-09-30 15:49:12 | INFO     | uvicorn.access | 127.0.0.1:50052 - "POST /detection/predict HTTP/1.1" 200
2026-09-30 15:49:12 | INFO     | HIDS_Detection | [b1845bea-ac70-4cc7-b927-6e6f32bfc306] verdict=BENIGN MAE=0.459301 threshold=0.500000 latency=90.685ms
2026-09-30 15:49:12 | INFO     | HIDS_API | POST /detection/predict status=200 92.60ms
2026-09-30 15:49:12 | INFO     | uvicorn.access | 127.0.0.1:50054 - "POST /detection/predict HTTP/1.1" 200
2026-09-30 15:49:12 | INFO     | HIDS_Detection | [547e64ad-9d92-43e0-a2fe-a6d04ff5634d] verdict=BENIGN MAE=0.446124 threshold=0.500000 latency=94.76ms
2026-09-30 15:49:12 | INFO     | HIDS_API | POST /detection/predict status=200 99.40ms
2026-09-30 15:49:12 | INFO     | uvicorn.access | 127.0.0.1:50064 - "POST /detection/predict HTTP/1.1" 200
2026-09-30 15:49:12 | INFO     | HIDS_Detection | [6aa3dcf4-a562-415c-9f50-61c411a7e3ee] verdict=BENIGN MAE=0.446129 threshold=0.500000 latency=99.315ms
2026-09-30 15:49:12 | INFO     | HIDS_API | POST /detection/predict status=200 102.22ms
2026-09-30 15:49:12 | INFO     | uvicorn.access | 127.0.0.1:50068 - "POST /detection/predict HTTP/1.1" 200
2026-09-30 15:49:13 | INFO     | HIDS_Detection | [4ad4a430-4039-4e51-86a3-7d8a6e43c343] verdict=BENIGN MAE=0.418554 threshold=0.500000 latency=76.013ms
2026-09-30 15:49:13 | INFO     | HIDS_API | POST /detection/predict status=200 78.70ms
2026-09-30 15:49:13 | INFO     | uvicorn.access | 127.0.0.1:50072 - "POST /detection/predict HTTP/1.1" 200
2026-09-30 15:49:13 | INFO     | HIDS_Detection | [889072f0-2425-40f2-b2ef-8c2612cc8e5e] verdict=BENIGN MAE=0.472967 threshold=0.500000 latency=85.066ms
2026-09-30 15:49:13 | INFO     | HIDS_API | POST /detection/predict status=200 87.47ms
2026-09-30 15:49:13 | INFO     | uvicorn.access | 127.0.0.1:50074 - "POST /detection/predict HTTP/1.1" 200
2026-09-30 15:49:13 | INFO     | HIDS_Detection | [9aefc065-e94e-41e3-b470-e5239d8418ce] verdict=BENIGN MAE=0.446128 threshold=0.500000 latency=81.773ms
2026-09-30 15:49:13 | INFO     | HIDS_API | POST /detection/predict status=200 83.93ms
2026-09-30 15:49:13 | INFO     | uvicorn.access | 127.0.0.1:50084 - "POST /detection/predict HTTP/1.1" 200
2026-09-30 15:49:13 | INFO     | HIDS_Detection | [59e4b466-bd7a-4627-b659-21d13fa0c8f2] verdict=BENIGN MAE=0.459300 threshold=0.500000 latency=95.99ms
2026-09-30 15:49:13 | INFO     | HIDS_API | POST /detection/predict status=200 101.14ms
2026-09-30 15:49:13 | INFO     | uvicorn.access | 127.0.0.1:50088 - "POST /detection/predict HTTP/1.1" 200
2026-09-30 15:49:13 | INFO     | HIDS_Detection | [523ad55c-b18c-4a12-9f69-ddb36bc33f43] verdict=BENIGN MAE=0.419265 threshold=0.500000 latency=81.683ms
2026-09-30 15:49:13 | INFO     | HIDS_API | POST /detection/predict status=200 84.00ms
2026-09-30 15:49:13 | INFO     | uvicorn.access | 127.0.0.1:50094 - "POST /detection/predict HTTP/1.1" 200
2026-09-30 15:49:13 | INFO     | HIDS_Detection | [95dd7dfa-008b-4ec0-b9e3-bedfdc9c101b] verdict=BENIGN MAE=0.439366 threshold=0.500000 latency=77.362ms
2026-09-30 15:49:13 | INFO     | HIDS_API | POST /detection/predict status=200 80.28ms
2026-09-30 15:49:13 | INFO     | uvicorn.access | 127.0.0.1:50102 - "POST /detection/predict HTTP/1.1" 200
2026-09-30 15:49:13 | INFO     | HIDS_Detection | [c8e259c3-0ca4-46f6-884b-2507e421b0da] verdict=BENIGN MAE=0.459292 threshold=0.500000 latency=79.327ms
2026-09-30 15:49:13 | INFO     | HIDS_API | POST /detection/predict status=200 85.33ms
2026-09-30 15:49:13 | INFO     | uvicorn.access | 127.0.0.1:50114 - "POST /detection/predict HTTP/1.1" 200
2026-09-30 15:49:13 | INFO     | HIDS_Detection | [8998d854-064a-4cb3-9853-e3d8a5503986] verdict=BENIGN MAE=0.446129 threshold=0.500000 latency=75.897ms
2026-09-30 15:49:13 | INFO     | HIDS_API | POST /detection/predict status=200 78.93ms
2026-09-30 15:49:13 | INFO     | uvicorn.access | 127.0.0.1:50128 - "POST /detection/predict HTTP/1.1" 200
2026-09-30 15:49:13 | INFO     | HIDS_Detection | [d2479132-1f12-480b-a01c-26fae0bd2274] verdict=BENIGN MAE=0.446114 threshold=0.500000 latency=108.284ms
2026-09-30 15:49:13 | INFO     | HIDS_API | POST /detection/predict status=200 110.92ms
2026-09-30 15:49:13 | INFO     | uvicorn.access | 127.0.0.1:50140 - "POST /detection/predict HTTP/1.1" 200
2026-09-30 15:49:14 | INFO     | HIDS_Detection | [3af0d842-8f18-452d-ab17-da8e6d584bd1] verdict=BENIGN MAE=0.420576 threshold=0.500000 latency=118.284ms
2026-09-30 15:49:14 | INFO     | HIDS_API | POST /detection/predict status=200 122.38ms
2026-09-30 15:49:14 | INFO     | uvicorn.access | 127.0.0.1:50146 - "POST /detection/predict HTTP/1.1" 200
2026-09-30 15:49:14 | INFO     | HIDS_Detection | [fdf31929-bcce-4e55-a29b-9d4d94c09373] verdict=BENIGN MAE=0.472967 threshold=0.500000 latency=128.576ms
2026-09-30 15:49:14 | INFO     | HIDS_API | POST /detection/predict status=200 130.93ms
2026-09-30 15:49:14 | INFO     | uvicorn.access | 127.0.0.1:50160 - "POST /detection/predict HTTP/1.1" 200
2026-09-30 15:49:14 | INFO     | HIDS_Detection | [e9a0d1af-605c-43eb-a932-40fe3155b4c1] verdict=BENIGN MAE=0.446125 threshold=0.500000 latency=103.823ms
2026-09-30 15:49:14 | INFO     | HIDS_API | POST /detection/predict status=200 108.71ms
2026-09-30 15:49:14 | INFO     | uvicorn.access | 127.0.0.1:50164 - "POST /detection/predict HTTP/1.1" 200
2026-09-30 15:49:14 | INFO     | HIDS_Detection | [1320077a-5014-4182-96d2-b72b4f61431a] verdict=BENIGN MAE=0.446096 threshold=0.500000 latency=76.958ms
2026-09-30 15:49:14 | INFO     | HIDS_API | POST /detection/predict status=200 79.93ms
2026-09-30 15:49:14 | INFO     | uvicorn.access | 127.0.0.1:50180 - "POST /detection/predict HTTP/1.1" 200
2026-09-30 15:49:14 | INFO     | HIDS_Detection | [aed81c58-2d3a-4d36-8957-4ca3ac2f3d7f] verdict=BENIGN MAE=0.421000 threshold=0.500000 latency=90.508ms
2026-09-30 15:49:14 | INFO     | HIDS_API | POST /detection/predict status=200 93.06ms
2026-09-30 15:49:14 | INFO     | uvicorn.access | 127.0.0.1:50194 - "POST /detection/predict HTTP/1.1" 200
2026-09-30 15:49:14 | INFO     | HIDS_Detection | [8c0f9cbc-d696-4962-86ed-80aa3b29114c] verdict=BENIGN MAE=0.438721 threshold=0.500000 latency=79.18ms
2026-09-30 15:49:14 | INFO     | HIDS_API | POST /detection/predict status=200 86.21ms
2026-09-30 15:49:14 | INFO     | uvicorn.access | 127.0.0.1:50200 - "POST /detection/predict HTTP/1.1" 200
2026-09-30 15:49:14 | INFO     | HIDS_Detection | [c2c44bb5-ced1-4ebf-ba11-ef68fe752018] verdict=BENIGN MAE=0.459299 threshold=0.500000 latency=81.714ms
2026-09-30 15:49:14 | INFO     | HIDS_API | POST /detection/predict status=200 83.77ms
2026-09-30 15:49:14 | INFO     | uvicorn.access | 127.0.0.1:50216 - "POST /detection/predict HTTP/1.1" 200
2026-09-30 15:49:14 | INFO     | HIDS_Detection | [83e5ae8f-5146-44e5-b598-5a583ee00a52] verdict=BENIGN MAE=0.438144 threshold=0.500000 latency=80.221ms
2026-09-30 15:49:14 | INFO     | HIDS_API | POST /detection/predict status=200 83.08ms
2026-09-30 15:49:14 | INFO     | uvicorn.access | 127.0.0.1:50230 - "POST /detection/predict HTTP/1.1" 200
2026-09-30 15:49:15 | INFO     | HIDS_Detection | [9f20f2f2-f184-4217-ad30-fcf89ca1be40] verdict=BENIGN MAE=0.439424 threshold=0.500000 latency=109.546ms
2026-09-30 15:49:15 | INFO     | HIDS_API | POST /detection/predict status=200 117.54ms
2026-09-30 15:49:15 | INFO     | uvicorn.access | 127.0.0.1:50236 - "POST /detection/predict HTTP/1.1" 200
2026-09-30 15:49:15 | INFO     | HIDS_Detection | [3f03f9d8-ac9d-4000-8ad6-d9c8b2293f17] verdict=BENIGN MAE=0.459298 threshold=0.500000 latency=97.992ms
2026-09-30 15:49:15 | INFO     | HIDS_API | POST /detection/predict status=200 105.37ms
2026-09-30 15:49:15 | INFO     | uvicorn.access | 127.0.0.1:50252 - "POST /detection/predict HTTP/1.1" 200
2026-09-30 15:49:15 | INFO     | HIDS_Detection | [5b4b9e3d-b2d7-4084-b536-cd9ff7c17537] verdict=BENIGN MAE=0.430551 threshold=0.500000 latency=82.263ms
2026-09-30 15:49:15 | INFO     | HIDS_API | POST /detection/predict status=200 84.88ms
2026-09-30 15:49:15 | INFO     | uvicorn.access | 127.0.0.1:50262 - "POST /detection/predict HTTP/1.1" 200
2026-09-30 15:49:15 | INFO     | HIDS_Detection | [918ad700-d88f-4d3d-a247-e789534919a5] verdict=BENIGN MAE=0.437546 threshold=0.500000 latency=124.613ms
2026-09-30 15:49:15 | INFO     | HIDS_API | POST /detection/predict status=200 128.41ms
2026-09-30 15:49:15 | INFO     | uvicorn.access | 127.0.0.1:50274 - "POST /detection/predict HTTP/1.1" 200
2026-09-30 15:49:15 | INFO     | HIDS_Detection | [fa4fd13a-e60f-4919-9631-50587717b4d9] verdict=BENIGN MAE=0.459294 threshold=0.500000 latency=83.058ms
2026-09-30 15:49:15 | INFO     | HIDS_API | POST /detection/predict status=200 86.88ms
2026-09-30 15:49:15 | INFO     | uvicorn.access | 127.0.0.1:50290 - "POST /detection/predict HTTP/1.1" 200
2026-09-30 15:49:15 | INFO     | HIDS_Detection | [d44b9e2d-021e-434d-8434-51860e50f9f7] verdict=BENIGN MAE=0.436125 threshold=0.500000 latency=74.618ms
2026-09-30 15:49:15 | INFO     | HIDS_API | POST /detection/predict status=200 77.28ms
2026-09-30 15:49:15 | INFO     | uvicorn.access | 127.0.0.1:50300 - "POST /detection/predict HTTP/1.1" 200
2026-09-30 15:49:15 | INFO     | HIDS_Detection | [aeb74b85-ff3c-436a-ae1e-81df59ca8866] verdict=BENIGN MAE=0.439708 threshold=0.500000 latency=85.912ms
2026-09-30 15:49:15 | INFO     | HIDS_API | POST /detection/predict status=200 88.52ms
2026-09-30 15:49:15 | INFO     | uvicorn.access | 127.0.0.1:50314 - "POST /detection/predict HTTP/1.1" 200
2026-09-30 15:49:15 | INFO     | HIDS_Detection | [28d2ab1a-b54c-46dd-98df-29ce9a8d8f22] verdict=BENIGN MAE=0.459294 threshold=0.500000 latency=99.883ms
2026-09-30 15:49:15 | INFO     | HIDS_API | POST /detection/predict status=200 103.43ms
2026-09-30 15:49:15 | INFO     | uvicorn.access | 127.0.0.1:50320 - "POST /detection/predict HTTP/1.1" 200
2026-09-30 15:49:15 | INFO     | HIDS_Detection | [ca5aba73-d0cd-46ef-8c33-810067c75995] verdict=BENIGN MAE=0.436188 threshold=0.500000 latency=92.892ms
2026-09-30 15:49:15 | INFO     | HIDS_API | POST /detection/predict status=200 95.22ms
2026-09-30 15:49:15 | INFO     | uvicorn.access | 127.0.0.1:50326 - "POST /detection/predict HTTP/1.1" 200
2026-09-30 15:49:16 | INFO     | HIDS_Detection | [8d396aae-a5e6-4521-b800-0029a90a9135] verdict=BENIGN MAE=0.438737 threshold=0.500000 latency=113.897ms
2026-09-30 15:49:16 | INFO     | HIDS_API | POST /detection/predict status=200 118.29ms
2026-09-30 15:49:16 | INFO     | uvicorn.access | 127.0.0.1:50332 - "POST /detection/predict HTTP/1.1" 200
2026-09-30 15:49:16 | INFO     | HIDS_Detection | [702e2d9e-ba2d-4ba5-b205-1258a12bc6f5] verdict=BENIGN MAE=0.459273 threshold=0.500000 latency=98.31ms
2026-09-30 15:49:16 | INFO     | HIDS_API | POST /detection/predict status=200 101.44ms
2026-09-30 15:49:16 | INFO     | uvicorn.access | 127.0.0.1:50346 - "POST /detection/predict HTTP/1.1" 200
2026-09-30 15:49:16 | INFO     | HIDS_Detection | [b9e9ebba-966e-46cf-b784-007c15369d14] verdict=BENIGN MAE=0.446128 threshold=0.500000 latency=92.665ms
2026-09-30 15:49:16 | INFO     | HIDS_API | POST /detection/predict status=200 95.53ms
2026-09-30 15:49:16 | INFO     | uvicorn.access | 127.0.0.1:50352 - "POST /detection/predict HTTP/1.1" 200
2026-09-30 15:49:16 | INFO     | HIDS_Detection | [79e580d0-715b-479a-bfe7-711a26d96bcd] verdict=BENIGN MAE=0.446126 threshold=0.500000 latency=85.492ms
2026-09-30 15:49:16 | INFO     | HIDS_API | POST /detection/predict status=200 89.71ms
2026-09-30 15:49:16 | INFO     | uvicorn.access | 127.0.0.1:50364 - "POST /detection/predict HTTP/1.1" 200
2026-09-30 15:49:16 | INFO     | HIDS_Detection | [7a800199-8646-4cef-9a87-0a2b496e9d6d] verdict=BENIGN MAE=0.459304 threshold=0.500000 latency=136.549ms
2026-09-30 15:49:16 | INFO     | HIDS_API | POST /detection/predict status=200 139.66ms
2026-09-30 15:49:16 | INFO     | uvicorn.access | 127.0.0.1:50376 - "POST /detection/predict HTTP/1.1" 200
2026-09-30 15:49:16 | INFO     | HIDS_Detection | [aee78796-d848-42cd-b2a1-e8b1e23f1ae2] verdict=BENIGN MAE=0.446129 threshold=0.500000 latency=104.935ms
2026-09-30 15:49:16 | INFO     | HIDS_API | POST /detection/predict status=200 107.40ms
2026-09-30 15:49:16 | INFO     | uvicorn.access | 127.0.0.1:50390 - "POST /detection/predict HTTP/1.1" 200
2026-09-30 15:49:16 | INFO     | HIDS_Detection | [f313b0b3-806e-4f10-8648-20bd9614a6f9] verdict=BENIGN MAE=0.446127 threshold=0.500000 latency=110.123ms
2026-09-30 15:49:16 | INFO     | HIDS_API | POST /detection/predict status=200 116.84ms
2026-09-30 15:49:16 | INFO     | uvicorn.access | 127.0.0.1:50394 - "POST /detection/predict HTTP/1.1" 200
2026-09-30 15:49:17 | INFO     | HIDS_Detection | [1077a73c-24b8-4f44-8ee7-3960536154c8] verdict=BENIGN MAE=0.459295 threshold=0.500000 latency=140.827ms
2026-09-30 15:49:17 | INFO     | HIDS_API | POST /detection/predict status=200 145.44ms
2026-09-30 15:49:17 | INFO     | uvicorn.access | 127.0.0.1:50398 - "POST /detection/predict HTTP/1.1" 200
2026-09-30 15:49:17 | INFO     | HIDS_Detection | [d0792076-d2e9-408c-97ce-9dd06efe395f] verdict=BENIGN MAE=0.446123 threshold=0.500000 latency=93.182ms
2026-09-30 15:49:17 | INFO     | HIDS_API | POST /detection/predict status=200 96.16ms
2026-09-30 15:49:17 | INFO     | uvicorn.access | 127.0.0.1:50410 - "POST /detection/predict HTTP/1.1" 200
2026-09-30 15:49:17 | INFO     | HIDS_Detection | [5b63f323-bea2-486a-bf47-6a3d049a48f9] verdict=BENIGN MAE=0.446128 threshold=0.500000 latency=76.451ms
2026-09-30 15:49:17 | INFO     | HIDS_API | POST /detection/predict status=200 80.99ms
2026-09-30 15:49:17 | INFO     | uvicorn.access | 127.0.0.1:50422 - "POST /detection/predict HTTP/1.1" 200
2026-09-30 15:49:17 | INFO     | HIDS_Detection | [56cced51-fa77-4d0c-8603-097444ac2b7e] verdict=BENIGN MAE=0.462694 threshold=0.500000 latency=135.332ms
2026-09-30 15:49:17 | INFO     | HIDS_API | POST /detection/predict status=200 138.84ms
2026-09-30 15:49:17 | INFO     | uvicorn.access | 127.0.0.1:50428 - "POST /detection/predict HTTP/1.1" 200
2026-09-30 15:49:17 | INFO     | HIDS_Detection | [f7ba1892-fd42-4021-97df-a85775e66b61] verdict=BENIGN MAE=0.459296 threshold=0.500000 latency=113.31ms
2026-09-30 15:49:17 | INFO     | HIDS_API | POST /detection/predict status=200 117.93ms
2026-09-30 15:49:17 | INFO     | uvicorn.access | 127.0.0.1:50430 - "POST /detection/predict HTTP/1.1" 200
2026-09-30 15:49:17 | INFO     | HIDS_Detection | [cf72f9e1-09ef-419b-9edf-998aa12c50c0] verdict=BENIGN MAE=0.459299 threshold=0.500000 latency=104.747ms
2026-09-30 15:49:17 | INFO     | HIDS_API | POST /detection/predict status=200 107.57ms
2026-09-30 15:49:17 | INFO     | uvicorn.access | 127.0.0.1:50444 - "POST /detection/predict HTTP/1.1" 200
2026-09-30 15:49:17 | INFO     | HIDS_Detection | [651a7487-9736-478e-86bf-49c9d5bdfb42] verdict=BENIGN MAE=0.429499 threshold=0.500000 latency=119.861ms
2026-09-30 15:49:17 | INFO     | HIDS_API | POST /detection/predict status=200 124.35ms
2026-09-30 15:49:17 | INFO     | uvicorn.access | 127.0.0.1:50446 - "POST /detection/predict HTTP/1.1" 200
2026-09-30 15:49:17 | INFO     | HIDS_Detection | [0a4a096b-c5e9-460c-9941-bbd78074a847] verdict=BENIGN MAE=0.431950 threshold=0.500000 latency=99.53ms
2026-09-30 15:49:17 | INFO     | HIDS_API | POST /detection/predict status=200 106.31ms
2026-09-30 15:49:17 | INFO     | uvicorn.access | 127.0.0.1:50448 - "POST /detection/predict HTTP/1.1" 200
2026-09-30 15:49:18 | INFO     | HIDS_Detection | [b7707e21-fb9e-441d-9689-ee32bc540d9b] verdict=BENIGN MAE=0.459301 threshold=0.500000 latency=94.628ms
2026-09-30 15:49:18 | INFO     | HIDS_API | POST /detection/predict status=200 118.81ms
2026-09-30 15:49:18 | INFO     | uvicorn.access | 127.0.0.1:50458 - "POST /detection/predict HTTP/1.1" 200
2026-09-30 15:49:18 | INFO     | HIDS_Detection | [eff7e418-3ecc-4d97-aaee-6c7b2193ede7] verdict=BENIGN MAE=0.432139 threshold=0.500000 latency=106.131ms
2026-09-30 15:49:18 | INFO     | HIDS_API | POST /detection/predict status=200 109.53ms
2026-09-30 15:49:18 | INFO     | uvicorn.access | 127.0.0.1:50466 - "POST /detection/predict HTTP/1.1" 200
2026-09-30 15:49:18 | INFO     | HIDS_Detection | [fff8626c-d2d9-4342-95e6-c6672a0d52a3] verdict=BENIGN MAE=0.459296 threshold=0.500000 latency=107.074ms
2026-09-30 15:49:18 | INFO     | HIDS_API | POST /detection/predict status=200 109.84ms
2026-09-30 15:49:18 | INFO     | uvicorn.access | 127.0.0.1:50468 - "POST /detection/predict HTTP/1.1" 200
2026-09-30 15:49:18 | INFO     | HIDS_Detection | [bfefa8a6-e3af-43bd-a401-7d1492a727fe] verdict=BENIGN MAE=0.459291 threshold=0.500000 latency=86.816ms
2026-09-30 15:49:18 | INFO     | HIDS_API | POST /detection/predict status=200 90.70ms
2026-09-30 15:49:18 | INFO     | uvicorn.access | 127.0.0.1:50470 - "POST /detection/predict HTTP/1.1" 200
2026-09-30 15:49:18 | INFO     | HIDS_Detection | [04cdb02c-6885-444b-95ad-d48cd5606337] verdict=BENIGN MAE=0.435035 threshold=0.500000 latency=83.711ms
2026-09-30 15:49:18 | INFO     | HIDS_API | POST /detection/predict status=200 87.42ms
2026-09-30 15:49:18 | INFO     | uvicorn.access | 127.0.0.1:50472 - "POST /detection/predict HTTP/1.1" 200
2026-09-30 15:49:18 | INFO     | HIDS_Detection | [62c6f47f-59fc-41da-96bf-4adab351fde6] verdict=BENIGN MAE=0.459290 threshold=0.500000 latency=110.208ms
2026-09-30 15:49:18 | INFO     | HIDS_API | POST /detection/predict status=200 113.60ms
2026-09-30 15:49:18 | INFO     | uvicorn.access | 127.0.0.1:50488 - "POST /detection/predict HTTP/1.1" 200
2026-09-30 15:49:18 | INFO     | HIDS_Detection | [2f526d27-b16f-4d2c-b962-994fba49d706] verdict=BENIGN MAE=0.459305 threshold=0.500000 latency=115.74ms
2026-09-30 15:49:18 | INFO     | HIDS_API | POST /detection/predict status=200 118.00ms
2026-09-30 15:49:18 | INFO     | uvicorn.access | 127.0.0.1:50504 - "POST /detection/predict HTTP/1.1" 200
2026-09-30 15:49:18 | INFO     | HIDS_Detection | [cd366a77-cfa7-4adc-821f-7e5cfd17cec9] verdict=BENIGN MAE=0.446117 threshold=0.500000 latency=96.756ms
2026-09-30 15:49:18 | INFO     | HIDS_API | POST /detection/predict status=200 99.38ms
2026-09-30 15:49:18 | INFO     | uvicorn.access | 127.0.0.1:50508 - "POST /detection/predict HTTP/1.1" 200
2026-09-30 15:49:19 | INFO     | HIDS_Detection | [534c1a62-e041-4059-aeb5-a787c26dadf6] verdict=BENIGN MAE=0.446128 threshold=0.500000 latency=100.353ms
2026-09-30 15:49:19 | INFO     | HIDS_API | POST /detection/predict status=200 103.46ms
2026-09-30 15:49:19 | INFO     | uvicorn.access | 127.0.0.1:50516 - "POST /detection/predict HTTP/1.1" 200
2026-09-30 15:49:19 | INFO     | HIDS_Detection | [1cc3bbc1-403a-4b69-9635-36081ed4a738] verdict=BENIGN MAE=0.446120 threshold=0.500000 latency=97.709ms
2026-09-30 15:49:19 | INFO     | HIDS_API | POST /detection/predict status=200 101.44ms
2026-09-30 15:49:19 | INFO     | uvicorn.access | 127.0.0.1:50530 - "POST /detection/predict HTTP/1.1" 200
2026-09-30 15:49:19 | INFO     | HIDS_Detection | [045ec287-7edd-4446-b3ad-eb9e4e1de590] verdict=BENIGN MAE=0.446128 threshold=0.500000 latency=91.87ms
2026-09-30 15:49:19 | INFO     | HIDS_API | POST /detection/predict status=200 94.42ms
2026-09-30 15:49:19 | INFO     | uvicorn.access | 127.0.0.1:50534 - "POST /detection/predict HTTP/1.1" 200
2026-09-30 15:49:19 | INFO     | HIDS_Detection | [8993dd6c-118c-4dfb-82f6-088519ede14a] verdict=BENIGN MAE=0.446127 threshold=0.500000 latency=87.357ms
2026-09-30 15:49:19 | INFO     | HIDS_API | POST /detection/predict status=200 91.07ms
2026-09-30 15:49:19 | INFO     | uvicorn.access | 127.0.0.1:50544 - "POST /detection/predict HTTP/1.1" 200
2026-09-30 15:49:19 | INFO     | HIDS_Detection | [ddd97cc8-d07b-4223-8d8d-12fdb29fba1d] verdict=BENIGN MAE=0.472968 threshold=0.500000 latency=96.438ms
2026-09-30 15:49:19 | INFO     | HIDS_API | POST /detection/predict status=200 99.86ms
2026-09-30 15:49:19 | INFO     | uvicorn.access | 127.0.0.1:50558 - "POST /detection/predict HTTP/1.1" 200
2026-09-30 15:49:19 | INFO     | HIDS_Detection | [730269c3-d5d3-45a3-8af3-c13c38b8d438] verdict=BENIGN MAE=0.459276 threshold=0.500000 latency=100.794ms
2026-09-30 15:49:19 | INFO     | HIDS_API | POST /detection/predict status=200 104.21ms
2026-09-30 15:49:19 | INFO     | uvicorn.access | 127.0.0.1:50566 - "POST /detection/predict HTTP/1.1" 200
2026-09-30 15:49:19 | INFO     | HIDS_Detection | [dc9b3c65-f12a-47eb-b1ae-bd4ffaf20260] verdict=BENIGN MAE=0.458561 threshold=0.500000 latency=111.687ms
2026-09-30 15:49:19 | INFO     | HIDS_API | POST /detection/predict status=200 115.57ms
2026-09-30 15:49:19 | INFO     | uvicorn.access | 127.0.0.1:50578 - "POST /detection/predict HTTP/1.1" 200
2026-09-30 15:49:19 | INFO     | HIDS_Detection | [c7029115-a707-4367-b757-eda25dd0221f] verdict=BENIGN MAE=0.435579 threshold=0.500000 latency=109.77ms
2026-09-30 15:49:19 | INFO     | HIDS_API | POST /detection/predict status=200 112.23ms
2026-09-30 15:49:19 | INFO     | uvicorn.access | 127.0.0.1:50584 - "POST /detection/predict HTTP/1.1" 200
2026-09-30 15:49:20 | INFO     | HIDS_Detection | [e771a216-6041-4d1e-8bc3-a6147041b93d] verdict=BENIGN MAE=0.459301 threshold=0.500000 latency=96.673ms
2026-09-30 15:49:20 | INFO     | HIDS_API | POST /detection/predict status=200 99.26ms
2026-09-30 15:49:20 | INFO     | uvicorn.access | 127.0.0.1:50592 - "POST /detection/predict HTTP/1.1" 200
2026-09-30 15:49:20 | INFO     | HIDS_Detection | [51159ccd-e26d-4e8b-8d66-dc885e424733] verdict=BENIGN MAE=0.459298 threshold=0.500000 latency=83.761ms
2026-09-30 15:49:20 | INFO     | HIDS_API | POST /detection/predict status=200 86.39ms
2026-09-30 15:49:20 | INFO     | uvicorn.access | 127.0.0.1:50606 - "POST /detection/predict HTTP/1.1" 200
2026-09-30 15:49:20 | INFO     | HIDS_Detection | [12bac819-973c-4431-8e2f-68743205f7d6] verdict=BENIGN MAE=0.438655 threshold=0.500000 latency=90.866ms
2026-09-30 15:49:20 | INFO     | HIDS_API | POST /detection/predict status=200 93.21ms
2026-09-30 15:49:20 | INFO     | uvicorn.access | 127.0.0.1:50610 - "POST /detection/predict HTTP/1.1" 200
2026-09-30 15:49:20 | INFO     | HIDS_Detection | [b83015d3-265a-4664-8e30-3de41d9caa69] verdict=BENIGN MAE=0.438655 threshold=0.500000 latency=101.969ms
2026-09-30 15:49:20 | INFO     | HIDS_API | POST /detection/predict status=200 104.38ms
2026-09-30 15:49:20 | INFO     | uvicorn.access | 127.0.0.1:50616 - "POST /detection/predict HTTP/1.1" 200
2026-09-30 15:49:20 | INFO     | HIDS_Detection | [3a3bea1a-c968-46a4-bb25-a72ecd268423] verdict=BENIGN MAE=0.459283 threshold=0.500000 latency=94.441ms
2026-09-30 15:49:20 | INFO     | HIDS_API | POST /detection/predict status=200 97.25ms
2026-09-30 15:49:20 | INFO     | uvicorn.access | 127.0.0.1:50620 - "POST /detection/predict HTTP/1.1" 200
2026-09-30 15:49:20 | INFO     | HIDS_Detection | [d7380e10-16b5-40b9-aa67-04045bf1e309] verdict=BENIGN MAE=0.436177 threshold=0.500000 latency=96.75ms
2026-09-30 15:49:20 | INFO     | HIDS_API | POST /detection/predict status=200 99.49ms
2026-09-30 15:49:20 | INFO     | uvicorn.access | 127.0.0.1:50636 - "POST /detection/predict HTTP/1.1" 200
2026-09-30 15:49:20 | INFO     | HIDS_Detection | [feaf67ac-3f1e-4d68-8f78-7097d175cd0f] verdict=BENIGN MAE=0.437906 threshold=0.500000 latency=94.129ms
2026-09-30 15:49:20 | INFO     | HIDS_API | POST /detection/predict status=200 97.94ms
2026-09-30 15:49:20 | INFO     | uvicorn.access | 127.0.0.1:50640 - "POST /detection/predict HTTP/1.1" 200
2026-09-30 15:49:20 | INFO     | HIDS_Detection | [1c1744ea-f64d-4285-a2cc-0ff5754854aa] verdict=BENIGN MAE=0.459295 threshold=0.500000 latency=97.687ms
2026-09-30 15:49:20 | INFO     | HIDS_API | POST /detection/predict status=200 99.91ms
2026-09-30 15:49:20 | INFO     | uvicorn.access | 127.0.0.1:50644 - "POST /detection/predict HTTP/1.1" 200
2026-09-30 15:49:20 | INFO     | HIDS_Detection | [45321974-ef32-496b-957a-bf54c43712b7] verdict=BENIGN MAE=0.437038 threshold=0.500000 latency=78.692ms
2026-09-30 15:49:20 | INFO     | HIDS_API | POST /detection/predict status=200 81.58ms
2026-09-30 15:49:20 | INFO     | uvicorn.access | 127.0.0.1:50658 - "POST /detection/predict HTTP/1.1" 200
2026-09-30 15:49:20 | INFO     | HIDS_Detection | [1671b1bd-7faa-4219-a002-8e2dbe8dec60] verdict=BENIGN MAE=0.439737 threshold=0.500000 latency=97.563ms
2026-09-30 15:49:21 | INFO     | HIDS_API | POST /detection/predict status=200 101.41ms
2026-09-30 15:49:21 | INFO     | uvicorn.access | 127.0.0.1:50662 - "POST /detection/predict HTTP/1.1" 200
2026-09-30 15:49:21 | INFO     | HIDS_Detection | [6d0e05c8-2447-410c-a1dc-56132dc3846c] verdict=BENIGN MAE=0.459273 threshold=0.500000 latency=84.52ms
2026-09-30 15:49:21 | INFO     | HIDS_API | POST /detection/predict status=200 87.04ms
2026-09-30 15:49:21 | INFO     | uvicorn.access | 127.0.0.1:50668 - "POST /detection/predict HTTP/1.1" 200
2026-09-30 15:49:21 | INFO     | HIDS_Detection | [978425c7-ef3a-4d1f-a04b-ace2c3d5eeee] verdict=BENIGN MAE=0.437772 threshold=0.500000 latency=83.835ms
2026-09-30 15:49:21 | INFO     | HIDS_API | POST /detection/predict status=200 86.81ms
2026-09-30 15:49:21 | INFO     | uvicorn.access | 127.0.0.1:50670 - "POST /detection/predict HTTP/1.1" 200
2026-09-30 15:49:21 | INFO     | HIDS_Detection | [ffcc0ef2-3f53-4f5f-af13-5978be05ae3c] verdict=BENIGN MAE=0.439233 threshold=0.500000 latency=108.497ms
2026-09-30 15:49:21 | INFO     | HIDS_API | POST /detection/predict status=200 110.90ms
2026-09-30 15:49:21 | INFO     | uvicorn.access | 127.0.0.1:50684 - "POST /detection/predict HTTP/1.1" 200
2026-09-30 15:49:21 | INFO     | HIDS_Detection | [f50d3749-ed96-424f-a50b-a299d622b4fc] verdict=BENIGN MAE=0.459298 threshold=0.500000 latency=90.03ms
2026-09-30 15:49:21 | INFO     | HIDS_API | POST /detection/predict status=200 92.73ms
2026-09-30 15:49:21 | INFO     | uvicorn.access | 127.0.0.1:50696 - "POST /detection/predict HTTP/1.1" 200
2026-09-30 15:49:21 | INFO     | HIDS_Detection | [e82573b3-d509-44c5-ad2c-fc16a9633dbd] verdict=BENIGN MAE=0.434928 threshold=0.500000 latency=131.332ms
2026-09-30 15:49:21 | INFO     | HIDS_API | POST /detection/predict status=200 135.35ms
2026-09-30 15:49:21 | INFO     | uvicorn.access | 127.0.0.1:50710 - "POST /detection/predict HTTP/1.1" 200
2026-09-30 15:49:21 | INFO     | HIDS_Detection | [098d0970-72a0-4b07-9c64-638a49634043] verdict=BENIGN MAE=0.430341 threshold=0.500000 latency=99.191ms
2026-09-30 15:49:21 | INFO     | HIDS_API | POST /detection/predict status=200 102.05ms
2026-09-30 15:49:21 | INFO     | uvicorn.access | 127.0.0.1:43130 - "POST /detection/predict HTTP/1.1" 200
2026-09-30 15:49:21 | INFO     | HIDS_Detection | [e57f732d-c8f0-4704-a7f0-ee04ba00d458] verdict=BENIGN MAE=0.459299 threshold=0.500000 latency=93.208ms
2026-09-30 15:49:21 | INFO     | HIDS_API | POST /detection/predict status=200 100.11ms
2026-09-30 15:49:21 | INFO     | uvicorn.access | 127.0.0.1:43140 - "POST /detection/predict HTTP/1.1" 200
2026-09-30 15:49:21 | INFO     | HIDS_Detection | [85839f6e-7395-44f7-af4e-03d0f39b8358] verdict=BENIGN MAE=0.446129 threshold=0.500000 latency=78.918ms
2026-09-30 15:49:21 | INFO     | HIDS_API | POST /detection/predict status=200 81.78ms
2026-09-30 15:49:21 | INFO     | uvicorn.access | 127.0.0.1:43156 - "POST /detection/predict HTTP/1.1" 200
2026-09-30 15:49:22 | INFO     | HIDS_Detection | [1975f3b2-34fe-41fb-8ac2-dfe52464c395] verdict=BENIGN MAE=0.446126 threshold=0.500000 latency=85.547ms
2026-09-30 15:49:22 | INFO     | HIDS_API | POST /detection/predict status=200 87.55ms
2026-09-30 15:49:22 | INFO     | uvicorn.access | 127.0.0.1:43172 - "POST /detection/predict HTTP/1.1" 200
2026-09-30 15:49:22 | INFO     | HIDS_Detection | [9d29fcfc-16a7-4cdb-b570-e1207d2504f7] verdict=BENIGN MAE=0.459301 threshold=0.500000 latency=83.118ms
2026-09-30 15:49:22 | INFO     | HIDS_API | POST /detection/predict status=200 85.88ms
2026-09-30 15:49:22 | INFO     | uvicorn.access | 127.0.0.1:43176 - "POST /detection/predict HTTP/1.1" 200
2026-09-30 15:49:22 | INFO     | HIDS_Detection | [28d0adda-d850-4ce1-a57d-4bde44f4cb1e] verdict=BENIGN MAE=0.412802 threshold=0.500000 latency=79.337ms
2026-09-30 15:49:22 | INFO     | HIDS_API | POST /detection/predict status=200 81.95ms
2026-09-30 15:49:22 | INFO     | uvicorn.access | 127.0.0.1:43184 - "POST /detection/predict HTTP/1.1" 200
2026-09-30 15:49:22 | INFO     | HIDS_Detection | [8cc526d8-a6c4-4fca-ae37-7cb120e9aaed] verdict=BENIGN MAE=0.439209 threshold=0.500000 latency=82.765ms
2026-09-30 15:49:22 | INFO     | HIDS_API | POST /detection/predict status=200 85.59ms
2026-09-30 15:49:22 | INFO     | uvicorn.access | 127.0.0.1:43194 - "POST /detection/predict HTTP/1.1" 200
2026-09-30 15:49:22 | INFO     | HIDS_Detection | [a73e018f-81e2-4bd9-b53a-200d402650c9] verdict=BENIGN MAE=0.459302 threshold=0.500000 latency=84.105ms
2026-09-30 15:49:22 | INFO     | HIDS_API | POST /detection/predict status=200 86.59ms
2026-09-30 15:49:22 | INFO     | uvicorn.access | 127.0.0.1:43208 - "POST /detection/predict HTTP/1.1" 200
2026-09-30 15:49:22 | INFO     | HIDS_Detection | [3319d64b-31e3-44a2-a232-375e40df58f1] verdict=BENIGN MAE=0.459300 threshold=0.500000 latency=83.537ms
2026-09-30 15:49:22 | INFO     | HIDS_API | POST /detection/predict status=200 86.67ms
2026-09-30 15:49:22 | INFO     | uvicorn.access | 127.0.0.1:43210 - "POST /detection/predict HTTP/1.1" 200
2026-09-30 15:49:22 | INFO     | HIDS_Detection | [fe711ae7-8cef-46c7-802a-c76535f2a514] verdict=BENIGN MAE=0.446128 threshold=0.500000 latency=79.131ms
2026-09-30 15:49:22 | INFO     | HIDS_API | POST /detection/predict status=200 81.41ms
2026-09-30 15:49:22 | INFO     | uvicorn.access | 127.0.0.1:43226 - "POST /detection/predict HTTP/1.1" 200
2026-09-30 15:49:22 | INFO     | HIDS_Detection | [76da459c-9387-457c-98ba-e43fd47ca19e] verdict=BENIGN MAE=0.459303 threshold=0.500000 latency=82.035ms
2026-09-30 15:49:22 | INFO     | HIDS_API | POST /detection/predict status=200 85.47ms
2026-09-30 15:49:22 | INFO     | uvicorn.access | 127.0.0.1:43228 - "POST /detection/predict HTTP/1.1" 200
2026-09-30 15:49:22 | INFO     | HIDS_Detection | [fb24f574-f8a9-4130-91ec-fe4303c5ad42] verdict=BENIGN MAE=0.446129 threshold=0.500000 latency=83.027ms
2026-09-30 15:49:22 | INFO     | HIDS_API | POST /detection/predict status=200 86.42ms
2026-09-30 15:49:22 | INFO     | uvicorn.access | 127.0.0.1:43230 - "POST /detection/predict HTTP/1.1" 200
2026-09-30 15:49:22 | INFO     | HIDS_Detection | [883f93f6-1d9c-42ae-971f-9467177d35bf] verdict=BENIGN MAE=0.446126 threshold=0.500000 latency=78.895ms
2026-09-30 15:49:22 | INFO     | HIDS_API | POST /detection/predict status=200 81.36ms
2026-09-30 15:49:22 | INFO     | uvicorn.access | 127.0.0.1:43232 - "POST /detection/predict HTTP/1.1" 200
2026-09-30 15:49:23 | INFO     | HIDS_Detection | [d5dbbd24-b61f-4f73-bfde-361b35232b25] verdict=BENIGN MAE=0.446128 threshold=0.500000 latency=76.089ms
2026-09-30 15:49:23 | INFO     | HIDS_API | POST /detection/predict status=200 78.93ms
2026-09-30 15:49:23 | INFO     | uvicorn.access | 127.0.0.1:43246 - "POST /detection/predict HTTP/1.1" 200
2026-09-30 15:49:23 | INFO     | HIDS_Detection | [b90ee127-5be5-4e16-9504-87b2afa18252] verdict=BENIGN MAE=0.459305 threshold=0.500000 latency=80.792ms
2026-09-30 15:49:23 | INFO     | HIDS_API | POST /detection/predict status=200 83.21ms
2026-09-30 15:49:23 | INFO     | uvicorn.access | 127.0.0.1:43256 - "POST /detection/predict HTTP/1.1" 200
2026-09-30 15:49:23 | INFO     | HIDS_Detection | [073a1fa6-f0f0-4fe6-a259-3f5733eaa7f6] verdict=BENIGN MAE=0.459302 threshold=0.500000 latency=84.257ms
2026-09-30 15:49:23 | INFO     | HIDS_API | POST /detection/predict status=200 86.26ms
2026-09-30 15:49:23 | INFO     | uvicorn.access | 127.0.0.1:43266 - "POST /detection/predict HTTP/1.1" 200
2026-09-30 15:49:23 | INFO     | HIDS_Detection | [10641657-7874-44e5-aae9-07ba47039606] verdict=BENIGN MAE=0.446703 threshold=0.500000 latency=77.01ms
2026-09-30 15:49:23 | INFO     | HIDS_API | POST /detection/predict status=200 79.96ms
2026-09-30 15:49:23 | INFO     | uvicorn.access | 127.0.0.1:43282 - "POST /detection/predict HTTP/1.1" 200
2026-09-30 15:49:23 | INFO     | HIDS_Detection | [c735deba-2079-4fa2-807e-fd0fb8ab9e5c] verdict=BENIGN MAE=0.459288 threshold=0.500000 latency=83.473ms
2026-09-30 15:49:23 | INFO     | HIDS_API | POST /detection/predict status=200 86.81ms
2026-09-30 15:49:23 | INFO     | uvicorn.access | 127.0.0.1:43298 - "POST /detection/predict HTTP/1.1" 200
2026-09-30 15:49:23 | INFO     | HIDS_Detection | [c33c2872-fa41-4af2-aa3d-463c04fe0093] verdict=BENIGN MAE=0.446124 threshold=0.500000 latency=77.824ms
2026-09-30 15:49:23 | INFO     | HIDS_API | POST /detection/predict status=200 80.49ms
2026-09-30 15:49:23 | INFO     | uvicorn.access | 127.0.0.1:43306 - "POST /detection/predict HTTP/1.1" 200
2026-09-30 15:49:23 | INFO     | HIDS_Detection | [97062f8a-a544-46e7-86e6-4e3c77032032] verdict=BENIGN MAE=0.446129 threshold=0.500000 latency=77.26ms
2026-09-30 15:49:23 | INFO     | HIDS_API | POST /detection/predict status=200 79.41ms
2026-09-30 15:49:23 | INFO     | uvicorn.access | 127.0.0.1:43308 - "POST /detection/predict HTTP/1.1" 200
2026-09-30 15:49:23 | INFO     | HIDS_Detection | [d910f1a2-7d9e-413e-87a8-75d38ef4d546] verdict=BENIGN MAE=0.424678 threshold=0.500000 latency=90.913ms
2026-09-30 15:49:23 | INFO     | HIDS_API | POST /detection/predict status=200 93.96ms
2026-09-30 15:49:23 | INFO     | uvicorn.access | 127.0.0.1:43310 - "POST /detection/predict HTTP/1.1" 200
2026-09-30 15:49:23 | INFO     | HIDS_Detection | [d44c0706-f835-4a98-b7ca-158eae77a48f] verdict=BENIGN MAE=0.438493 threshold=0.500000 latency=85.501ms
2026-09-30 15:49:23 | INFO     | HIDS_API | POST /detection/predict status=200 93.22ms
2026-09-30 15:49:23 | INFO     | uvicorn.access | 127.0.0.1:43316 - "POST /detection/predict HTTP/1.1" 200
2026-09-30 15:49:23 | INFO     | HIDS_Detection | [226cf062-ce28-400d-a10c-1052186799e0] verdict=BENIGN MAE=0.459299 threshold=0.500000 latency=80.261ms
2026-09-30 15:49:23 | INFO     | HIDS_API | POST /detection/predict status=200 82.74ms
2026-09-30 15:49:23 | INFO     | uvicorn.access | 127.0.0.1:43326 - "POST /detection/predict HTTP/1.1" 200
2026-09-30 15:49:24 | INFO     | HIDS_Detection | [191cdc0b-144e-4cc6-9313-00362c397bd8] verdict=BENIGN MAE=0.436938 threshold=0.500000 latency=78.658ms
2026-09-30 15:49:24 | INFO     | HIDS_API | POST /detection/predict status=200 81.82ms
2026-09-30 15:49:24 | INFO     | uvicorn.access | 127.0.0.1:43342 - "POST /detection/predict HTTP/1.1" 200
2026-09-30 15:49:24 | INFO     | HIDS_Detection | [f092148e-78b9-4c9a-9dd8-fda4a459cb1a] verdict=BENIGN MAE=0.439799 threshold=0.500000 latency=85.501ms
2026-09-30 15:49:24 | INFO     | HIDS_API | POST /detection/predict status=200 88.44ms
2026-09-30 15:49:24 | INFO     | uvicorn.access | 127.0.0.1:43350 - "POST /detection/predict HTTP/1.1" 200
2026-09-30 15:49:24 | INFO     | HIDS_Detection | [a44a33c8-406c-48bc-8252-25ff9835b859] verdict=BENIGN MAE=0.459294 threshold=0.500000 latency=80.323ms
2026-09-30 15:49:24 | INFO     | HIDS_API | POST /detection/predict status=200 82.16ms
2026-09-30 15:49:24 | INFO     | uvicorn.access | 127.0.0.1:43352 - "POST /detection/predict HTTP/1.1" 200
2026-09-30 15:49:24 | INFO     | HIDS_Detection | [07a5a724-0430-4e12-8a63-cc6d5af295c5] verdict=BENIGN MAE=0.441738 threshold=0.500000 latency=83.501ms
2026-09-30 15:49:24 | INFO     | HIDS_API | POST /detection/predict status=200 85.59ms
2026-09-30 15:49:24 | INFO     | uvicorn.access | 127.0.0.1:43356 - "POST /detection/predict HTTP/1.1" 200
2026-09-30 15:49:24 | INFO     | HIDS_Detection | [27a284d8-f033-439e-8cc1-3893c1b17447] verdict=BENIGN MAE=0.459295 threshold=0.500000 latency=84.658ms
2026-09-30 15:49:24 | INFO     | HIDS_API | POST /detection/predict status=200 87.14ms
2026-09-30 15:49:24 | INFO     | uvicorn.access | 127.0.0.1:43366 - "POST /detection/predict HTTP/1.1" 200
2026-09-30 15:49:24 | INFO     | HIDS_Detection | [20aaf089-2fc6-482e-b614-641c0a17cb65] verdict=BENIGN MAE=0.459299 threshold=0.500000 latency=80.535ms
2026-09-30 15:49:24 | INFO     | HIDS_API | POST /detection/predict status=200 82.76ms
2026-09-30 15:49:24 | INFO     | uvicorn.access | 127.0.0.1:43374 - "POST /detection/predict HTTP/1.1" 200
2026-09-30 15:49:24 | INFO     | HIDS_Detection | [326aab33-9d60-49c9-98f7-0c07730ec922] verdict=BENIGN MAE=0.442334 threshold=0.500000 latency=74.237ms
2026-09-30 15:49:24 | INFO     | HIDS_API | POST /detection/predict status=200 76.86ms
2026-09-30 15:49:24 | INFO     | uvicorn.access | 127.0.0.1:43378 - "POST /detection/predict HTTP/1.1" 200
2026-09-30 15:49:24 | INFO     | HIDS_Detection | [a2b0a759-a894-497a-8c17-f5f9e609de10] verdict=BENIGN MAE=0.446110 threshold=0.500000 latency=79.234ms
2026-09-30 15:49:24 | INFO     | HIDS_API | POST /detection/predict status=200 81.87ms
2026-09-30 15:49:24 | INFO     | uvicorn.access | 127.0.0.1:43386 - "POST /detection/predict HTTP/1.1" 200
2026-09-30 15:49:24 | INFO     | HIDS_Detection | [e6ad4848-d12a-496b-adf0-a278cd93c694] verdict=BENIGN MAE=0.459299 threshold=0.500000 latency=74.292ms
2026-09-30 15:49:24 | INFO     | HIDS_API | POST /detection/predict status=200 76.97ms
2026-09-30 15:49:24 | INFO     | uvicorn.access | 127.0.0.1:43396 - "POST /detection/predict HTTP/1.1" 200
2026-09-30 15:49:24 | INFO     | HIDS_Detection | [a73dedc8-b21b-4bf5-82c5-242ac29f84e1] verdict=BENIGN MAE=0.442090 threshold=0.500000 latency=81.858ms
2026-09-30 15:49:24 | INFO     | HIDS_API | POST /detection/predict status=200 83.92ms
2026-09-30 15:49:24 | INFO     | uvicorn.access | 127.0.0.1:43410 - "POST /detection/predict HTTP/1.1" 200
2026-09-30 15:49:24 | INFO     | HIDS_Detection | [d8137232-121f-478a-bf59-527017de8662] verdict=BENIGN MAE=0.459300 threshold=0.500000 latency=95.74ms
2026-09-30 15:49:24 | INFO     | HIDS_API | POST /detection/predict status=200 98.47ms
2026-09-30 15:49:24 | INFO     | uvicorn.access | 127.0.0.1:43418 - "POST /detection/predict HTTP/1.1" 200
2026-09-30 15:49:25 | INFO     | HIDS_Detection | [242d2c2f-3b87-45ba-aa9a-97be28d7e3fd] verdict=BENIGN MAE=0.459301 threshold=0.500000 latency=80.994ms
2026-09-30 15:49:25 | INFO     | HIDS_API | POST /detection/predict status=200 83.74ms
2026-09-30 15:49:25 | INFO     | uvicorn.access | 127.0.0.1:43422 - "POST /detection/predict HTTP/1.1" 200
2026-09-30 15:49:25 | INFO     | HIDS_Detection | [97b3935f-ceb5-4d51-834b-7fc819bea0ce] verdict=BENIGN MAE=0.439348 threshold=0.500000 latency=76.919ms
2026-09-30 15:49:25 | INFO     | HIDS_API | POST /detection/predict status=200 79.37ms
2026-09-30 15:49:25 | INFO     | uvicorn.access | 127.0.0.1:43428 - "POST /detection/predict HTTP/1.1" 200
2026-09-30 15:49:25 | INFO     | HIDS_Detection | [7fd7b23a-d993-4ce7-b6e7-843cb2fc5241] verdict=BENIGN MAE=0.439955 threshold=0.500000 latency=86.18ms
2026-09-30 15:49:25 | INFO     | HIDS_API | POST /detection/predict status=200 88.85ms
2026-09-30 15:49:25 | INFO     | uvicorn.access | 127.0.0.1:43436 - "POST /detection/predict HTTP/1.1" 200
2026-09-30 15:49:25 | INFO     | HIDS_Detection | [a1c2ce57-862a-4b7c-bd1c-d90b35b628e8] verdict=BENIGN MAE=0.459301 threshold=0.500000 latency=81.85ms
2026-09-30 15:49:25 | INFO     | HIDS_API | POST /detection/predict status=200 84.93ms
2026-09-30 15:49:25 | INFO     | uvicorn.access | 127.0.0.1:43448 - "POST /detection/predict HTTP/1.1" 200
2026-09-30 15:49:25 | INFO     | HIDS_Detection | [3b56efbe-0f08-48d4-a971-3181b2c004d2] verdict=BENIGN MAE=0.441691 threshold=0.500000 latency=80.084ms
2026-09-30 15:49:25 | INFO     | HIDS_API | POST /detection/predict status=200 82.55ms
2026-09-30 15:49:25 | INFO     | uvicorn.access | 127.0.0.1:43452 - "POST /detection/predict HTTP/1.1" 200
2026-09-30 15:49:25 | INFO     | HIDS_Detection | [4111080d-fe16-458a-8c1f-cb742d3442a7] verdict=BENIGN MAE=0.439690 threshold=0.500000 latency=90.159ms
2026-09-30 15:49:25 | INFO     | HIDS_API | POST /detection/predict status=200 92.87ms
2026-09-30 15:49:25 | INFO     | uvicorn.access | 127.0.0.1:43460 - "POST /detection/predict HTTP/1.1" 200
2026-09-30 15:49:25 | INFO     | HIDS_Detection | [8c08e663-b841-4efa-bc9c-8503da50cdfd] verdict=BENIGN MAE=0.459300 threshold=0.500000 latency=84.62ms
2026-09-30 15:49:25 | INFO     | HIDS_API | POST /detection/predict status=200 86.55ms
2026-09-30 15:49:25 | INFO     | uvicorn.access | 127.0.0.1:43466 - "POST /detection/predict HTTP/1.1" 200
2026-09-30 15:49:25 | INFO     | HIDS_Detection | [4bddf23a-4f9e-4867-87e1-c4a428d64ee9] verdict=BENIGN MAE=0.440640 threshold=0.500000 latency=81.793ms
2026-09-30 15:49:25 | INFO     | HIDS_API | POST /detection/predict status=200 85.37ms
2026-09-30 15:49:25 | INFO     | uvicorn.access | 127.0.0.1:43474 - "POST /detection/predict HTTP/1.1" 200
2026-09-30 15:49:25 | INFO     | HIDS_Detection | [aab09362-ffb0-4c34-bc89-0c0ca7355953] verdict=BENIGN MAE=0.439256 threshold=0.500000 latency=82.898ms
2026-09-30 15:49:25 | INFO     | HIDS_API | POST /detection/predict status=200 84.77ms
2026-09-30 15:49:25 | INFO     | uvicorn.access | 127.0.0.1:43476 - "POST /detection/predict HTTP/1.1" 200
2026-09-30 15:49:25 | INFO     | HIDS_Detection | [dd4c23ee-57da-4bbb-9eb1-54d0a70ac144] verdict=BENIGN MAE=0.459299 threshold=0.500000 latency=95.137ms
2026-09-30 15:49:25 | INFO     | HIDS_API | POST /detection/predict status=200 98.12ms
2026-09-30 15:49:25 | INFO     | uvicorn.access | 127.0.0.1:43482 - "POST /detection/predict HTTP/1.1" 200
2026-09-30 15:49:26 | INFO     | HIDS_Detection | [62cbc8d1-106c-4723-8563-bc8b09ac01ba] verdict=BENIGN MAE=0.439885 threshold=0.500000 latency=80.078ms
2026-09-30 15:49:26 | INFO     | HIDS_API | POST /detection/predict status=200 82.05ms
2026-09-30 15:49:26 | INFO     | uvicorn.access | 127.0.0.1:43484 - "POST /detection/predict HTTP/1.1" 200
2026-09-30 15:49:26 | INFO     | HIDS_Detection | [4c5773d5-18f6-418b-829a-d35ace943c98] verdict=BENIGN MAE=0.439713 threshold=0.500000 latency=85.131ms
2026-09-30 15:49:26 | INFO     | HIDS_API | POST /detection/predict status=200 87.01ms
2026-09-30 15:49:26 | INFO     | uvicorn.access | 127.0.0.1:43492 - "POST /detection/predict HTTP/1.1" 200
2026-09-30 15:49:26 | INFO     | HIDS_Detection | [7c23563f-1776-452f-b2e2-85dd1d444df0] verdict=BENIGN MAE=0.459293 threshold=0.500000 latency=77.835ms
2026-09-30 15:49:26 | INFO     | HIDS_API | POST /detection/predict status=200 80.12ms
2026-09-30 15:49:26 | INFO     | uvicorn.access | 127.0.0.1:43500 - "POST /detection/predict HTTP/1.1" 200
2026-09-30 15:49:26 | INFO     | HIDS_Detection | [6007f7c7-8fb7-42d1-8e8c-207f2ec5fb2c] verdict=BENIGN MAE=0.440043 threshold=0.500000 latency=88.591ms
2026-09-30 15:49:26 | INFO     | HIDS_API | POST /detection/predict status=200 91.22ms
2026-09-30 15:49:26 | INFO     | uvicorn.access | 127.0.0.1:43504 - "POST /detection/predict HTTP/1.1" 200
2026-09-30 15:49:26 | INFO     | HIDS_Detection | [fcb9a611-75b8-411e-bc89-d7e5e65b5f35] verdict=BENIGN MAE=0.438799 threshold=0.500000 latency=85.423ms
2026-09-30 15:49:26 | INFO     | HIDS_API | POST /detection/predict status=200 88.00ms
2026-09-30 15:49:26 | INFO     | uvicorn.access | 127.0.0.1:43510 - "POST /detection/predict HTTP/1.1" 200
2026-09-30 15:49:26 | INFO     | HIDS_Detection | [b80314d2-00e0-4f36-9f01-75da97e74bdf] verdict=BENIGN MAE=0.459293 threshold=0.500000 latency=87.067ms
2026-09-30 15:49:26 | INFO     | HIDS_API | POST /detection/predict status=200 89.72ms
2026-09-30 15:49:26 | INFO     | uvicorn.access | 127.0.0.1:43524 - "POST /detection/predict HTTP/1.1" 200
2026-09-30 15:49:26 | INFO     | HIDS_Detection | [3031ac22-c870-4f28-9125-dce7bc1efc41] verdict=BENIGN MAE=0.439190 threshold=0.500000 latency=76.639ms
2026-09-30 15:49:26 | INFO     | HIDS_API | POST /detection/predict status=200 78.84ms
2026-09-30 15:49:26 | INFO     | uvicorn.access | 127.0.0.1:43534 - "POST /detection/predict HTTP/1.1" 200
2026-09-30 15:49:26 | INFO     | HIDS_Detection | [458a97dd-396b-47f0-a0b1-fb5a7cb15f71] verdict=BENIGN MAE=0.440027 threshold=0.500000 latency=81.253ms
2026-09-30 15:49:26 | INFO     | HIDS_API | POST /detection/predict status=200 83.86ms
2026-09-30 15:49:26 | INFO     | uvicorn.access | 127.0.0.1:43550 - "POST /detection/predict HTTP/1.1" 200
2026-09-30 15:49:26 | INFO     | HIDS_Detection | [b11747f2-f94b-4d02-94ff-5be58873c7b2] verdict=BENIGN MAE=0.459296 threshold=0.500000 latency=78.452ms
2026-09-30 15:49:26 | INFO     | HIDS_API | POST /detection/predict status=200 80.96ms
2026-09-30 15:49:26 | INFO     | uvicorn.access | 127.0.0.1:43556 - "POST /detection/predict HTTP/1.1" 200
2026-09-30 15:49:26 | INFO     | HIDS_Detection | [48404202-1c01-4db6-97c7-e5c2a550dce1] verdict=BENIGN MAE=0.459301 threshold=0.500000 latency=76.181ms
2026-09-30 15:49:26 | INFO     | HIDS_API | POST /detection/predict status=200 78.61ms
2026-09-30 15:49:26 | INFO     | uvicorn.access | 127.0.0.1:43572 - "POST /detection/predict HTTP/1.1" 200
2026-09-30 15:49:27 | INFO     | HIDS_Detection | [e77b832f-34ff-4e4e-96fb-bbe5195c1ff2] verdict=BENIGN MAE=0.459309 threshold=0.500000 latency=80.525ms
2026-09-30 15:49:27 | INFO     | HIDS_API | POST /detection/predict status=200 83.07ms
2026-09-30 15:49:27 | INFO     | uvicorn.access | 127.0.0.1:43580 - "POST /detection/predict HTTP/1.1" 200
2026-09-30 15:49:27 | INFO     | HIDS_Detection | [24cf3e34-13b4-4337-be8e-ac356b8209ef] verdict=BENIGN MAE=0.443301 threshold=0.500000 latency=90.022ms
2026-09-30 15:49:27 | INFO     | HIDS_API | POST /detection/predict status=200 93.62ms
2026-09-30 15:49:27 | INFO     | uvicorn.access | 127.0.0.1:43592 - "POST /detection/predict HTTP/1.1" 200
2026-09-30 15:49:27 | INFO     | HIDS_Detection | [3540b4be-831f-420c-846f-78b143bcbc9a] verdict=BENIGN MAE=0.438228 threshold=0.500000 latency=87.361ms
2026-09-30 15:49:27 | INFO     | HIDS_API | POST /detection/predict status=200 89.27ms
2026-09-30 15:49:27 | INFO     | uvicorn.access | 127.0.0.1:43594 - "POST /detection/predict HTTP/1.1" 200
2026-09-30 15:49:27 | INFO     | HIDS_Detection | [3ce6bbd8-dc67-4b8e-a1be-6f1de1620996] verdict=BENIGN MAE=0.459293 threshold=0.500000 latency=87.297ms
2026-09-30 15:49:27 | INFO     | HIDS_API | POST /detection/predict status=200 90.14ms
2026-09-30 15:49:27 | INFO     | uvicorn.access | 127.0.0.1:43610 - "POST /detection/predict HTTP/1.1" 200
2026-09-30 15:49:27 | INFO     | HIDS_Detection | [dc99f83d-b5f2-4a7f-a4ca-615360d28ce4] verdict=BENIGN MAE=0.440032 threshold=0.500000 latency=76.456ms
2026-09-30 15:49:27 | INFO     | HIDS_API | POST /detection/predict status=200 79.06ms
2026-09-30 15:49:27 | INFO     | uvicorn.access | 127.0.0.1:43622 - "POST /detection/predict HTTP/1.1" 200
2026-09-30 15:49:27 | INFO     | HIDS_Detection | [28e29ab7-c2ff-4e72-8347-363f0fb13fec] verdict=BENIGN MAE=0.440134 threshold=0.500000 latency=83.577ms
2026-09-30 15:49:27 | INFO     | HIDS_API | POST /detection/predict status=200 86.13ms
2026-09-30 15:49:27 | INFO     | uvicorn.access | 127.0.0.1:43632 - "POST /detection/predict HTTP/1.1" 200
2026-09-30 15:49:27 | INFO     | HIDS_Detection | [6e61dc5f-e53b-49a5-8d41-0d08175ef374] verdict=BENIGN MAE=0.446119 threshold=0.500000 latency=83.453ms
2026-09-30 15:49:27 | INFO     | HIDS_API | POST /detection/predict status=200 86.07ms
2026-09-30 15:49:27 | INFO     | uvicorn.access | 127.0.0.1:43648 - "POST /detection/predict HTTP/1.1" 200
2026-09-30 15:49:27 | INFO     | HIDS_Detection | [d6ed6c4a-a3e0-455c-8236-1abe29fccead] verdict=BENIGN MAE=0.446129 threshold=0.500000 latency=76.446ms
2026-09-30 15:49:27 | INFO     | HIDS_API | POST /detection/predict status=200 80.33ms
2026-09-30 15:49:27 | INFO     | uvicorn.access | 127.0.0.1:43664 - "POST /detection/predict HTTP/1.1" 200
2026-09-30 15:49:27 | INFO     | HIDS_Detection | [ac88f270-1fa1-457f-837d-259d3e3783bd] verdict=BENIGN MAE=0.459283 threshold=0.500000 latency=90.335ms
2026-09-30 15:49:27 | INFO     | HIDS_API | POST /detection/predict status=200 92.87ms
2026-09-30 15:49:27 | INFO     | uvicorn.access | 127.0.0.1:43666 - "POST /detection/predict HTTP/1.1" 200
2026-09-30 15:49:27 | INFO     | HIDS_Detection | [50f45045-c300-42bf-9241-70d366262c04] verdict=BENIGN MAE=0.446129 threshold=0.500000 latency=76.189ms
2026-09-30 15:49:27 | INFO     | HIDS_API | POST /detection/predict status=200 78.79ms
2026-09-30 15:49:27 | INFO     | uvicorn.access | 127.0.0.1:43682 - "POST /detection/predict HTTP/1.1" 200
2026-09-30 15:49:27 | INFO     | HIDS_Detection | [a65ae744-1976-4a69-b286-e1c938dc4f4a] verdict=BENIGN MAE=0.459297 threshold=0.500000 latency=75.606ms
2026-09-30 15:49:27 | INFO     | HIDS_API | POST /detection/predict status=200 78.97ms
2026-09-30 15:49:27 | INFO     | uvicorn.access | 127.0.0.1:43698 - "POST /detection/predict HTTP/1.1" 200
2026-09-30 15:49:28 | INFO     | HIDS_Detection | [19633d3c-3b32-4386-8483-8e250296348b] verdict=BENIGN MAE=0.418742 threshold=0.500000 latency=72.371ms
2026-09-30 15:49:28 | INFO     | HIDS_API | POST /detection/predict status=200 75.40ms
2026-09-30 15:49:28 | INFO     | uvicorn.access | 127.0.0.1:43708 - "POST /detection/predict HTTP/1.1" 200
2026-09-30 15:49:28 | INFO     | HIDS_Detection | [933e5a15-06dc-4613-b15a-b1fd2ab1563c] verdict=BENIGN MAE=0.459299 threshold=0.500000 latency=79.147ms
2026-09-30 15:49:28 | INFO     | HIDS_API | POST /detection/predict status=200 86.16ms
2026-09-30 15:49:28 | INFO     | uvicorn.access | 127.0.0.1:43722 - "POST /detection/predict HTTP/1.1" 200
2026-09-30 15:49:28 | INFO     | HIDS_Detection | [ec1b5d8a-fa17-497e-99e3-c728a20352f0] verdict=BENIGN MAE=0.459301 threshold=0.500000 latency=73.111ms
2026-09-30 15:49:28 | INFO     | HIDS_API | POST /detection/predict status=200 79.29ms
2026-09-30 15:49:28 | INFO     | uvicorn.access | 127.0.0.1:43724 - "POST /detection/predict HTTP/1.1" 200
2026-09-30 15:49:28 | INFO     | HIDS_Detection | [97f0af9d-5e18-425e-bc0f-5c95d621f3a2] verdict=BENIGN MAE=0.437720 threshold=0.500000 latency=80.774ms
2026-09-30 15:49:28 | INFO     | HIDS_API | POST /detection/predict status=200 82.85ms
2026-09-30 15:49:28 | INFO     | uvicorn.access | 127.0.0.1:43740 - "POST /detection/predict HTTP/1.1" 200
2026-09-30 15:49:28 | INFO     | HIDS_Detection | [557559f4-088c-4e47-9088-1f4874641fb8] verdict=BENIGN MAE=0.439879 threshold=0.500000 latency=82.392ms
2026-09-30 15:49:28 | INFO     | HIDS_API | POST /detection/predict status=200 85.65ms
2026-09-30 15:49:28 | INFO     | uvicorn.access | 127.0.0.1:43754 - "POST /detection/predict HTTP/1.1" 200
2026-09-30 15:49:28 | INFO     | HIDS_Detection | [b9423f6e-99c3-450a-9030-a4de1fcc430a] verdict=BENIGN MAE=0.459305 threshold=0.500000 latency=83.179ms
2026-09-30 15:49:28 | INFO     | HIDS_API | POST /detection/predict status=200 85.14ms
2026-09-30 15:49:28 | INFO     | uvicorn.access | 127.0.0.1:43762 - "POST /detection/predict HTTP/1.1" 200
2026-09-30 15:49:28 | INFO     | HIDS_Detection | [d725c6af-499b-4060-b9af-81a945eeaa0e] verdict=BENIGN MAE=0.446113 threshold=0.500000 latency=75.479ms
2026-09-30 15:49:28 | INFO     | HIDS_API | POST /detection/predict status=200 78.03ms
2026-09-30 15:49:28 | INFO     | uvicorn.access | 127.0.0.1:43770 - "POST /detection/predict HTTP/1.1" 200
2026-09-30 15:49:28 | INFO     | HIDS_Detection | [9c6e3f32-a00f-48c9-88c5-9650eee04800] verdict=BENIGN MAE=0.459302 threshold=0.500000 latency=84.548ms
2026-09-30 15:49:28 | INFO     | HIDS_API | POST /detection/predict status=200 87.26ms
2026-09-30 15:49:28 | INFO     | uvicorn.access | 127.0.0.1:43778 - "POST /detection/predict HTTP/1.1" 200
2026-09-30 15:49:28 | INFO     | HIDS_Detection | [365b40b1-1459-4064-8679-65f5e957af82] verdict=BENIGN MAE=0.459303 threshold=0.500000 latency=76.768ms
2026-09-30 15:49:28 | INFO     | HIDS_API | POST /detection/predict status=200 80.71ms
2026-09-30 15:49:28 | INFO     | uvicorn.access | 127.0.0.1:43780 - "POST /detection/predict HTTP/1.1" 200
2026-09-30 15:49:28 | INFO     | HIDS_Detection | [45842146-e9bf-4f28-b94b-ed35de20fb47] verdict=BENIGN MAE=0.459297 threshold=0.500000 latency=75.748ms
2026-09-30 15:49:28 | INFO     | HIDS_API | POST /detection/predict status=200 77.97ms
2026-09-30 15:49:28 | INFO     | uvicorn.access | 127.0.0.1:43796 - "POST /detection/predict HTTP/1.1" 200
2026-09-30 15:49:29 | INFO     | HIDS_Detection | [d3da2e89-9bd0-4b25-89ff-833ac78e64df] verdict=BENIGN MAE=0.459302 threshold=0.500000 latency=76.428ms
2026-09-30 15:49:29 | INFO     | HIDS_API | POST /detection/predict status=200 82.94ms
2026-09-30 15:49:29 | INFO     | uvicorn.access | 127.0.0.1:43804 - "POST /detection/predict HTTP/1.1" 200
2026-09-30 15:49:29 | INFO     | HIDS_Detection | [ab22c4c6-c65b-4b4c-981e-2f4392c25c27] verdict=BENIGN MAE=0.421393 threshold=0.500000 latency=77.003ms
2026-09-30 15:49:29 | INFO     | HIDS_API | POST /detection/predict status=200 79.81ms
2026-09-30 15:49:29 | INFO     | uvicorn.access | 127.0.0.1:43816 - "POST /detection/predict HTTP/1.1" 200
2026-09-30 15:49:29 | INFO     | HIDS_Detection | [0decf2ef-5535-4f61-ae48-486f03e02dbf] verdict=BENIGN MAE=0.439805 threshold=0.500000 latency=78.758ms
2026-09-30 15:49:29 | INFO     | HIDS_API | POST /detection/predict status=200 80.88ms
2026-09-30 15:49:29 | INFO     | uvicorn.access | 127.0.0.1:43832 - "POST /detection/predict HTTP/1.1" 200
2026-09-30 15:49:29 | INFO     | HIDS_Detection | [3885817b-f28f-4d09-9906-578d36236535] verdict=BENIGN MAE=0.459298 threshold=0.500000 latency=80.29ms
2026-09-30 15:49:29 | INFO     | HIDS_API | POST /detection/predict status=200 85.28ms
2026-09-30 15:49:29 | INFO     | uvicorn.access | 127.0.0.1:43844 - "POST /detection/predict HTTP/1.1" 200
2026-09-30 15:49:29 | INFO     | HIDS_Detection | [517b78f7-b5cb-4520-836a-1b1c35077f14] verdict=BENIGN MAE=0.437668 threshold=0.500000 latency=73.87ms
2026-09-30 15:49:29 | INFO     | HIDS_API | POST /detection/predict status=200 76.74ms
2026-09-30 15:49:29 | INFO     | uvicorn.access | 127.0.0.1:43860 - "POST /detection/predict HTTP/1.1" 200
2026-09-30 15:49:29 | INFO     | HIDS_Detection | [28d3e39b-597e-416e-ac78-e129dadca5fc] verdict=BENIGN MAE=0.440310 threshold=0.500000 latency=87.88ms
2026-09-30 15:49:29 | INFO     | HIDS_API | POST /detection/predict status=200 90.35ms
2026-09-30 15:49:29 | INFO     | uvicorn.access | 127.0.0.1:43876 - "POST /detection/predict HTTP/1.1" 200
2026-09-30 15:49:29 | INFO     | HIDS_Detection | [5cfb48c9-ae2c-49c6-ba08-8ae21b43a4ba] verdict=BENIGN MAE=0.459302 threshold=0.500000 latency=84.317ms
2026-09-30 15:49:29 | INFO     | HIDS_API | POST /detection/predict status=200 87.74ms
2026-09-30 15:49:29 | INFO     | uvicorn.access | 127.0.0.1:43888 - "POST /detection/predict HTTP/1.1" 200
2026-09-30 15:49:29 | INFO     | HIDS_Detection | [647f5e18-05f8-45f5-9563-2cbc39b0c7b6] verdict=BENIGN MAE=0.446129 threshold=0.500000 latency=76.251ms
2026-09-30 15:49:29 | INFO     | HIDS_API | POST /detection/predict status=200 79.15ms
2026-09-30 15:49:29 | INFO     | uvicorn.access | 127.0.0.1:43890 - "POST /detection/predict HTTP/1.1" 200
2026-09-30 15:49:29 | INFO     | HIDS_Detection | [661a82f5-0812-47fb-a1b9-e3bff3511764] verdict=BENIGN MAE=0.459306 threshold=0.500000 latency=87.269ms
2026-09-30 15:49:29 | INFO     | HIDS_API | POST /detection/predict status=200 90.29ms
2026-09-30 15:49:29 | INFO     | uvicorn.access | 127.0.0.1:43894 - "POST /detection/predict HTTP/1.1" 200
2026-09-30 15:49:29 | INFO     | HIDS_Detection | [69f6909b-6995-48d8-9f7f-5d0b635ae375] verdict=BENIGN MAE=0.446129 threshold=0.500000 latency=74.784ms
2026-09-30 15:49:29 | INFO     | HIDS_API | POST /detection/predict status=200 77.78ms
2026-09-30 15:49:29 | INFO     | uvicorn.access | 127.0.0.1:43898 - "POST /detection/predict HTTP/1.1" 200
2026-09-30 15:49:30 | INFO     | HIDS_Detection | [296b2dca-b6da-4391-843c-69ec15e62e00] verdict=BENIGN MAE=0.459305 threshold=0.500000 latency=77.463ms
2026-09-30 15:49:30 | INFO     | HIDS_API | POST /detection/predict status=200 80.19ms
2026-09-30 15:49:30 | INFO     | uvicorn.access | 127.0.0.1:43906 - "POST /detection/predict HTTP/1.1" 200
2026-09-30 15:49:30 | INFO     | HIDS_Detection | [d814c777-858f-4b9b-ad12-3483d88da571] verdict=BENIGN MAE=0.446113 threshold=0.500000 latency=76.402ms
2026-09-30 15:49:30 | INFO     | HIDS_API | POST /detection/predict status=200 78.55ms
2026-09-30 15:49:30 | INFO     | uvicorn.access | 127.0.0.1:43908 - "POST /detection/predict HTTP/1.1" 200
2026-09-30 15:49:30 | INFO     | HIDS_Detection | [e2551b34-d0a3-4f0d-824b-f74320abd856] verdict=BENIGN MAE=0.459302 threshold=0.500000 latency=75.857ms
2026-09-30 15:49:30 | INFO     | HIDS_API | POST /detection/predict status=200 82.54ms
2026-09-30 15:49:30 | INFO     | uvicorn.access | 127.0.0.1:43924 - "POST /detection/predict HTTP/1.1" 200
2026-09-30 15:49:30 | INFO     | HIDS_Detection | [4d451400-461f-46ea-8251-57eb1ba31b68] verdict=BENIGN MAE=0.446127 threshold=0.500000 latency=76.469ms
2026-09-30 15:49:30 | INFO     | HIDS_API | POST /detection/predict status=200 79.17ms
2026-09-30 15:49:30 | INFO     | uvicorn.access | 127.0.0.1:43928 - "POST /detection/predict HTTP/1.1" 200
2026-09-30 15:49:30 | INFO     | HIDS_Detection | [a658d83a-3eed-4c42-9b9e-2562743a963b] verdict=BENIGN MAE=0.427794 threshold=0.500000 latency=75.499ms
2026-09-30 15:49:30 | INFO     | HIDS_API | POST /detection/predict status=200 78.19ms
2026-09-30 15:49:30 | INFO     | uvicorn.access | 127.0.0.1:43938 - "POST /detection/predict HTTP/1.1" 200
2026-09-30 15:49:30 | INFO     | HIDS_Detection | [1f8d2216-df81-4c25-ac1e-0bfd839b7ab7] verdict=BENIGN MAE=0.472967 threshold=0.500000 latency=78.289ms
2026-09-30 15:49:30 | INFO     | HIDS_API | POST /detection/predict status=200 84.28ms
2026-09-30 15:49:30 | INFO     | uvicorn.access | 127.0.0.1:43940 - "POST /detection/predict HTTP/1.1" 200
2026-09-30 15:49:30 | INFO     | HIDS_Detection | [847eb9a8-df75-479f-8f04-188f0f61393f] verdict=BENIGN MAE=0.446129 threshold=0.500000 latency=71.263ms
2026-09-30 15:49:30 | INFO     | HIDS_API | POST /detection/predict status=200 73.84ms
2026-09-30 15:49:30 | INFO     | uvicorn.access | 127.0.0.1:43942 - "POST /detection/predict HTTP/1.1" 200
2026-09-30 15:49:30 | INFO     | HIDS_Detection | [f0fa8355-b516-4aaf-bb77-236e994ff1c2] verdict=BENIGN MAE=0.459299 threshold=0.500000 latency=79.404ms
2026-09-30 15:49:30 | INFO     | HIDS_API | POST /detection/predict status=200 81.41ms
2026-09-30 15:49:30 | INFO     | uvicorn.access | 127.0.0.1:43952 - "POST /detection/predict HTTP/1.1" 200
2026-09-30 15:49:30 | INFO     | HIDS_Detection | [a2593628-2364-49b4-b056-2534eff7068f] verdict=BENIGN MAE=0.422302 threshold=0.500000 latency=79.15ms
2026-09-30 15:49:30 | INFO     | HIDS_API | POST /detection/predict status=200 81.32ms
2026-09-30 15:49:30 | INFO     | uvicorn.access | 127.0.0.1:43962 - "POST /detection/predict HTTP/1.1" 200
2026-09-30 15:49:30 | INFO     | HIDS_Detection | [1d340138-fbd7-4496-a2e1-67a92773c5ae] verdict=BENIGN MAE=0.440092 threshold=0.500000 latency=83.182ms
2026-09-30 15:49:30 | INFO     | HIDS_API | POST /detection/predict status=200 90.36ms
2026-09-30 15:49:30 | INFO     | uvicorn.access | 127.0.0.1:43968 - "POST /detection/predict HTTP/1.1" 200
2026-09-30 15:49:30 | INFO     | HIDS_Detection | [48aec9db-2c54-4ad3-b763-7122fb557c84] verdict=BENIGN MAE=0.446125 threshold=0.500000 latency=86.921ms
2026-09-30 15:49:30 | INFO     | HIDS_API | POST /detection/predict status=200 90.75ms
2026-09-30 15:49:30 | INFO     | uvicorn.access | 127.0.0.1:43982 - "POST /detection/predict HTTP/1.1" 200
2026-09-30 15:49:31 | INFO     | HIDS_Detection | [795f094e-258f-47d5-88e9-6ae4c68ad232] verdict=BENIGN MAE=0.439609 threshold=0.500000 latency=77.302ms
2026-09-30 15:49:31 | INFO     | HIDS_API | POST /detection/predict status=200 80.26ms
2026-09-30 15:49:31 | INFO     | uvicorn.access | 127.0.0.1:43998 - "POST /detection/predict HTTP/1.1" 200
2026-09-30 15:49:31 | INFO     | HIDS_Detection | [1632b760-c93e-466a-8e35-bdbf0c01ba67] verdict=BENIGN MAE=0.440138 threshold=0.500000 latency=81.012ms
2026-09-30 15:49:31 | INFO     | HIDS_API | POST /detection/predict status=200 84.43ms
2026-09-30 15:49:31 | INFO     | uvicorn.access | 127.0.0.1:44002 - "POST /detection/predict HTTP/1.1" 200
2026-09-30 15:49:31 | INFO     | HIDS_Detection | [29ca1c54-ba85-43ff-9ee6-a99bcd6cfe7e] verdict=BENIGN MAE=0.459301 threshold=0.500000 latency=80.807ms
2026-09-30 15:49:31 | INFO     | HIDS_API | POST /detection/predict status=200 83.25ms
2026-09-30 15:49:31 | INFO     | uvicorn.access | 127.0.0.1:44018 - "POST /detection/predict HTTP/1.1" 200
2026-09-30 15:49:31 | INFO     | HIDS_Detection | [941177e0-2073-4bbe-b93c-e331fdaa21d6] verdict=BENIGN MAE=0.439709 threshold=0.500000 latency=76.18ms
2026-09-30 15:49:31 | INFO     | HIDS_API | POST /detection/predict status=200 78.67ms
2026-09-30 15:49:31 | INFO     | uvicorn.access | 127.0.0.1:44032 - "POST /detection/predict HTTP/1.1" 200
2026-09-30 15:49:31 | INFO     | HIDS_Detection | [7b6453d9-4071-4a46-b4a6-f7b272dd5533] verdict=BENIGN MAE=0.440042 threshold=0.500000 latency=80.811ms
2026-09-30 15:49:31 | INFO     | HIDS_API | POST /detection/predict status=200 83.21ms
2026-09-30 15:49:31 | INFO     | uvicorn.access | 127.0.0.1:44040 - "POST /detection/predict HTTP/1.1" 200
2026-09-30 15:49:31 | INFO     | HIDS_Detection | [a6480ca1-daa0-4946-b67e-38e1d37eb43a] verdict=BENIGN MAE=0.459302 threshold=0.500000 latency=83.036ms
2026-09-30 15:49:31 | INFO     | HIDS_API | POST /detection/predict status=200 85.63ms
2026-09-30 15:49:31 | INFO     | uvicorn.access | 127.0.0.1:44046 - "POST /detection/predict HTTP/1.1" 200
2026-09-30 15:49:31 | INFO     | HIDS_Detection | [7b7645f5-aad8-4069-8e3c-ce8549debf06] verdict=BENIGN MAE=0.459305 threshold=0.500000 latency=75.076ms
2026-09-30 15:49:31 | INFO     | HIDS_API | POST /detection/predict status=200 77.95ms
2026-09-30 15:49:31 | INFO     | uvicorn.access | 127.0.0.1:44052 - "POST /detection/predict HTTP/1.1" 200
2026-09-30 15:49:31 | INFO     | HIDS_Detection | [cf9e1760-aba8-4673-a715-b350e8402249] verdict=BENIGN MAE=0.424760 threshold=0.500000 latency=123.588ms
2026-09-30 15:49:31 | INFO     | HIDS_API | POST /detection/predict status=200 126.26ms
2026-09-30 15:49:31 | INFO     | uvicorn.access | 127.0.0.1:37176 - "POST /detection/predict HTTP/1.1" 200
2026-09-30 15:49:31 | INFO     | HIDS_Detection | [418444ef-6114-4f43-a06f-d58337e14421] verdict=BENIGN MAE=0.433902 threshold=0.500000 latency=102.616ms
2026-09-30 15:49:31 | INFO     | HIDS_API | POST /detection/predict status=200 105.74ms
2026-09-30 15:49:31 | INFO     | uvicorn.access | 127.0.0.1:37190 - "POST /detection/predict HTTP/1.1" 200
2026-09-30 15:49:32 | INFO     | HIDS_Detection | [bb83af96-13a8-40f5-a328-098243a6dfe3] verdict=BENIGN MAE=0.459297 threshold=0.500000 latency=92.397ms
2026-09-30 15:49:32 | INFO     | HIDS_API | POST /detection/predict status=200 99.48ms
2026-09-30 15:49:32 | INFO     | uvicorn.access | 127.0.0.1:37192 - "POST /detection/predict HTTP/1.1" 200
2026-09-30 15:49:32 | INFO     | HIDS_Detection | [9dc4748a-a1b0-4277-a759-ed4796cd8e88] verdict=BENIGN MAE=0.446128 threshold=0.500000 latency=74.456ms
2026-09-30 15:49:32 | INFO     | HIDS_API | POST /detection/predict status=200 77.41ms
2026-09-30 15:49:32 | INFO     | uvicorn.access | 127.0.0.1:37204 - "POST /detection/predict HTTP/1.1" 200
2026-09-30 15:49:32 | INFO     | HIDS_Detection | [5dff760f-2704-4f81-bb11-f18189cbd7ac] verdict=BENIGN MAE=0.446129 threshold=0.500000 latency=75.18ms
2026-09-30 15:49:32 | INFO     | HIDS_API | POST /detection/predict status=200 78.04ms
2026-09-30 15:49:32 | INFO     | uvicorn.access | 127.0.0.1:37218 - "POST /detection/predict HTTP/1.1" 200
2026-09-30 15:49:32 | INFO     | HIDS_Detection | [fa2e9bab-c01b-44fe-bb40-fd23eb845b77] verdict=BENIGN MAE=0.446129 threshold=0.500000 latency=76.966ms
2026-09-30 15:49:32 | INFO     | HIDS_API | POST /detection/predict status=200 79.57ms
2026-09-30 15:49:32 | INFO     | uvicorn.access | 127.0.0.1:37228 - "POST /detection/predict HTTP/1.1" 200
2026-09-30 15:49:32 | INFO     | HIDS_Detection | [1d6d80b5-70ec-43fd-8870-03f2adfd7d43] verdict=BENIGN MAE=0.414501 threshold=0.500000 latency=84.334ms
2026-09-30 15:49:32 | INFO     | HIDS_API | POST /detection/predict status=200 87.41ms
2026-09-30 15:49:32 | INFO     | uvicorn.access | 127.0.0.1:37242 - "POST /detection/predict HTTP/1.1" 200
2026-09-30 15:49:32 | INFO     | HIDS_Detection | [f0ee8e12-b258-4435-ad9c-847b6c7519cd] verdict=BENIGN MAE=0.459297 threshold=0.500000 latency=97.354ms
2026-09-30 15:49:32 | INFO     | HIDS_API | POST /detection/predict status=200 101.76ms
2026-09-30 15:49:32 | INFO     | uvicorn.access | 127.0.0.1:37248 - "POST /detection/predict HTTP/1.1" 200
2026-09-30 15:49:32 | INFO     | HIDS_Detection | [5af06e94-0eff-4152-8c2a-45c751f2ce57] verdict=BENIGN MAE=0.459286 threshold=0.500000 latency=72.646ms
2026-09-30 15:49:32 | INFO     | HIDS_API | POST /detection/predict status=200 75.00ms
2026-09-30 15:49:32 | INFO     | uvicorn.access | 127.0.0.1:37256 - "POST /detection/predict HTTP/1.1" 200
2026-09-30 15:49:32 | INFO     | HIDS_Detection | [e8951e90-fe5c-424a-a3d5-9703e5c11744] verdict=BENIGN MAE=0.437652 threshold=0.500000 latency=79.742ms
2026-09-30 15:49:32 | INFO     | HIDS_API | POST /detection/predict status=200 84.19ms
2026-09-30 15:49:32 | INFO     | uvicorn.access | 127.0.0.1:37264 - "POST /detection/predict HTTP/1.1" 200
2026-09-30 15:49:32 | INFO     | HIDS_Detection | [27ac15da-83ed-4ead-97af-8b27986774a5] verdict=BENIGN MAE=0.459297 threshold=0.500000 latency=80.456ms
2026-09-30 15:49:32 | INFO     | HIDS_API | POST /detection/predict status=200 82.77ms
2026-09-30 15:49:32 | INFO     | uvicorn.access | 127.0.0.1:37272 - "POST /detection/predict HTTP/1.1" 200
2026-09-30 15:49:32 | INFO     | HIDS_Detection | [568b0a33-be34-4d13-b11e-de642853d8a8] verdict=BENIGN MAE=0.459302 threshold=0.500000 latency=79.37ms
2026-09-30 15:49:32 | INFO     | HIDS_API | POST /detection/predict status=200 82.96ms
2026-09-30 15:49:32 | INFO     | uvicorn.access | 127.0.0.1:37282 - "POST /detection/predict HTTP/1.1" 200
2026-09-30 15:49:33 | INFO     | HIDS_Detection | [200dc519-55e1-401a-ab8e-96c0f460eae3] verdict=BENIGN MAE=0.442196 threshold=0.500000 latency=76.451ms
2026-09-30 15:49:33 | INFO     | HIDS_API | POST /detection/predict status=200 79.59ms
2026-09-30 15:49:33 | INFO     | uvicorn.access | 127.0.0.1:37284 - "POST /detection/predict HTTP/1.1" 200
2026-09-30 15:49:33 | INFO     | HIDS_Detection | [f42d7064-3a9f-411b-a841-c304344b308d] verdict=BENIGN MAE=0.440043 threshold=0.500000 latency=87.665ms
2026-09-30 15:49:33 | INFO     | HIDS_API | POST /detection/predict status=200 89.69ms
2026-09-30 15:49:33 | INFO     | uvicorn.access | 127.0.0.1:37290 - "POST /detection/predict HTTP/1.1" 200
2026-09-30 15:49:33 | INFO     | HIDS_Detection | [790fd5b2-e889-4cce-8c65-eacce2c9de37] verdict=BENIGN MAE=0.459297 threshold=0.500000 latency=75.899ms
2026-09-30 15:49:33 | INFO     | HIDS_API | POST /detection/predict status=200 79.17ms
2026-09-30 15:49:33 | INFO     | uvicorn.access | 127.0.0.1:37292 - "POST /detection/predict HTTP/1.1" 200
2026-09-30 15:49:33 | INFO     | HIDS_Detection | [fed27aff-b97f-409a-852d-2f62d1f94f20] verdict=BENIGN MAE=0.441759 threshold=0.500000 latency=76.999ms
2026-09-30 15:49:33 | INFO     | HIDS_API | POST /detection/predict status=200 79.75ms
2026-09-30 15:49:33 | INFO     | uvicorn.access | 127.0.0.1:37302 - "POST /detection/predict HTTP/1.1" 200
2026-09-30 15:49:33 | INFO     | HIDS_Detection | [b0ea2c75-363c-43b2-b9ae-222a658c6236] verdict=BENIGN MAE=0.439739 threshold=0.500000 latency=84.546ms
2026-09-30 15:49:33 | INFO     | HIDS_API | POST /detection/predict status=200 87.24ms
2026-09-30 15:49:33 | INFO     | uvicorn.access | 127.0.0.1:37308 - "POST /detection/predict HTTP/1.1" 200
2026-09-30 15:49:33 | INFO     | HIDS_Detection | [749aa9b9-1cef-4c69-9fbc-7262b26beaa5] verdict=BENIGN MAE=0.446129 threshold=0.500000 latency=83.138ms
2026-09-30 15:49:33 | INFO     | HIDS_API | POST /detection/predict status=200 85.55ms
2026-09-30 15:49:33 | INFO     | uvicorn.access | 127.0.0.1:37314 - "POST /detection/predict HTTP/1.1" 200
2026-09-30 15:49:33 | INFO     | HIDS_Detection | [34838114-8243-4d54-bb3d-fc535a7bfce4] verdict=BENIGN MAE=0.446127 threshold=0.500000 latency=102.248ms
2026-09-30 15:49:33 | INFO     | HIDS_API | POST /detection/predict status=200 104.96ms
2026-09-30 15:49:33 | INFO     | uvicorn.access | 127.0.0.1:37318 - "POST /detection/predict HTTP/1.1" 200
2026-09-30 15:49:33 | INFO     | HIDS_Detection | [e69c6f9d-166d-4f99-90af-0f7272aaa984] verdict=BENIGN MAE=0.420747 threshold=0.500000 latency=78.522ms
2026-09-30 15:49:33 | INFO     | HIDS_API | POST /detection/predict status=200 80.58ms
2026-09-30 15:49:33 | INFO     | uvicorn.access | 127.0.0.1:37330 - "POST /detection/predict HTTP/1.1" 200
2026-09-30 15:49:33 | INFO     | HIDS_Detection | [31c8184b-87f3-4bd1-a0e2-948f90b14b64] verdict=BENIGN MAE=0.440217 threshold=0.500000 latency=81.89ms
2026-09-30 15:49:33 | INFO     | HIDS_API | POST /detection/predict status=200 91.42ms
2026-09-30 15:49:33 | INFO     | uvicorn.access | 127.0.0.1:37346 - "POST /detection/predict HTTP/1.1" 200
2026-09-30 15:49:33 | INFO     | HIDS_Detection | [cdbf7a31-bfbe-4bff-b3d5-cefa7b839978] verdict=BENIGN MAE=0.459301 threshold=0.500000 latency=86.096ms
2026-09-30 15:49:33 | INFO     | HIDS_API | POST /detection/predict status=200 92.57ms
2026-09-30 15:49:33 | INFO     | uvicorn.access | 127.0.0.1:37348 - "POST /detection/predict HTTP/1.1" 200
2026-09-30 15:49:34 | INFO     | HIDS_Detection | [ace257e7-10d9-4955-80d5-aa16e3e87baf] verdict=BENIGN MAE=0.438025 threshold=0.500000 latency=77.134ms
2026-09-30 15:49:34 | INFO     | HIDS_API | POST /detection/predict status=200 80.67ms
2026-09-30 15:49:34 | INFO     | uvicorn.access | 127.0.0.1:37360 - "POST /detection/predict HTTP/1.1" 200
2026-09-30 15:49:34 | INFO     | HIDS_Detection | [85262a39-a936-4c61-b72f-f1c82c9659f2] verdict=BENIGN MAE=0.439573 threshold=0.500000 latency=81.123ms
2026-09-30 15:49:34 | INFO     | HIDS_API | POST /detection/predict status=200 83.68ms
2026-09-30 15:49:34 | INFO     | uvicorn.access | 127.0.0.1:37368 - "POST /detection/predict HTTP/1.1" 200
2026-09-30 15:49:34 | INFO     | HIDS_Detection | [e5741cbb-fde8-4152-9f4b-6b9ed8ecf374] verdict=BENIGN MAE=0.459299 threshold=0.500000 latency=84.383ms
2026-09-30 15:49:34 | INFO     | HIDS_API | POST /detection/predict status=200 87.79ms
2026-09-30 15:49:34 | INFO     | uvicorn.access | 127.0.0.1:37370 - "POST /detection/predict HTTP/1.1" 200
2026-09-30 15:49:34 | INFO     | HIDS_Detection | [efbe9635-1f14-4f49-966a-d21ecb2f613e] verdict=BENIGN MAE=0.438845 threshold=0.500000 latency=86.287ms
2026-09-30 15:49:34 | INFO     | HIDS_API | POST /detection/predict status=200 88.54ms
2026-09-30 15:49:34 | INFO     | uvicorn.access | 127.0.0.1:37372 - "POST /detection/predict HTTP/1.1" 200
2026-09-30 15:49:34 | INFO     | HIDS_Detection | [36262a43-b6ce-44f9-8e51-0c14c7c12e70] verdict=BENIGN MAE=0.439176 threshold=0.500000 latency=82.734ms
2026-09-30 15:49:34 | INFO     | HIDS_API | POST /detection/predict status=200 86.52ms
2026-09-30 15:49:34 | INFO     | uvicorn.access | 127.0.0.1:37378 - "POST /detection/predict HTTP/1.1" 200
2026-09-30 15:49:34 | INFO     | HIDS_Detection | [fbc4fa63-9d37-49e9-87e5-aba5c155b3fd] verdict=BENIGN MAE=0.459278 threshold=0.500000 latency=80.709ms
2026-09-30 15:49:34 | INFO     | HIDS_API | POST /detection/predict status=200 87.49ms
2026-09-30 15:49:34 | INFO     | uvicorn.access | 127.0.0.1:37392 - "POST /detection/predict HTTP/1.1" 200
2026-09-30 15:49:34 | INFO     | HIDS_Detection | [75244e88-8430-4565-b4a6-ad1670fefcee] verdict=BENIGN MAE=0.439702 threshold=0.500000 latency=84.201ms
2026-09-30 15:49:34 | INFO     | HIDS_API | POST /detection/predict status=200 86.60ms
2026-09-30 15:49:34 | INFO     | uvicorn.access | 127.0.0.1:37400 - "POST /detection/predict HTTP/1.1" 200
2026-09-30 15:49:34 | INFO     | HIDS_Detection | [82e8cd4c-ec30-4288-a158-da91e51925c4] verdict=BENIGN MAE=0.438912 threshold=0.500000 latency=83.419ms
2026-09-30 15:49:34 | INFO     | HIDS_API | POST /detection/predict status=200 86.95ms
2026-09-30 15:49:34 | INFO     | uvicorn.access | 127.0.0.1:37412 - "POST /detection/predict HTTP/1.1" 200
2026-09-30 15:49:34 | INFO     | HIDS_Detection | [a732031e-7e0f-4653-96a5-e41558dc0b9a] verdict=BENIGN MAE=0.459301 threshold=0.500000 latency=85.013ms
2026-09-30 15:49:34 | INFO     | HIDS_API | POST /detection/predict status=200 88.12ms
2026-09-30 15:49:34 | INFO     | uvicorn.access | 127.0.0.1:37420 - "POST /detection/predict HTTP/1.1" 200
2026-09-30 15:49:34 | INFO     | HIDS_Detection | [da52c04a-db13-455c-9436-28295fd8d92d] verdict=BENIGN MAE=0.439163 threshold=0.500000 latency=78.004ms
2026-09-30 15:49:34 | INFO     | HIDS_API | POST /detection/predict status=200 79.93ms
2026-09-30 15:49:34 | INFO     | uvicorn.access | 127.0.0.1:37428 - "POST /detection/predict HTTP/1.1" 200
2026-09-30 15:49:35 | INFO     | HIDS_Detection | [285418e4-299e-4a0d-b6c3-a9dfb63443c3] verdict=BENIGN MAE=0.439939 threshold=0.500000 latency=84.526ms
2026-09-30 15:49:35 | INFO     | HIDS_API | POST /detection/predict status=200 87.09ms
2026-09-30 15:49:35 | INFO     | uvicorn.access | 127.0.0.1:37442 - "POST /detection/predict HTTP/1.1" 200
2026-09-30 15:49:35 | INFO     | HIDS_Detection | [d384e771-b93a-42c9-96f6-c679e55427d9] verdict=BENIGN MAE=0.446128 threshold=0.500000 latency=84.381ms
2026-09-30 15:49:35 | INFO     | HIDS_API | POST /detection/predict status=200 87.15ms
2026-09-30 15:49:35 | INFO     | uvicorn.access | 127.0.0.1:37450 - "POST /detection/predict HTTP/1.1" 200
2026-09-30 15:49:35 | INFO     | HIDS_Detection | [b5d48cfb-6959-4b70-a243-a535789b02d5] verdict=BENIGN MAE=0.446122 threshold=0.500000 latency=76.807ms
2026-09-30 15:49:35 | INFO     | HIDS_API | POST /detection/predict status=200 79.21ms
2026-09-30 15:49:35 | INFO     | uvicorn.access | 127.0.0.1:37466 - "POST /detection/predict HTTP/1.1" 200
2026-09-30 15:49:35 | INFO     | HIDS_Detection | [f5f26e03-4b8d-4d87-93ed-e45946031538] verdict=BENIGN MAE=0.446127 threshold=0.500000 latency=82.978ms
2026-09-30 15:49:35 | INFO     | HIDS_API | POST /detection/predict status=200 85.31ms
2026-09-30 15:49:35 | INFO     | uvicorn.access | 127.0.0.1:37482 - "POST /detection/predict HTTP/1.1" 200
2026-09-30 15:49:35 | INFO     | HIDS_Detection | [a227b262-78a4-4a38-828b-5532e00bfd2d] verdict=BENIGN MAE=0.446129 threshold=0.500000 latency=77.575ms
2026-09-30 15:49:35 | INFO     | HIDS_API | POST /detection/predict status=200 79.57ms
2026-09-30 15:49:35 | INFO     | uvicorn.access | 127.0.0.1:37486 - "POST /detection/predict HTTP/1.1" 200
2026-09-30 15:49:35 | INFO     | HIDS_Detection | [bab2b404-c48d-4760-b559-cbf7aabf51f3] verdict=BENIGN MAE=0.425966 threshold=0.500000 latency=79.428ms
2026-09-30 15:49:35 | INFO     | HIDS_API | POST /detection/predict status=200 86.26ms
2026-09-30 15:49:35 | INFO     | uvicorn.access | 127.0.0.1:37492 - "POST /detection/predict HTTP/1.1" 200
2026-09-30 15:49:35 | INFO     | HIDS_Detection | [75b8ad02-00e5-44d4-932e-d23a4f61fc56] verdict=BENIGN MAE=0.439863 threshold=0.500000 latency=80.656ms
2026-09-30 15:49:35 | INFO     | HIDS_API | POST /detection/predict status=200 87.70ms
2026-09-30 15:49:35 | INFO     | uvicorn.access | 127.0.0.1:37502 - "POST /detection/predict HTTP/1.1" 200
2026-09-30 15:49:35 | INFO     | HIDS_Detection | [3dec693b-9140-4642-be42-fce74aa8cc6d] verdict=BENIGN MAE=0.459298 threshold=0.500000 latency=162.178ms
2026-09-30 15:49:35 | INFO     | HIDS_API | POST /detection/predict status=200 169.70ms
2026-09-30 15:49:35 | INFO     | uvicorn.access | 127.0.0.1:37514 - "POST /detection/predict HTTP/1.1" 200
2026-09-30 15:49:35 | INFO     | HIDS_Detection | [95651d8d-a9e4-49a9-9915-377541a9f784] verdict=BENIGN MAE=0.423210 threshold=0.500000 latency=132.054ms
2026-09-30 15:49:35 | INFO     | HIDS_API | POST /detection/predict status=200 134.87ms
2026-09-30 15:49:35 | INFO     | uvicorn.access | 127.0.0.1:37522 - "POST /detection/predict HTTP/1.1" 200
2026-09-30 15:49:36 | INFO     | HIDS_Detection | [adf3969a-7ae2-4e15-88c4-366f79f5c50a] verdict=BENIGN MAE=0.431593 threshold=0.500000 latency=108.471ms
2026-09-30 15:49:36 | INFO     | HIDS_API | POST /detection/predict status=200 113.66ms
2026-09-30 15:49:36 | INFO     | uvicorn.access | 127.0.0.1:37536 - "POST /detection/predict HTTP/1.1" 200
2026-09-30 15:49:36 | INFO     | HIDS_Detection | [e8f6ca99-48ad-4da8-a629-fac2265a71a3] verdict=BENIGN MAE=0.459299 threshold=0.500000 latency=83.783ms
2026-09-30 15:49:36 | INFO     | HIDS_API | POST /detection/predict status=200 86.46ms
2026-09-30 15:49:36 | INFO     | uvicorn.access | 127.0.0.1:37552 - "POST /detection/predict HTTP/1.1" 200
2026-09-30 15:49:36 | INFO     | HIDS_Detection | [2b9bf596-8ae3-42ca-961d-db23a4bcc87e] verdict=BENIGN MAE=0.438184 threshold=0.500000 latency=75.058ms
2026-09-30 15:49:36 | INFO     | HIDS_API | POST /detection/predict status=200 77.35ms
2026-09-30 15:49:36 | INFO     | uvicorn.access | 127.0.0.1:37554 - "POST /detection/predict HTTP/1.1" 200
2026-09-30 15:49:36 | INFO     | HIDS_Detection | [005065d7-23c4-4680-aba2-3aa8d0d24478] verdict=BENIGN MAE=0.440022 threshold=0.500000 latency=81.494ms
2026-09-30 15:49:36 | INFO     | HIDS_API | POST /detection/predict status=200 83.79ms
2026-09-30 15:49:36 | INFO     | uvicorn.access | 127.0.0.1:37570 - "POST /detection/predict HTTP/1.1" 200
2026-09-30 15:49:36 | INFO     | HIDS_Detection | [f4313d4c-f7da-4a1a-b5d5-94d99d10b74c] verdict=BENIGN MAE=0.459299 threshold=0.500000 latency=83.452ms
2026-09-30 15:49:36 | INFO     | HIDS_API | POST /detection/predict status=200 85.60ms
2026-09-30 15:49:36 | INFO     | uvicorn.access | 127.0.0.1:37580 - "POST /detection/predict HTTP/1.1" 200
2026-09-30 15:49:36 | INFO     | HIDS_Detection | [04693443-ae32-46c6-823c-302725da45b8] verdict=BENIGN MAE=0.439289 threshold=0.500000 latency=77.255ms
2026-09-30 15:49:36 | INFO     | HIDS_API | POST /detection/predict status=200 79.29ms
2026-09-30 15:49:36 | INFO     | uvicorn.access | 127.0.0.1:37582 - "POST /detection/predict HTTP/1.1" 200
2026-09-30 15:49:36 | INFO     | HIDS_Detection | [49296681-f617-47ca-ad74-937d720dccf8] verdict=BENIGN MAE=0.440108 threshold=0.500000 latency=86.205ms
2026-09-30 15:49:36 | INFO     | HIDS_API | POST /detection/predict status=200 88.09ms
2026-09-30 15:49:36 | INFO     | uvicorn.access | 127.0.0.1:37594 - "POST /detection/predict HTTP/1.1" 200
2026-09-30 15:49:36 | INFO     | HIDS_Detection | [3dc12bee-a9ee-43c7-b8ad-2c0dc6de9eb1] verdict=BENIGN MAE=0.459295 threshold=0.500000 latency=80.919ms
2026-09-30 15:49:36 | INFO     | HIDS_API | POST /detection/predict status=200 82.85ms
2026-09-30 15:49:36 | INFO     | uvicorn.access | 127.0.0.1:37602 - "POST /detection/predict HTTP/1.1" 200
2026-09-30 15:49:36 | INFO     | HIDS_Detection | [e8a50f4a-a662-493a-b2ea-7b07d03e0389] verdict=BENIGN MAE=0.439734 threshold=0.500000 latency=80.717ms
2026-09-30 15:49:36 | INFO     | HIDS_API | POST /detection/predict status=200 83.23ms
2026-09-30 15:49:36 | INFO     | uvicorn.access | 127.0.0.1:37608 - "POST /detection/predict HTTP/1.1" 200
2026-09-30 15:49:36 | INFO     | HIDS_Detection | [ce06c72e-f9e5-4970-8c42-26b03f786e35] verdict=BENIGN MAE=0.439826 threshold=0.500000 latency=90.935ms
2026-09-30 15:49:36 | INFO     | HIDS_API | POST /detection/predict status=200 93.86ms
2026-09-30 15:49:36 | INFO     | uvicorn.access | 127.0.0.1:37618 - "POST /detection/predict HTTP/1.1" 200
2026-09-30 15:49:37 | INFO     | HIDS_Detection | [d5df998d-013d-4d01-84e7-3356fd27cede] verdict=BENIGN MAE=0.446126 threshold=0.500000 latency=87.698ms
2026-09-30 15:49:37 | INFO     | HIDS_API | POST /detection/predict status=200 90.10ms
2026-09-30 15:49:37 | INFO     | uvicorn.access | 127.0.0.1:37634 - "POST /detection/predict HTTP/1.1" 200
2026-09-30 15:49:37 | INFO     | HIDS_Detection | [dd993362-3dd7-4d6f-b932-b698f43e6a31] verdict=BENIGN MAE=0.446128 threshold=0.500000 latency=77.116ms
2026-09-30 15:49:37 | INFO     | HIDS_API | POST /detection/predict status=200 79.40ms
2026-09-30 15:49:37 | INFO     | uvicorn.access | 127.0.0.1:37650 - "POST /detection/predict HTTP/1.1" 200
2026-09-30 15:49:37 | INFO     | HIDS_Detection | [862548fa-e115-4741-bc25-8f226f83470b] verdict=BENIGN MAE=0.446129 threshold=0.500000 latency=74.132ms
2026-09-30 15:49:37 | INFO     | HIDS_API | POST /detection/predict status=200 78.28ms
2026-09-30 15:49:37 | INFO     | uvicorn.access | 127.0.0.1:37666 - "POST /detection/predict HTTP/1.1" 200
2026-09-30 15:49:37 | INFO     | HIDS_Detection | [f00a18e2-54fc-4bfa-92d8-6e33d150703b] verdict=BENIGN MAE=0.446129 threshold=0.500000 latency=77.354ms
2026-09-30 15:49:37 | INFO     | HIDS_API | POST /detection/predict status=200 80.33ms
2026-09-30 15:49:37 | INFO     | uvicorn.access | 127.0.0.1:37668 - "POST /detection/predict HTTP/1.1" 200
2026-09-30 15:49:37 | INFO     | HIDS_Detection | [2226eb58-d7ab-4e2c-a0f1-bb01dda7633e] verdict=BENIGN MAE=0.446128 threshold=0.500000 latency=74.931ms
2026-09-30 15:49:37 | INFO     | HIDS_API | POST /detection/predict status=200 77.44ms
2026-09-30 15:49:37 | INFO     | uvicorn.access | 127.0.0.1:37678 - "POST /detection/predict HTTP/1.1" 200
2026-09-30 15:49:37 | INFO     | HIDS_Detection | [e1d5cd32-f5bd-45eb-90bc-f7d99431bdf3] verdict=BENIGN MAE=0.459301 threshold=0.500000 latency=75.98ms
2026-09-30 15:49:37 | INFO     | HIDS_API | POST /detection/predict status=200 78.84ms
2026-09-30 15:49:37 | INFO     | uvicorn.access | 127.0.0.1:37690 - "POST /detection/predict HTTP/1.1" 200
2026-09-30 15:49:37 | INFO     | HIDS_Detection | [8848e4a4-ba29-4980-a7d6-3d28ea7f4df3] verdict=BENIGN MAE=0.459304 threshold=0.500000 latency=83.963ms
2026-09-30 15:49:37 | INFO     | HIDS_API | POST /detection/predict status=200 87.71ms
2026-09-30 15:49:37 | INFO     | uvicorn.access | 127.0.0.1:37698 - "POST /detection/predict HTTP/1.1" 200
2026-09-30 15:49:37 | INFO     | HIDS_Detection | [f0af9a99-632b-41e0-b80f-2a2afa4a1430] verdict=BENIGN MAE=0.446130 threshold=0.500000 latency=83.871ms
2026-09-30 15:49:37 | INFO     | HIDS_API | POST /detection/predict status=200 86.10ms
2026-09-30 15:49:37 | INFO     | uvicorn.access | 127.0.0.1:37702 - "POST /detection/predict HTTP/1.1" 200
2026-09-30 15:49:37 | INFO     | HIDS_Detection | [14adde28-34c5-4a3b-b121-2bcee98f4e52] verdict=BENIGN MAE=0.459294 threshold=0.500000 latency=81.089ms
2026-09-30 15:49:37 | INFO     | HIDS_API | POST /detection/predict status=200 83.78ms
2026-09-30 15:49:37 | INFO     | uvicorn.access | 127.0.0.1:37712 - "POST /detection/predict HTTP/1.1" 200
2026-09-30 15:49:37 | INFO     | HIDS_Detection | [1803433c-649f-44eb-93cf-fe7c9e883e6e] verdict=BENIGN MAE=0.446129 threshold=0.500000 latency=72.794ms
2026-09-30 15:49:37 | INFO     | HIDS_API | POST /detection/predict status=200 75.52ms
2026-09-30 15:49:37 | INFO     | uvicorn.access | 127.0.0.1:37726 - "POST /detection/predict HTTP/1.1" 200
2026-09-30 15:49:38 | INFO     | HIDS_Detection | [6b71c95e-0823-4723-8b7d-b53c5140c831] verdict=BENIGN MAE=0.446124 threshold=0.500000 latency=82.161ms
2026-09-30 15:49:38 | INFO     | HIDS_API | POST /detection/predict status=200 84.23ms
2026-09-30 15:49:38 | INFO     | uvicorn.access | 127.0.0.1:37740 - "POST /detection/predict HTTP/1.1" 200
2026-09-30 15:49:38 | INFO     | HIDS_Detection | [60b65529-e37f-4dc1-be14-5d9c3ec1b479] verdict=BENIGN MAE=0.459289 threshold=0.500000 latency=82.609ms
2026-09-30 15:49:38 | INFO     | HIDS_API | POST /detection/predict status=200 84.98ms
2026-09-30 15:49:38 | INFO     | uvicorn.access | 127.0.0.1:37748 - "POST /detection/predict HTTP/1.1" 200
2026-09-30 15:49:38 | INFO     | HIDS_Detection | [ecf58023-e76a-4277-8637-1d4e6f34945e] verdict=BENIGN MAE=0.446130 threshold=0.500000 latency=85.738ms
2026-09-30 15:49:38 | INFO     | HIDS_API | POST /detection/predict status=200 88.73ms
2026-09-30 15:49:38 | INFO     | uvicorn.access | 127.0.0.1:37764 - "POST /detection/predict HTTP/1.1" 200
2026-09-30 15:49:38 | INFO     | HIDS_Detection | [d30dff48-549f-4803-b7c8-19e2e7915cf5] verdict=BENIGN MAE=0.446130 threshold=0.500000 latency=78.03ms
2026-09-30 15:49:38 | INFO     | HIDS_API | POST /detection/predict status=200 80.02ms
2026-09-30 15:49:38 | INFO     | uvicorn.access | 127.0.0.1:37772 - "POST /detection/predict HTTP/1.1" 200
2026-09-30 15:49:38 | INFO     | HIDS_Detection | [781549c9-3df7-4e17-ab30-5adc7f70461b] verdict=BENIGN MAE=0.446130 threshold=0.500000 latency=77.09ms
2026-09-30 15:49:38 | INFO     | HIDS_API | POST /detection/predict status=200 79.84ms
2026-09-30 15:49:38 | INFO     | uvicorn.access | 127.0.0.1:37776 - "POST /detection/predict HTTP/1.1" 200
2026-09-30 15:49:38 | INFO     | HIDS_Detection | [3321422c-c527-430d-8049-49f5eba0ac1f] verdict=BENIGN MAE=0.459301 threshold=0.500000 latency=74.841ms
2026-09-30 15:49:38 | INFO     | HIDS_API | POST /detection/predict status=200 78.13ms
2026-09-30 15:49:38 | INFO     | uvicorn.access | 127.0.0.1:37786 - "POST /detection/predict HTTP/1.1" 200
2026-09-30 15:49:38 | INFO     | HIDS_Detection | [cee55441-230e-4ef4-b81b-48244e88b032] verdict=BENIGN MAE=0.465497 threshold=0.500000 latency=75.045ms
2026-09-30 15:49:38 | INFO     | HIDS_API | POST /detection/predict status=200 78.05ms
2026-09-30 15:49:38 | INFO     | uvicorn.access | 127.0.0.1:37796 - "POST /detection/predict HTTP/1.1" 200
2026-09-30 15:49:38 | INFO     | HIDS_Detection | [f1f491e1-fd7f-4adf-8202-53a997c3bb9b] verdict=BENIGN MAE=0.440075 threshold=0.500000 latency=81.775ms
2026-09-30 15:49:38 | INFO     | HIDS_API | POST /detection/predict status=200 85.49ms
2026-09-30 15:49:38 | INFO     | uvicorn.access | 127.0.0.1:37798 - "POST /detection/predict HTTP/1.1" 200
2026-09-30 15:49:38 | INFO     | HIDS_Detection | [afdfa7dc-52a3-4387-8c1a-0c666a398371] verdict=BENIGN MAE=0.459300 threshold=0.500000 latency=84.069ms
2026-09-30 15:49:38 | INFO     | HIDS_API | POST /detection/predict status=200 86.76ms
2026-09-30 15:49:38 | INFO     | uvicorn.access | 127.0.0.1:37810 - "POST /detection/predict HTTP/1.1" 200
2026-09-30 15:49:38 | INFO     | HIDS_Detection | [b96bb71e-1b6a-4531-bca2-f8906d7ca1a2] verdict=BENIGN MAE=0.441075 threshold=0.500000 latency=75.688ms
2026-09-30 15:49:38 | INFO     | HIDS_API | POST /detection/predict status=200 79.03ms
2026-09-30 15:49:38 | INFO     | uvicorn.access | 127.0.0.1:37812 - "POST /detection/predict HTTP/1.1" 200
2026-09-30 15:49:38 | INFO     | HIDS_Detection | [7f20d9d2-e69d-4e8d-aaa3-88a77f31fb2c] verdict=BENIGN MAE=0.439955 threshold=0.500000 latency=81.676ms
2026-09-30 15:49:38 | INFO     | HIDS_API | POST /detection/predict status=200 83.61ms
2026-09-30 15:49:38 | INFO     | uvicorn.access | 127.0.0.1:37826 - "POST /detection/predict HTTP/1.1" 200
2026-09-30 15:49:39 | INFO     | HIDS_Detection | [5f291224-45d3-4052-bbd1-a104a8741d8d] verdict=BENIGN MAE=0.459302 threshold=0.500000 latency=77.211ms
2026-09-30 15:49:39 | INFO     | HIDS_API | POST /detection/predict status=200 80.55ms
2026-09-30 15:49:39 | INFO     | uvicorn.access | 127.0.0.1:37838 - "POST /detection/predict HTTP/1.1" 200
2026-09-30 15:49:39 | INFO     | HIDS_Detection | [b2bb0bf9-40ae-4627-8395-760b03e7f815] verdict=BENIGN MAE=0.442975 threshold=0.500000 latency=87.536ms
2026-09-30 15:49:39 | INFO     | HIDS_API | POST /detection/predict status=200 89.78ms
2026-09-30 15:49:39 | INFO     | uvicorn.access | 127.0.0.1:37846 - "POST /detection/predict HTTP/1.1" 200
2026-09-30 15:49:39 | INFO     | uvicorn.access | 127.0.0.1:37850 - "GET /ready HTTP/1.1" 200
2026-09-30 15:49:39 | INFO     | HIDS_Detection | [6442146e-37ef-4471-8c8e-271045563abd] verdict=BENIGN MAE=0.439023 threshold=0.500000 latency=84.843ms
2026-09-30 15:49:39 | INFO     | HIDS_API | POST /detection/predict status=200 88.26ms
2026-09-30 15:49:39 | INFO     | uvicorn.access | 127.0.0.1:37854 - "POST /detection/predict HTTP/1.1" 200
2026-09-30 15:49:39 | INFO     | HIDS_Detection | [da9d1c4c-e363-4d6f-b2cf-d8590df1512c] verdict=BENIGN MAE=0.459301 threshold=0.500000 latency=86.158ms
2026-09-30 15:49:39 | INFO     | HIDS_API | POST /detection/predict status=200 89.10ms
2026-09-30 15:49:39 | INFO     | uvicorn.access | 127.0.0.1:37862 - "POST /detection/predict HTTP/1.1" 200
2026-09-30 15:49:39 | INFO     | HIDS_Detection | [ab94de80-4e68-44cd-bd6f-417fb3174ea0] verdict=BENIGN MAE=0.440163 threshold=0.500000 latency=78.413ms
2026-09-30 15:49:39 | INFO     | HIDS_API | POST /detection/predict status=200 81.52ms
2026-09-30 15:49:39 | INFO     | uvicorn.access | 127.0.0.1:37876 - "POST /detection/predict HTTP/1.1" 200
2026-09-30 15:49:39 | INFO     | HIDS_Detection | [105214d2-6ad1-4605-ac60-04a80256fa42] verdict=BENIGN MAE=0.439783 threshold=0.500000 latency=83.81ms
2026-09-30 15:49:39 | INFO     | HIDS_API | POST /detection/predict status=200 86.21ms
2026-09-30 15:49:39 | INFO     | uvicorn.access | 127.0.0.1:37888 - "POST /detection/predict HTTP/1.1" 200
2026-09-30 15:49:39 | INFO     | HIDS_Detection | [7594ae55-19c8-4f92-b03b-78e6efaf54a4] verdict=BENIGN MAE=0.459298 threshold=0.500000 latency=81.043ms
2026-09-30 15:49:39 | INFO     | HIDS_API | POST /detection/predict status=200 83.26ms
2026-09-30 15:49:39 | INFO     | uvicorn.access | 127.0.0.1:37890 - "POST /detection/predict HTTP/1.1" 200
2026-09-30 15:49:39 | INFO     | HIDS_Detection | [125b119c-f0e4-4f97-b1b5-e768afa169c7] verdict=BENIGN MAE=0.441072 threshold=0.500000 latency=81.631ms
2026-09-30 15:49:39 | INFO     | HIDS_API | POST /detection/predict status=200 84.31ms
2026-09-30 15:49:39 | INFO     | uvicorn.access | 127.0.0.1:37904 - "POST /detection/predict HTTP/1.1" 200
2026-09-30 15:49:39 | INFO     | HIDS_Detection | [d2e67204-8544-4e3b-8b9a-94686427f72d] verdict=BENIGN MAE=0.438969 threshold=0.500000 latency=85.444ms
2026-09-30 15:49:39 | INFO     | HIDS_API | POST /detection/predict status=200 87.84ms
2026-09-30 15:49:39 | INFO     | uvicorn.access | 127.0.0.1:37910 - "POST /detection/predict HTTP/1.1" 200
2026-09-30 15:49:39 | INFO     | HIDS_Detection | [4e0a81f7-ecb2-4596-8c5e-4b174a940c28] verdict=BENIGN MAE=0.439301 threshold=0.500000 latency=84.088ms
2026-09-30 15:49:39 | INFO     | HIDS_API | POST /detection/predict status=200 87.60ms
2026-09-30 15:49:39 | INFO     | uvicorn.access | 127.0.0.1:37922 - "POST /detection/predict HTTP/1.1" 200
2026-09-30 15:49:40 | INFO     | HIDS_Detection | [ecf26947-2842-48f4-baf4-97b9fa37b318] verdict=BENIGN MAE=0.439146 threshold=0.500000 latency=86.736ms
2026-09-30 15:49:40 | INFO     | HIDS_API | POST /detection/predict status=200 89.22ms
2026-09-30 15:49:40 | INFO     | uvicorn.access | 127.0.0.1:37928 - "POST /detection/predict HTTP/1.1" 200
2026-09-30 15:49:40 | INFO     | HIDS_Detection | [2cb18c93-6335-4a77-9b50-b9826e245a18] verdict=BENIGN MAE=0.459299 threshold=0.500000 latency=90.211ms
2026-09-30 15:49:40 | INFO     | HIDS_API | POST /detection/predict status=200 93.68ms
2026-09-30 15:49:40 | INFO     | uvicorn.access | 127.0.0.1:37944 - "POST /detection/predict HTTP/1.1" 200
2026-09-30 15:49:40 | INFO     | HIDS_Detection | [c41378c9-da18-4edf-a733-e596ecee968a] verdict=BENIGN MAE=0.438562 threshold=0.500000 latency=75.964ms
2026-09-30 15:49:40 | INFO     | HIDS_API | POST /detection/predict status=200 78.89ms
2026-09-30 15:49:40 | INFO     | uvicorn.access | 127.0.0.1:37960 - "POST /detection/predict HTTP/1.1" 200
2026-09-30 15:49:40 | INFO     | HIDS_Detection | [c2cd4817-1f06-4a70-be6b-7fa82ce85ec0] verdict=BENIGN MAE=0.439988 threshold=0.500000 latency=87.543ms
2026-09-30 15:49:40 | INFO     | HIDS_API | POST /detection/predict status=200 89.51ms
2026-09-30 15:49:40 | INFO     | uvicorn.access | 127.0.0.1:37966 - "POST /detection/predict HTTP/1.1" 200
2026-09-30 15:49:40 | INFO     | HIDS_Detection | [de39de20-d758-47e9-8e92-a19f0e844b60] verdict=BENIGN MAE=0.459297 threshold=0.500000 latency=83.111ms
2026-09-30 15:49:40 | INFO     | HIDS_API | POST /detection/predict status=200 85.83ms
2026-09-30 15:49:40 | INFO     | uvicorn.access | 127.0.0.1:37970 - "POST /detection/predict HTTP/1.1" 200
2026-09-30 15:49:40 | INFO     | HIDS_Detection | [53ed2611-af91-42eb-a070-2f9f962f6bd2] verdict=BENIGN MAE=0.439168 threshold=0.500000 latency=78.402ms
2026-09-30 15:49:40 | INFO     | HIDS_API | POST /detection/predict status=200 80.96ms
2026-09-30 15:49:40 | INFO     | uvicorn.access | 127.0.0.1:37974 - "POST /detection/predict HTTP/1.1" 200
2026-09-30 15:49:40 | INFO     | HIDS_Detection | [63125d97-bd24-4c61-9cd6-178e4b4ffd72] verdict=BENIGN MAE=0.439889 threshold=0.500000 latency=84.306ms
2026-09-30 15:49:40 | INFO     | HIDS_API | POST /detection/predict status=200 86.22ms
2026-09-30 15:49:40 | INFO     | uvicorn.access | 127.0.0.1:37990 - "POST /detection/predict HTTP/1.1" 200
2026-09-30 15:49:40 | INFO     | HIDS_Detection | [f1692411-40ce-42e8-984e-164b44c4a226] verdict=BENIGN MAE=0.459305 threshold=0.500000 latency=84.306ms
2026-09-30 15:49:40 | INFO     | HIDS_API | POST /detection/predict status=200 86.22ms
2026-09-30 15:49:40 | INFO     | uvicorn.access | 127.0.0.1:38004 - "POST /detection/predict HTTP/1.1" 200
2026-09-30 15:49:40 | INFO     | HIDS_Detection | [0cd4aa2a-f318-4965-8c18-dbffb4af1e2d] verdict=BENIGN MAE=0.459302 threshold=0.500000 latency=78.53ms
2026-09-30 15:49:40 | INFO     | HIDS_API | POST /detection/predict status=200 81.19ms
2026-09-30 15:49:40 | INFO     | uvicorn.access | 127.0.0.1:38018 - "POST /detection/predict HTTP/1.1" 200
2026-09-30 15:49:40 | INFO     | HIDS_Detection | [31f3225b-a228-4d18-bfa4-12a5e9cf891a] verdict=BENIGN MAE=0.446125 threshold=0.500000 latency=82.242ms
2026-09-30 15:49:40 | INFO     | HIDS_API | POST /detection/predict status=200 84.80ms
2026-09-30 15:49:40 | INFO     | uvicorn.access | 127.0.0.1:38030 - "POST /detection/predict HTTP/1.1" 200
2026-09-30 15:49:41 | INFO     | HIDS_Detection | [f5fda2a9-7786-4d40-8de1-92dea9e14809] verdict=BENIGN MAE=0.446126 threshold=0.500000 latency=77.927ms
2026-09-30 15:49:41 | INFO     | HIDS_API | POST /detection/predict status=200 80.30ms
2026-09-30 15:49:41 | INFO     | uvicorn.access | 127.0.0.1:38036 - "POST /detection/predict HTTP/1.1" 200
2026-09-30 15:49:41 | INFO     | HIDS_Detection | [b6a61f4e-d42c-4a7c-9a06-8dcb70996f8b] verdict=BENIGN MAE=0.446002 threshold=0.500000 latency=75.802ms
2026-09-30 15:49:41 | INFO     | HIDS_API | POST /detection/predict status=200 78.24ms
2026-09-30 15:49:41 | INFO     | uvicorn.access | 127.0.0.1:38040 - "POST /detection/predict HTTP/1.1" 200
2026-09-30 15:49:41 | INFO     | HIDS_Detection | [1bcd4e61-e38b-4af1-9cc9-df2ae2b7f8fa] verdict=BENIGN MAE=0.446125 threshold=0.500000 latency=81.161ms
2026-09-30 15:49:41 | INFO     | HIDS_API | POST /detection/predict status=200 84.01ms
2026-09-30 15:49:41 | INFO     | uvicorn.access | 127.0.0.1:38054 - "POST /detection/predict HTTP/1.1" 200
2026-09-30 15:49:41 | INFO     | HIDS_Detection | [714f211b-aa6f-43c4-be26-3abc6ddeb969] verdict=BENIGN MAE=0.459297 threshold=0.500000 latency=81.247ms
2026-09-30 15:49:41 | INFO     | HIDS_API | POST /detection/predict status=200 83.97ms
2026-09-30 15:49:41 | INFO     | uvicorn.access | 127.0.0.1:38062 - "POST /detection/predict HTTP/1.1" 200
2026-09-30 15:49:41 | INFO     | HIDS_Detection | [4e25805f-f59a-478f-ac64-3e8ba5c5e347] verdict=BENIGN MAE=0.442048 threshold=0.500000 latency=83.211ms
2026-09-30 15:49:41 | INFO     | HIDS_API | POST /detection/predict status=200 85.28ms
2026-09-30 15:49:41 | INFO     | uvicorn.access | 127.0.0.1:38070 - "POST /detection/predict HTTP/1.1" 200
2026-09-30 15:49:41 | INFO     | HIDS_Detection | [cb945da1-cbd4-4b8f-bfe5-fdab035c3391] verdict=BENIGN MAE=0.439556 threshold=0.500000 latency=86.891ms
2026-09-30 15:49:41 | INFO     | HIDS_API | POST /detection/predict status=200 88.78ms
2026-09-30 15:49:41 | INFO     | uvicorn.access | 127.0.0.1:38078 - "POST /detection/predict HTTP/1.1" 200
2026-09-30 15:49:41 | INFO     | HIDS_Detection | [161e41cd-d577-46ef-b56f-57abf495ff16] verdict=BENIGN MAE=0.472968 threshold=0.500000 latency=85.952ms
2026-09-30 15:49:41 | INFO     | HIDS_API | POST /detection/predict status=200 88.70ms
2026-09-30 15:49:41 | INFO     | uvicorn.access | 127.0.0.1:38082 - "POST /detection/predict HTTP/1.1" 200
2026-09-30 15:49:41 | INFO     | HIDS_Detection | [062dd446-54f0-4500-b6c7-cf6b7ac72094] verdict=BENIGN MAE=0.459282 threshold=0.500000 latency=78.427ms
2026-09-30 15:49:41 | INFO     | HIDS_API | POST /detection/predict status=200 80.79ms
2026-09-30 15:49:41 | INFO     | uvicorn.access | 127.0.0.1:42540 - "POST /detection/predict HTTP/1.1" 200
2026-09-30 15:49:41 | INFO     | HIDS_Detection | [aa5e5239-2b0b-4011-97d6-20276c0a9617] verdict=BENIGN MAE=0.459305 threshold=0.500000 latency=142.356ms
2026-09-30 15:49:41 | INFO     | HIDS_API | POST /detection/predict status=200 145.36ms
2026-09-30 15:49:41 | INFO     | uvicorn.access | 127.0.0.1:42548 - "POST /detection/predict HTTP/1.1" 200
2026-09-30 15:49:41 | INFO     | HIDS_Detection | [163e09be-e1a1-4b00-a6e3-bd8180a08e76] verdict=BENIGN MAE=0.446127 threshold=0.500000 latency=86.566ms
2026-09-30 15:49:41 | INFO     | HIDS_API | POST /detection/predict status=200 90.18ms
2026-09-30 15:49:41 | INFO     | uvicorn.access | 127.0.0.1:42550 - "POST /detection/predict HTTP/1.1" 200
2026-09-30 15:49:42 | INFO     | HIDS_Detection | [b250b2c5-6720-414e-9b6b-21918c5f15bc] verdict=BENIGN MAE=0.446127 threshold=0.500000 latency=80.465ms
2026-09-30 15:49:42 | INFO     | HIDS_API | POST /detection/predict status=200 82.75ms
2026-09-30 15:49:42 | INFO     | uvicorn.access | 127.0.0.1:42566 - "POST /detection/predict HTTP/1.1" 200
2026-09-30 15:49:42 | INFO     | HIDS_Detection | [3a7988f4-cc85-4be6-b5c4-a5b7aa39922c] verdict=BENIGN MAE=0.459294 threshold=0.500000 latency=86.41ms
2026-09-30 15:49:42 | INFO     | HIDS_API | POST /detection/predict status=200 89.22ms
2026-09-30 15:49:42 | INFO     | uvicorn.access | 127.0.0.1:42568 - "POST /detection/predict HTTP/1.1" 200
2026-09-30 15:49:42 | INFO     | HIDS_Detection | [fc2b1232-6d71-4c10-8e23-3d1682c7102d] verdict=BENIGN MAE=0.420367 threshold=0.500000 latency=73.671ms
2026-09-30 15:49:42 | INFO     | HIDS_API | POST /detection/predict status=200 76.06ms
2026-09-30 15:49:42 | INFO     | uvicorn.access | 127.0.0.1:42570 - "POST /detection/predict HTTP/1.1" 200
2026-09-30 15:49:42 | INFO     | HIDS_Detection | [6e5abdc8-9674-437f-ae68-c1869960e0c5] verdict=BENIGN MAE=0.440228 threshold=0.500000 latency=80.923ms
2026-09-30 15:49:42 | INFO     | HIDS_API | POST /detection/predict status=200 83.52ms
2026-09-30 15:49:42 | INFO     | uvicorn.access | 127.0.0.1:42576 - "POST /detection/predict HTTP/1.1" 200
2026-09-30 15:49:42 | INFO     | HIDS_Detection | [f97031f2-259c-4481-9a6c-8c22cbd8ddf1] verdict=BENIGN MAE=0.446128 threshold=0.500000 latency=73.433ms
2026-09-30 15:49:42 | INFO     | HIDS_API | POST /detection/predict status=200 79.07ms
2026-09-30 15:49:42 | INFO     | uvicorn.access | 127.0.0.1:42584 - "POST /detection/predict HTTP/1.1" 200
2026-09-30 15:49:42 | INFO     | HIDS_Detection | [7b84c4fc-801a-4b6d-aac0-c6e20ebef5b2] verdict=BENIGN MAE=0.459295 threshold=0.500000 latency=72.894ms
2026-09-30 15:49:42 | INFO     | HIDS_API | POST /detection/predict status=200 75.32ms
2026-09-30 15:49:42 | INFO     | uvicorn.access | 127.0.0.1:42596 - "POST /detection/predict HTTP/1.1" 200
2026-09-30 15:49:42 | INFO     | HIDS_Detection | [6236372b-5e49-4f48-aac6-77fc1f7b4c49] verdict=BENIGN MAE=0.446122 threshold=0.500000 latency=73.906ms
2026-09-30 15:49:42 | INFO     | HIDS_API | POST /detection/predict status=200 76.43ms
2026-09-30 15:49:42 | INFO     | uvicorn.access | 127.0.0.1:42600 - "POST /detection/predict HTTP/1.1" 200
2026-09-30 15:49:42 | INFO     | HIDS_Detection | [26d9fea4-d279-4842-a178-33c0e3339ce5] verdict=BENIGN MAE=0.426038 threshold=0.500000 latency=85.646ms
2026-09-30 15:49:42 | INFO     | HIDS_API | POST /detection/predict status=200 88.29ms
2026-09-30 15:49:42 | INFO     | uvicorn.access | 127.0.0.1:42612 - "POST /detection/predict HTTP/1.1" 200
2026-09-30 15:49:42 | INFO     | HIDS_Detection | [f527f5a4-cc79-4041-9262-bf873c716f72] verdict=BENIGN MAE=0.439209 threshold=0.500000 latency=86.622ms
2026-09-30 15:49:42 | INFO     | HIDS_API | POST /detection/predict status=200 94.30ms
2026-09-30 15:49:42 | INFO     | uvicorn.access | 127.0.0.1:42618 - "POST /detection/predict HTTP/1.1" 200
2026-09-30 15:49:42 | INFO     | HIDS_Detection | [cf317f14-c060-4206-a28e-d5cf322ee505] verdict=BENIGN MAE=0.459295 threshold=0.500000 latency=71.729ms
2026-09-30 15:49:42 | INFO     | HIDS_API | POST /detection/predict status=200 73.96ms
2026-09-30 15:49:42 | INFO     | uvicorn.access | 127.0.0.1:42630 - "POST /detection/predict HTTP/1.1" 200
2026-09-30 15:49:43 | INFO     | HIDS_Detection | [3411fbb8-9f5c-495a-8985-2e9e3bafe472] verdict=BENIGN MAE=0.459301 threshold=0.500000 latency=76.822ms
2026-09-30 15:49:43 | INFO     | HIDS_API | POST /detection/predict status=200 78.86ms
2026-09-30 15:49:43 | INFO     | uvicorn.access | 127.0.0.1:42638 - "POST /detection/predict HTTP/1.1" 200
2026-09-30 15:49:43 | INFO     | HIDS_Detection | [14f540d7-7288-4468-ae6b-7bb67e5fcd2c] verdict=BENIGN MAE=0.422446 threshold=0.500000 latency=76.128ms
2026-09-30 15:49:43 | INFO     | HIDS_API | POST /detection/predict status=200 79.70ms
2026-09-30 15:49:43 | INFO     | uvicorn.access | 127.0.0.1:42644 - "POST /detection/predict HTTP/1.1" 200
2026-09-30 15:49:43 | INFO     | HIDS_Detection | [b628ccad-70ec-49cb-abdb-d5d2f2149e70] verdict=BENIGN MAE=0.439966 threshold=0.500000 latency=84.588ms
2026-09-30 15:49:43 | INFO     | HIDS_API | POST /detection/predict status=200 87.08ms
2026-09-30 15:49:43 | INFO     | uvicorn.access | 127.0.0.1:42660 - "POST /detection/predict HTTP/1.1" 200
2026-09-30 15:49:43 | INFO     | HIDS_Detection | [05fba5c7-bedd-4be7-b415-b94fccb2cb2b] verdict=BENIGN MAE=0.459298 threshold=0.500000 latency=81.59ms
2026-09-30 15:49:43 | INFO     | HIDS_API | POST /detection/predict status=200 88.82ms
2026-09-30 15:49:43 | INFO     | uvicorn.access | 127.0.0.1:42670 - "POST /detection/predict HTTP/1.1" 200
2026-09-30 15:49:43 | INFO     | HIDS_Detection | [33188c60-d473-4c76-9e88-2c827f6c1827] verdict=BENIGN MAE=0.459287 threshold=0.500000 latency=76.288ms
2026-09-30 15:49:43 | INFO     | HIDS_API | POST /detection/predict status=200 78.66ms
2026-09-30 15:49:43 | INFO     | uvicorn.access | 127.0.0.1:42684 - "POST /detection/predict HTTP/1.1" 200
2026-09-30 15:49:43 | INFO     | HIDS_Detection | [9acf21a6-7a15-4e0f-a252-a487fcd85314] verdict=BENIGN MAE=0.441027 threshold=0.500000 latency=83.348ms
2026-09-30 15:49:43 | INFO     | HIDS_API | POST /detection/predict status=200 85.93ms
2026-09-30 15:49:43 | INFO     | uvicorn.access | 127.0.0.1:42696 - "POST /detection/predict HTTP/1.1" 200
2026-09-30 15:49:43 | INFO     | HIDS_Detection | [81232743-031e-498c-8535-6455d14caa0b] verdict=BENIGN MAE=0.439339 threshold=0.500000 latency=84.481ms
2026-09-30 15:49:43 | INFO     | HIDS_API | POST /detection/predict status=200 86.65ms
2026-09-30 15:49:43 | INFO     | uvicorn.access | 127.0.0.1:42698 - "POST /detection/predict HTTP/1.1" 200
2026-09-30 15:49:43 | INFO     | HIDS_Detection | [3aa80d89-d53e-4edb-a5ab-c5e7b439f4c1] verdict=BENIGN MAE=0.459303 threshold=0.500000 latency=79.718ms
2026-09-30 15:49:43 | INFO     | HIDS_API | POST /detection/predict status=200 83.78ms
2026-09-30 15:49:43 | INFO     | uvicorn.access | 127.0.0.1:42700 - "POST /detection/predict HTTP/1.1" 200
2026-09-30 15:49:43 | INFO     | HIDS_Detection | [83be3ef1-f9ac-4d74-8516-7749d93c2980] verdict=BENIGN MAE=0.441868 threshold=0.500000 latency=79.386ms
2026-09-30 15:49:43 | INFO     | HIDS_API | POST /detection/predict status=200 81.15ms
2026-09-30 15:49:43 | INFO     | uvicorn.access | 127.0.0.1:42708 - "POST /detection/predict HTTP/1.1" 200
2026-09-30 15:49:43 | INFO     | HIDS_Detection | [3d389703-1447-4615-9d0b-8f0d7a9df8eb] verdict=BENIGN MAE=0.440029 threshold=0.500000 latency=85.627ms
2026-09-30 15:49:43 | INFO     | HIDS_API | POST /detection/predict status=200 89.73ms
2026-09-30 15:49:43 | INFO     | uvicorn.access | 127.0.0.1:42720 - "POST /detection/predict HTTP/1.1" 200
2026-09-30 15:49:44 | INFO     | HIDS_Detection | [4df4afba-3b50-48d2-879b-128a96b21089] verdict=BENIGN MAE=0.459295 threshold=0.500000 latency=90.939ms
2026-09-30 15:49:44 | INFO     | HIDS_API | POST /detection/predict status=200 92.84ms
2026-09-30 15:49:44 | INFO     | uvicorn.access | 127.0.0.1:42724 - "POST /detection/predict HTTP/1.1" 200
2026-09-30 15:49:44 | INFO     | HIDS_Detection | [23fbbe59-e50f-4224-843b-4e02ee9dff3f] verdict=BENIGN MAE=0.438707 threshold=0.500000 latency=87.077ms
2026-09-30 15:49:44 | INFO     | HIDS_API | POST /detection/predict status=200 89.74ms
2026-09-30 15:49:44 | INFO     | uvicorn.access | 127.0.0.1:42736 - "POST /detection/predict HTTP/1.1" 200
2026-09-30 15:49:44 | INFO     | HIDS_Detection | [d1b9914d-371d-41c3-a2ef-7a879277e992] verdict=BENIGN MAE=0.439226 threshold=0.500000 latency=92.937ms
2026-09-30 15:49:44 | INFO     | HIDS_API | POST /detection/predict status=200 95.41ms
2026-09-30 15:49:44 | INFO     | uvicorn.access | 127.0.0.1:42750 - "POST /detection/predict HTTP/1.1" 200
2026-09-30 15:49:44 | INFO     | HIDS_Detection | [72a70434-7ab9-4869-b593-77e4ff5fbbbe] verdict=BENIGN MAE=0.459298 threshold=0.500000 latency=84.221ms
2026-09-30 15:49:44 | INFO     | HIDS_API | POST /detection/predict status=200 87.77ms
2026-09-30 15:49:44 | INFO     | uvicorn.access | 127.0.0.1:42756 - "POST /detection/predict HTTP/1.1" 200
2026-09-30 15:49:44 | INFO     | HIDS_Detection | [f7199ec8-3b6c-4b78-83f4-b16a2dbec1fc] verdict=BENIGN MAE=0.438220 threshold=0.500000 latency=78.035ms
2026-09-30 15:49:44 | INFO     | HIDS_API | POST /detection/predict status=200 80.75ms
2026-09-30 15:49:44 | INFO     | uvicorn.access | 127.0.0.1:42762 - "POST /detection/predict HTTP/1.1" 200
2026-09-30 15:49:44 | INFO     | HIDS_Detection | [442291b3-9e09-4f0e-b6cc-f8a81a47edb2] verdict=BENIGN MAE=0.440011 threshold=0.500000 latency=84.608ms
2026-09-30 15:49:44 | INFO     | HIDS_API | POST /detection/predict status=200 90.00ms
2026-09-30 15:49:44 | INFO     | uvicorn.access | 127.0.0.1:42764 - "POST /detection/predict HTTP/1.1" 200
2026-09-30 15:49:44 | INFO     | HIDS_Detection | [8c3664d1-db47-4d2b-902d-b890e5977aed] verdict=BENIGN MAE=0.459300 threshold=0.500000 latency=80.308ms
2026-09-30 15:49:44 | INFO     | HIDS_API | POST /detection/predict status=200 82.34ms
2026-09-30 15:49:44 | INFO     | uvicorn.access | 127.0.0.1:42780 - "POST /detection/predict HTTP/1.1" 200
2026-09-30 15:49:44 | INFO     | HIDS_Detection | [23cdeba3-06a9-45d1-94cc-56bc44c009fa] verdict=BENIGN MAE=0.439510 threshold=0.500000 latency=75.11ms
2026-09-30 15:49:44 | INFO     | HIDS_API | POST /detection/predict status=200 78.08ms
2026-09-30 15:49:44 | INFO     | uvicorn.access | 127.0.0.1:42784 - "POST /detection/predict HTTP/1.1" 200
2026-09-30 15:49:44 | INFO     | HIDS_Detection | [4452830f-8f37-442d-89a7-0429d12345f2] verdict=BENIGN MAE=0.440307 threshold=0.500000 latency=92.313ms
2026-09-30 15:49:44 | INFO     | HIDS_API | POST /detection/predict status=200 94.46ms
2026-09-30 15:49:44 | INFO     | uvicorn.access | 127.0.0.1:42788 - "POST /detection/predict HTTP/1.1" 200
2026-09-30 15:49:44 | INFO     | HIDS_Detection | [22f034f7-79e3-428b-b5d8-a53b2cf509a8] verdict=BENIGN MAE=0.459291 threshold=0.500000 latency=80.298ms
2026-09-30 15:49:44 | INFO     | HIDS_API | POST /detection/predict status=200 82.84ms
2026-09-30 15:49:44 | INFO     | uvicorn.access | 127.0.0.1:42796 - "POST /detection/predict HTTP/1.1" 200
2026-09-30 15:49:45 | INFO     | HIDS_Detection | [a4b90923-f312-46a0-b036-708c8a5320ac] verdict=BENIGN MAE=0.446127 threshold=0.500000 latency=74.475ms
2026-09-30 15:49:45 | INFO     | HIDS_API | POST /detection/predict status=200 77.06ms
2026-09-30 15:49:45 | INFO     | uvicorn.access | 127.0.0.1:42810 - "POST /detection/predict HTTP/1.1" 200
2026-09-30 15:49:45 | INFO     | HIDS_Detection | [dc42b36c-1fb8-46d1-abed-321d03c748f4] verdict=BENIGN MAE=0.443460 threshold=0.500000 latency=84.514ms
2026-09-30 15:49:45 | INFO     | HIDS_API | POST /detection/predict status=200 87.17ms
2026-09-30 15:49:45 | INFO     | uvicorn.access | 127.0.0.1:42816 - "POST /detection/predict HTTP/1.1" 200
2026-09-30 15:49:45 | INFO     | HIDS_Detection | [8d834ba9-aedf-4731-ac6f-20414ca028d2] verdict=BENIGN MAE=0.439157 threshold=0.500000 latency=85.696ms
2026-09-30 15:49:45 | INFO     | HIDS_API | POST /detection/predict status=200 87.54ms
2026-09-30 15:49:45 | INFO     | uvicorn.access | 127.0.0.1:42820 - "POST /detection/predict HTTP/1.1" 200
2026-09-30 15:49:45 | INFO     | HIDS_Detection | [c68ed88d-25fb-4a05-a38b-8829234250f0] verdict=BENIGN MAE=0.446094 threshold=0.500000 latency=92.452ms
2026-09-30 15:49:45 | INFO     | HIDS_API | POST /detection/predict status=200 95.39ms
2026-09-30 15:49:45 | INFO     | uvicorn.access | 127.0.0.1:42828 - "POST /detection/predict HTTP/1.1" 200
2026-09-30 15:49:45 | INFO     | HIDS_Detection | [f1703e7f-297f-4988-a9ef-b522145e71f6] verdict=BENIGN MAE=0.446101 threshold=0.500000 latency=93.698ms
2026-09-30 15:49:45 | INFO     | HIDS_API | POST /detection/predict status=200 96.91ms
2026-09-30 15:49:45 | INFO     | uvicorn.access | 127.0.0.1:42834 - "POST /detection/predict HTTP/1.1" 200
2026-09-30 15:49:45 | INFO     | HIDS_Detection | [edbabd40-f0a1-4ab6-bbf0-1beba0918fd2] verdict=BENIGN MAE=0.439339 threshold=0.500000 latency=91.431ms
2026-09-30 15:49:45 | INFO     | HIDS_API | POST /detection/predict status=200 93.62ms
2026-09-30 15:49:45 | INFO     | uvicorn.access | 127.0.0.1:42850 - "POST /detection/predict HTTP/1.1" 200
2026-09-30 15:49:45 | INFO     | HIDS_Detection | [47e36123-f3d5-4014-9d75-6f6a5416cc87] verdict=BENIGN MAE=0.472968 threshold=0.500000 latency=77.186ms
2026-09-30 15:49:45 | INFO     | HIDS_API | POST /detection/predict status=200 80.21ms
2026-09-30 15:49:45 | INFO     | uvicorn.access | 127.0.0.1:42862 - "POST /detection/predict HTTP/1.1" 200
2026-09-30 15:49:45 | INFO     | HIDS_Detection | [215342a8-743f-4709-94da-6a1d1341bc32] verdict=BENIGN MAE=0.439964 threshold=0.500000 latency=74.623ms
2026-09-30 15:49:45 | INFO     | HIDS_API | POST /detection/predict status=200 77.83ms
2026-09-30 15:49:45 | INFO     | uvicorn.access | 127.0.0.1:42876 - "POST /detection/predict HTTP/1.1" 200
2026-09-30 15:49:45 | INFO     | HIDS_Detection | [4cf8228c-4104-4375-88ee-644f3636ac5d] verdict=BENIGN MAE=0.440131 threshold=0.500000 latency=85.536ms
2026-09-30 15:49:45 | INFO     | HIDS_API | POST /detection/predict status=200 88.67ms
2026-09-30 15:49:45 | INFO     | uvicorn.access | 127.0.0.1:42878 - "POST /detection/predict HTTP/1.1" 200
2026-09-30 15:49:45 | INFO     | HIDS_Detection | [1477978b-0fb9-4ea7-80da-8a857e02289b] verdict=BENIGN MAE=0.459301 threshold=0.500000 latency=87.671ms
2026-09-30 15:49:45 | INFO     | HIDS_API | POST /detection/predict status=200 94.17ms
2026-09-30 15:49:45 | INFO     | uvicorn.access | 127.0.0.1:42882 - "POST /detection/predict HTTP/1.1" 200
2026-09-30 15:49:45 | INFO     | HIDS_Detection | [9be57f25-dcd6-497a-ad5e-49f5b456110d] verdict=BENIGN MAE=0.439053 threshold=0.500000 latency=81.303ms
2026-09-30 15:49:45 | INFO     | HIDS_API | POST /detection/predict status=200 83.91ms
2026-09-30 15:49:45 | INFO     | uvicorn.access | 127.0.0.1:42884 - "POST /detection/predict HTTP/1.1" 200
2026-09-30 15:49:46 | INFO     | HIDS_Detection | [f463fa81-aac3-4522-8390-2a226c59ee02] verdict=BENIGN MAE=0.439676 threshold=0.500000 latency=82.428ms
2026-09-30 15:49:46 | INFO     | HIDS_API | POST /detection/predict status=200 89.95ms
2026-09-30 15:49:46 | INFO     | uvicorn.access | 127.0.0.1:42900 - "POST /detection/predict HTTP/1.1" 200
2026-09-30 15:49:46 | INFO     | HIDS_Detection | [abf6f4c1-fd17-419f-94bc-7d9d2e497fcb] verdict=BENIGN MAE=0.459291 threshold=0.500000 latency=80.007ms
2026-09-30 15:49:46 | INFO     | HIDS_API | POST /detection/predict status=200 82.46ms
2026-09-30 15:49:46 | INFO     | uvicorn.access | 127.0.0.1:42912 - "POST /detection/predict HTTP/1.1" 200
2026-09-30 15:49:46 | INFO     | HIDS_Detection | [e7ccee0e-8734-4264-9182-80bb26e918ca] verdict=BENIGN MAE=0.442219 threshold=0.500000 latency=93.143ms
2026-09-30 15:49:46 | INFO     | HIDS_API | POST /detection/predict status=200 96.56ms
2026-09-30 15:49:46 | INFO     | uvicorn.access | 127.0.0.1:42926 - "POST /detection/predict HTTP/1.1" 200
2026-09-30 15:49:46 | INFO     | HIDS_Detection | [03c3e5d2-3334-4493-8b2d-56da26c867fe] verdict=BENIGN MAE=0.446116 threshold=0.500000 latency=84.345ms
2026-09-30 15:49:46 | INFO     | HIDS_API | POST /detection/predict status=200 87.30ms
2026-09-30 15:49:46 | INFO     | uvicorn.access | 127.0.0.1:42932 - "POST /detection/predict HTTP/1.1" 200
2026-09-30 15:49:46 | INFO     | HIDS_Detection | [8800123c-2e72-4d88-a744-bcbc29ed2e6b] verdict=BENIGN MAE=0.459301 threshold=0.500000 latency=78.72ms
2026-09-30 15:49:46 | INFO     | HIDS_API | POST /detection/predict status=200 81.25ms
2026-09-30 15:49:46 | INFO     | uvicorn.access | 127.0.0.1:42938 - "POST /detection/predict HTTP/1.1" 200
2026-09-30 15:49:46 | INFO     | HIDS_Detection | [d90db987-ad04-45a6-8170-7241ba0636b6] verdict=BENIGN MAE=0.439972 threshold=0.500000 latency=84.942ms
2026-09-30 15:49:46 | INFO     | HIDS_API | POST /detection/predict status=200 88.00ms
2026-09-30 15:49:46 | INFO     | uvicorn.access | 127.0.0.1:42940 - "POST /detection/predict HTTP/1.1" 200
2026-09-30 15:49:46 | INFO     | HIDS_Detection | [ad09720a-5713-4410-93e6-33ae1e294315] verdict=BENIGN MAE=0.439305 threshold=0.500000 latency=88.427ms
2026-09-30 15:49:46 | INFO     | HIDS_API | POST /detection/predict status=200 90.74ms
2026-09-30 15:49:46 | INFO     | uvicorn.access | 127.0.0.1:42946 - "POST /detection/predict HTTP/1.1" 200
2026-09-30 15:49:46 | INFO     | HIDS_Detection | [e226787d-5d0d-496d-ac74-4ab41d2ff77c] verdict=BENIGN MAE=0.446126 threshold=0.500000 latency=89.046ms
2026-09-30 15:49:46 | INFO     | HIDS_API | POST /detection/predict status=200 91.91ms
2026-09-30 15:49:46 | INFO     | uvicorn.access | 127.0.0.1:42952 - "POST /detection/predict HTTP/1.1" 200
2026-09-30 15:49:46 | INFO     | HIDS_Detection | [d0c29279-53f0-4f7d-a8bd-d9c6877ba985] verdict=BENIGN MAE=0.459300 threshold=0.500000 latency=75.047ms
2026-09-30 15:49:46 | INFO     | HIDS_API | POST /detection/predict status=200 77.57ms
2026-09-30 15:49:46 | INFO     | uvicorn.access | 127.0.0.1:42968 - "POST /detection/predict HTTP/1.1" 200
2026-09-30 15:49:46 | INFO     | HIDS_Detection | [ff7eedc8-b231-47f2-beee-65ecd9ac2743] verdict=BENIGN MAE=0.446124 threshold=0.500000 latency=78.115ms
2026-09-30 15:49:46 | INFO     | HIDS_API | POST /detection/predict status=200 81.94ms
2026-09-30 15:49:46 | INFO     | uvicorn.access | 127.0.0.1:42982 - "POST /detection/predict HTTP/1.1" 200
2026-09-30 15:49:47 | INFO     | HIDS_Detection | [2b6b88ef-5dc8-47b2-9c05-a0b0cf398695] verdict=BENIGN MAE=0.444621 threshold=0.500000 latency=73.559ms
2026-09-30 15:49:47 | INFO     | HIDS_API | POST /detection/predict status=200 77.37ms
2026-09-30 15:49:47 | INFO     | uvicorn.access | 127.0.0.1:42986 - "POST /detection/predict HTTP/1.1" 200
2026-09-30 15:49:47 | INFO     | HIDS_Detection | [0d5ceebd-f295-488b-bfd9-a584264e1d6e] verdict=BENIGN MAE=0.439789 threshold=0.500000 latency=85.188ms
2026-09-30 15:49:47 | INFO     | HIDS_API | POST /detection/predict status=200 88.18ms
2026-09-30 15:49:47 | INFO     | uvicorn.access | 127.0.0.1:42996 - "POST /detection/predict HTTP/1.1" 200
2026-09-30 15:49:47 | INFO     | HIDS_Detection | [694b2560-e900-4f87-bffa-300fadeebb3e] verdict=BENIGN MAE=0.446127 threshold=0.500000 latency=85.258ms
2026-09-30 15:49:47 | INFO     | HIDS_API | POST /detection/predict status=200 87.81ms
2026-09-30 15:49:47 | INFO     | uvicorn.access | 127.0.0.1:43010 - "POST /detection/predict HTTP/1.1" 200
2026-09-30 15:49:47 | INFO     | HIDS_Detection | [80a55869-e733-4acf-80c9-fa962c7450e2] verdict=BENIGN MAE=0.441249 threshold=0.500000 latency=84.986ms
2026-09-30 15:49:47 | INFO     | HIDS_API | POST /detection/predict status=200 87.82ms
2026-09-30 15:49:47 | INFO     | uvicorn.access | 127.0.0.1:43020 - "POST /detection/predict HTTP/1.1" 200
2026-09-30 15:49:47 | INFO     | HIDS_Detection | [be5b330d-1b0d-4bc0-bce4-9f704bd37dec] verdict=BENIGN MAE=0.439156 threshold=0.500000 latency=84.302ms
2026-09-30 15:49:47 | INFO     | HIDS_API | POST /detection/predict status=200 86.67ms
2026-09-30 15:49:47 | INFO     | uvicorn.access | 127.0.0.1:43022 - "POST /detection/predict HTTP/1.1" 200
2026-09-30 15:49:47 | INFO     | HIDS_Detection | [1c5a0767-a0c8-46a6-9821-171771b235ac] verdict=BENIGN MAE=0.459302 threshold=0.500000 latency=81.953ms
2026-09-30 15:49:47 | INFO     | HIDS_API | POST /detection/predict status=200 83.81ms
2026-09-30 15:49:47 | INFO     | uvicorn.access | 127.0.0.1:43024 - "POST /detection/predict HTTP/1.1" 200
2026-09-30 15:49:47 | INFO     | HIDS_Detection | [2119b38a-1bde-4a48-a470-6a12fcaf02c6] verdict=BENIGN MAE=0.439687 threshold=0.500000 latency=78.011ms
2026-09-30 15:49:47 | INFO     | HIDS_API | POST /detection/predict status=200 80.50ms
2026-09-30 15:49:47 | INFO     | uvicorn.access | 127.0.0.1:43040 - "POST /detection/predict HTTP/1.1" 200
2026-09-30 15:49:47 | INFO     | HIDS_Detection | [fb7fe807-ee46-4e60-a036-fc115a38ddd8] verdict=BENIGN MAE=0.439982 threshold=0.500000 latency=80.138ms
2026-09-30 15:49:47 | INFO     | HIDS_API | POST /detection/predict status=200 82.98ms
2026-09-30 15:49:47 | INFO     | uvicorn.access | 127.0.0.1:43052 - "POST /detection/predict HTTP/1.1" 200
2026-09-30 15:49:47 | INFO     | HIDS_Detection | [ad791547-7822-4934-b9ea-7c7cb45d0159] verdict=BENIGN MAE=0.459280 threshold=0.500000 latency=85.501ms
2026-09-30 15:49:47 | INFO     | HIDS_API | POST /detection/predict status=200 89.64ms
2026-09-30 15:49:47 | INFO     | uvicorn.access | 127.0.0.1:43054 - "POST /detection/predict HTTP/1.1" 200
2026-09-30 15:49:47 | INFO     | HIDS_Detection | [96e410b5-8f99-45de-9049-d100d83de7b0] verdict=BENIGN MAE=0.441206 threshold=0.500000 latency=81.623ms
2026-09-30 15:49:47 | INFO     | HIDS_API | POST /detection/predict status=200 84.84ms
2026-09-30 15:49:47 | INFO     | uvicorn.access | 127.0.0.1:43066 - "POST /detection/predict HTTP/1.1" 200
2026-09-30 15:49:48 | INFO     | HIDS_Detection | [64dfd55b-8de6-438d-ba46-bda99f886f42] verdict=BENIGN MAE=0.439115 threshold=0.500000 latency=84.564ms
2026-09-30 15:49:48 | INFO     | HIDS_API | POST /detection/predict status=200 87.33ms
2026-09-30 15:49:48 | INFO     | uvicorn.access | 127.0.0.1:43082 - "POST /detection/predict HTTP/1.1" 200
2026-09-30 15:49:48 | INFO     | HIDS_Detection | [ab52ae92-02ac-4355-997c-ffd4e14cc208] verdict=BENIGN MAE=0.459294 threshold=0.500000 latency=84.472ms
2026-09-30 15:49:48 | INFO     | HIDS_API | POST /detection/predict status=200 87.01ms
2026-09-30 15:49:48 | INFO     | uvicorn.access | 127.0.0.1:43088 - "POST /detection/predict HTTP/1.1" 200
2026-09-30 15:49:48 | INFO     | HIDS_Detection | [fbf9e234-7935-49b6-80f4-0b80c5e2c68c] verdict=BENIGN MAE=0.459301 threshold=0.500000 latency=77.32ms
2026-09-30 15:49:48 | INFO     | HIDS_API | POST /detection/predict status=200 84.64ms
2026-09-30 15:49:48 | INFO     | uvicorn.access | 127.0.0.1:43094 - "POST /detection/predict HTTP/1.1" 200
2026-09-30 15:49:48 | INFO     | HIDS_Detection | [52da39b9-cc6c-465a-a89a-a0ad0898462c] verdict=BENIGN MAE=0.441842 threshold=0.500000 latency=73.271ms
2026-09-30 15:49:48 | INFO     | HIDS_API | POST /detection/predict status=200 77.61ms
2026-09-30 15:49:48 | INFO     | uvicorn.access | 127.0.0.1:43102 - "POST /detection/predict HTTP/1.1" 200
2026-09-30 15:49:48 | INFO     | HIDS_Detection | [112bd077-28bd-460f-9808-8d98ef98af78] verdict=BENIGN MAE=0.439543 threshold=0.500000 latency=82.832ms
2026-09-30 15:49:48 | INFO     | HIDS_API | POST /detection/predict status=200 85.27ms
2026-09-30 15:49:48 | INFO     | uvicorn.access | 127.0.0.1:43112 - "POST /detection/predict HTTP/1.1" 200
2026-09-30 15:49:48 | INFO     | HIDS_Detection | [29090b83-3707-4195-8900-246026e48ec8] verdict=BENIGN MAE=0.446094 threshold=0.500000 latency=87.586ms
2026-09-30 15:49:48 | INFO     | HIDS_API | POST /detection/predict status=200 90.16ms
2026-09-30 15:49:48 | INFO     | uvicorn.access | 127.0.0.1:43126 - "POST /detection/predict HTTP/1.1" 200
2026-09-30 15:49:48 | INFO     | HIDS_Detection | [0c05e8c0-1b86-4f1c-ac7b-775a1e9d432a] verdict=BENIGN MAE=0.438776 threshold=0.500000 latency=88.948ms
2026-09-30 15:49:48 | INFO     | HIDS_API | POST /detection/predict status=200 91.32ms
2026-09-30 15:49:48 | INFO     | uvicorn.access | 127.0.0.1:43132 - "POST /detection/predict HTTP/1.1" 200
2026-09-30 15:49:48 | INFO     | HIDS_Detection | [055efb4c-3136-4f06-93bd-d6f8f5bfca92] verdict=BENIGN MAE=0.439103 threshold=0.500000 latency=83.425ms
2026-09-30 15:49:48 | INFO     | HIDS_API | POST /detection/predict status=200 85.87ms
2026-09-30 15:49:48 | INFO     | uvicorn.access | 127.0.0.1:43142 - "POST /detection/predict HTTP/1.1" 200
2026-09-30 15:49:48 | INFO     | HIDS_Detection | [2af050bd-05f7-4109-b43d-8611d2213816] verdict=BENIGN MAE=0.446084 threshold=0.500000 latency=82.74ms
2026-09-30 15:49:48 | INFO     | HIDS_API | POST /detection/predict status=200 85.80ms
2026-09-30 15:49:48 | INFO     | uvicorn.access | 127.0.0.1:43148 - "POST /detection/predict HTTP/1.1" 200
2026-09-30 15:49:48 | INFO     | HIDS_Detection | [c16932d6-f853-49c1-b0fa-41986ff6a8e8] verdict=BENIGN MAE=0.446127 threshold=0.500000 latency=83.626ms
2026-09-30 15:49:48 | INFO     | HIDS_API | POST /detection/predict status=200 86.21ms
2026-09-30 15:49:48 | INFO     | uvicorn.access | 127.0.0.1:43164 - "POST /detection/predict HTTP/1.1" 200
2026-09-30 15:49:49 | INFO     | HIDS_Detection | [2bcb4dba-9d15-4dac-9574-617d1672e4ec] verdict=BENIGN MAE=0.440661 threshold=0.500000 latency=77.14ms
2026-09-30 15:49:49 | INFO     | HIDS_API | POST /detection/predict status=200 80.02ms
2026-09-30 15:49:49 | INFO     | uvicorn.access | 127.0.0.1:43166 - "POST /detection/predict HTTP/1.1" 200
2026-09-30 15:49:49 | INFO     | HIDS_Detection | [7c20f3a2-9c62-4521-8f9a-27efba1e6be7] verdict=BENIGN MAE=0.439925 threshold=0.500000 latency=80.655ms
2026-09-30 15:49:49 | INFO     | HIDS_API | POST /detection/predict status=200 82.57ms
2026-09-30 15:49:49 | INFO     | uvicorn.access | 127.0.0.1:43180 - "POST /detection/predict HTTP/1.1" 200
2026-09-30 15:49:49 | INFO     | HIDS_Detection | [6e90c11c-f037-45d2-b473-077321497e92] verdict=BENIGN MAE=0.459301 threshold=0.500000 latency=83.945ms
2026-09-30 15:49:49 | INFO     | HIDS_API | POST /detection/predict status=200 86.58ms
2026-09-30 15:49:49 | INFO     | uvicorn.access | 127.0.0.1:43194 - "POST /detection/predict HTTP/1.1" 200
2026-09-30 15:49:49 | INFO     | HIDS_Detection | [567a41e1-d619-4364-a3b4-300e99ee2b60] verdict=BENIGN MAE=0.442298 threshold=0.500000 latency=76.383ms
2026-09-30 15:49:49 | INFO     | HIDS_API | POST /detection/predict status=200 78.92ms
2026-09-30 15:49:49 | INFO     | uvicorn.access | 127.0.0.1:43200 - "POST /detection/predict HTTP/1.1" 200
2026-09-30 15:49:49 | INFO     | HIDS_Detection | [c99e5d89-183d-42cc-a2d3-839cc802d33f] verdict=BENIGN MAE=0.440132 threshold=0.500000 latency=83.662ms
2026-09-30 15:49:49 | INFO     | HIDS_API | POST /detection/predict status=200 86.50ms
2026-09-30 15:49:49 | INFO     | uvicorn.access | 127.0.0.1:43202 - "POST /detection/predict HTTP/1.1" 200
2026-09-30 15:49:49 | INFO     | HIDS_Detection | [4425ca92-c800-469f-b83f-32a33d379fc5] verdict=BENIGN MAE=0.446128 threshold=0.500000 latency=77.663ms
2026-09-30 15:49:49 | INFO     | HIDS_API | POST /detection/predict status=200 79.49ms
2026-09-30 15:49:49 | INFO     | uvicorn.access | 127.0.0.1:43218 - "POST /detection/predict HTTP/1.1" 200
2026-09-30 15:49:49 | INFO     | HIDS_Detection | [e5a1ecb1-38dc-49e3-a25e-149e94d39129] verdict=BENIGN MAE=0.446125 threshold=0.500000 latency=75.252ms
2026-09-30 15:49:49 | INFO     | HIDS_API | POST /detection/predict status=200 78.25ms
2026-09-30 15:49:49 | INFO     | uvicorn.access | 127.0.0.1:43228 - "POST /detection/predict HTTP/1.1" 200
2026-09-30 15:49:49 | INFO     | HIDS_Detection | [ca17bf0b-0678-406a-bbda-9c3e7fcc4abd] verdict=BENIGN MAE=0.459302 threshold=0.500000 latency=74.626ms
2026-09-30 15:49:49 | INFO     | HIDS_API | POST /detection/predict status=200 77.14ms
2026-09-30 15:49:49 | INFO     | uvicorn.access | 127.0.0.1:43238 - "POST /detection/predict HTTP/1.1" 200
2026-09-30 15:49:49 | INFO     | HIDS_Detection | [29dc73f8-9ef3-4e7f-8227-b8be1cf463c4] verdict=BENIGN MAE=0.446128 threshold=0.500000 latency=81.072ms
2026-09-30 15:49:49 | INFO     | HIDS_API | POST /detection/predict status=200 83.20ms
2026-09-30 15:49:49 | INFO     | uvicorn.access | 127.0.0.1:43240 - "POST /detection/predict HTTP/1.1" 200
2026-09-30 15:49:49 | INFO     | HIDS_Detection | [0025a353-2c19-4553-9948-a28039a492a8] verdict=BENIGN MAE=0.446126 threshold=0.500000 latency=77.364ms
2026-09-30 15:49:49 | INFO     | HIDS_API | POST /detection/predict status=200 79.94ms
2026-09-30 15:49:49 | INFO     | uvicorn.access | 127.0.0.1:43250 - "POST /detection/predict HTTP/1.1" 200
2026-09-30 15:49:49 | INFO     | HIDS_Detection | [83c5be01-8f01-46b3-a8cb-816240e7bacf] verdict=BENIGN MAE=0.407770 threshold=0.500000 latency=85.313ms
2026-09-30 15:49:49 | INFO     | HIDS_API | POST /detection/predict status=200 87.24ms
2026-09-30 15:49:49 | INFO     | uvicorn.access | 127.0.0.1:43252 - "POST /detection/predict HTTP/1.1" 200
2026-09-30 15:49:50 | INFO     | HIDS_Detection | [f8a351be-ba30-47ed-a3bc-03ccecb0d317] verdict=BENIGN MAE=0.439220 threshold=0.500000 latency=89.939ms
2026-09-30 15:49:50 | INFO     | HIDS_API | POST /detection/predict status=200 92.10ms
2026-09-30 15:49:50 | INFO     | uvicorn.access | 127.0.0.1:43258 - "POST /detection/predict HTTP/1.1" 200
2026-09-30 15:49:50 | INFO     | HIDS_Detection | [6091e245-dcb8-4c4a-aa5c-392290f8942f] verdict=BENIGN MAE=0.459298 threshold=0.500000 latency=84.788ms
2026-09-30 15:49:50 | INFO     | HIDS_API | POST /detection/predict status=200 88.76ms
2026-09-30 15:49:50 | INFO     | uvicorn.access | 127.0.0.1:43266 - "POST /detection/predict HTTP/1.1" 200
2026-09-30 15:49:50 | INFO     | HIDS_Detection | [080cb375-2d2f-4d28-aeb7-a67e179533c0] verdict=BENIGN MAE=0.459293 threshold=0.500000 latency=87.283ms
2026-09-30 15:49:50 | INFO     | HIDS_API | POST /detection/predict status=200 89.52ms
2026-09-30 15:49:50 | INFO     | uvicorn.access | 127.0.0.1:43278 - "POST /detection/predict HTTP/1.1" 200
2026-09-30 15:49:50 | INFO     | HIDS_Detection | [7c0c250b-9396-4d87-b909-60224c0ec537] verdict=BENIGN MAE=0.439077 threshold=0.500000 latency=94.454ms
2026-09-30 15:49:50 | INFO     | HIDS_API | POST /detection/predict status=200 97.69ms
2026-09-30 15:49:50 | INFO     | uvicorn.access | 127.0.0.1:43280 - "POST /detection/predict HTTP/1.1" 200
2026-09-30 15:49:50 | INFO     | HIDS_Detection | [cf0a3017-5e1e-4f85-aba7-c5f9cb43d154] verdict=BENIGN MAE=0.438823 threshold=0.500000 latency=87.465ms
2026-09-30 15:49:50 | INFO     | HIDS_API | POST /detection/predict status=200 89.97ms
2026-09-30 15:49:50 | INFO     | uvicorn.access | 127.0.0.1:43294 - "POST /detection/predict HTTP/1.1" 200
2026-09-30 15:49:50 | INFO     | HIDS_Detection | [e0edee72-8012-4304-93b6-5fa69d1d5ed0] verdict=BENIGN MAE=0.438964 threshold=0.500000 latency=87.348ms
2026-09-30 15:49:50 | INFO     | HIDS_API | POST /detection/predict status=200 90.86ms
2026-09-30 15:49:50 | INFO     | uvicorn.access | 127.0.0.1:43300 - "POST /detection/predict HTTP/1.1" 200
2026-09-30 15:49:50 | INFO     | HIDS_Detection | [3ad18ad2-45b9-4577-84f2-6ec16b891503] verdict=BENIGN MAE=0.438800 threshold=0.500000 latency=84.951ms
2026-09-30 15:49:50 | INFO     | HIDS_API | POST /detection/predict status=200 86.93ms
2026-09-30 15:49:50 | INFO     | uvicorn.access | 127.0.0.1:43308 - "POST /detection/predict HTTP/1.1" 200
2026-09-30 15:49:50 | INFO     | HIDS_Detection | [2b550019-9a98-44e5-bef5-8fd2daf76fb5] verdict=BENIGN MAE=0.472963 threshold=0.500000 latency=83.52ms
2026-09-30 15:49:50 | INFO     | HIDS_API | POST /detection/predict status=200 86.72ms
2026-09-30 15:49:50 | INFO     | uvicorn.access | 127.0.0.1:43316 - "POST /detection/predict HTTP/1.1" 200
2026-09-30 15:49:50 | INFO     | HIDS_Detection | [8cc8a8b3-afaf-42ea-a5e0-dbed12cc51b3] verdict=BENIGN MAE=0.446112 threshold=0.500000 latency=86.513ms
2026-09-30 15:49:50 | INFO     | HIDS_API | POST /detection/predict status=200 88.72ms
2026-09-30 15:49:50 | INFO     | uvicorn.access | 127.0.0.1:43326 - "POST /detection/predict HTTP/1.1" 200
2026-09-30 15:49:51 | INFO     | HIDS_Detection | [896e6f50-71b4-4b78-8c1b-d20cd3bdf997] verdict=BENIGN MAE=0.440257 threshold=0.500000 latency=85.141ms
2026-09-30 15:49:51 | INFO     | HIDS_API | POST /detection/predict status=200 92.14ms
2026-09-30 15:49:51 | INFO     | uvicorn.access | 127.0.0.1:43338 - "POST /detection/predict HTTP/1.1" 200
2026-09-30 15:49:51 | INFO     | HIDS_Detection | [f5bd3b1b-6ea9-41aa-811d-d0be20ca8daf] verdict=BENIGN MAE=0.439338 threshold=0.500000 latency=87.314ms
2026-09-30 15:49:51 | INFO     | HIDS_API | POST /detection/predict status=200 89.18ms
2026-09-30 15:49:51 | INFO     | uvicorn.access | 127.0.0.1:43348 - "POST /detection/predict HTTP/1.1" 200
2026-09-30 15:49:51 | INFO     | HIDS_Detection | [62ae0c9a-1028-4848-bc85-cc0aa430f0cb] verdict=BENIGN MAE=0.446128 threshold=0.500000 latency=92.012ms
2026-09-30 15:49:51 | INFO     | HIDS_API | POST /detection/predict status=200 94.92ms
2026-09-30 15:49:51 | INFO     | uvicorn.access | 127.0.0.1:43360 - "POST /detection/predict HTTP/1.1" 200
2026-09-30 15:49:51 | INFO     | HIDS_Detection | [5a1b1535-f134-4ac1-90c0-ca5bc52af35c] verdict=BENIGN MAE=0.459297 threshold=0.500000 latency=79.364ms
2026-09-30 15:49:51 | INFO     | HIDS_API | POST /detection/predict status=200 82.40ms
2026-09-30 15:49:51 | INFO     | uvicorn.access | 127.0.0.1:43366 - "POST /detection/predict HTTP/1.1" 200
2026-09-30 15:49:51 | INFO     | HIDS_Detection | [e0e3286f-59cf-4e99-80f2-c30f0b9d6394] verdict=BENIGN MAE=0.421282 threshold=0.500000 latency=102.582ms
2026-09-30 15:49:51 | INFO     | HIDS_API | POST /detection/predict status=200 106.08ms
2026-09-30 15:49:51 | INFO     | uvicorn.access | 127.0.0.1:43382 - "POST /detection/predict HTTP/1.1" 200
2026-09-30 15:49:51 | INFO     | HIDS_Detection | [63853cf0-62bc-48a9-b37e-21499edc27b7] verdict=BENIGN MAE=0.437136 threshold=0.500000 latency=126.038ms
2026-09-30 15:49:51 | INFO     | HIDS_API | POST /detection/predict status=200 131.08ms
2026-09-30 15:49:51 | INFO     | uvicorn.access | 127.0.0.1:43386 - "POST /detection/predict HTTP/1.1" 200
2026-09-30 15:49:51 | INFO     | HIDS_Detection | [15e90fac-5cf1-408d-8e71-b41faf13134c] verdict=BENIGN MAE=0.446128 threshold=0.500000 latency=77.792ms
2026-09-30 15:49:51 | INFO     | HIDS_API | POST /detection/predict status=200 82.65ms
2026-09-30 15:49:51 | INFO     | uvicorn.access | 127.0.0.1:49522 - "POST /detection/predict HTTP/1.1" 200
2026-09-30 15:49:51 | INFO     | HIDS_Detection | [108e7c99-2df5-409f-bc5f-cd7d0d6d257c] verdict=BENIGN MAE=0.446128 threshold=0.500000 latency=77.016ms
2026-09-30 15:49:51 | INFO     | HIDS_API | POST /detection/predict status=200 78.93ms
2026-09-30 15:49:51 | INFO     | uvicorn.access | 127.0.0.1:49530 - "POST /detection/predict HTTP/1.1" 200
2026-09-30 15:49:51 | INFO     | HIDS_Detection | [f420eba1-c260-4bae-8003-918a5eb350ea] verdict=BENIGN MAE=0.459302 threshold=0.500000 latency=84.86ms
2026-09-30 15:49:51 | INFO     | HIDS_API | POST /detection/predict status=200 87.50ms
2026-09-30 15:49:51 | INFO     | uvicorn.access | 127.0.0.1:49542 - "POST /detection/predict HTTP/1.1" 200
2026-09-30 15:49:51 | INFO     | HIDS_Detection | [cdf58548-db87-45aa-ad61-c4f7a9be293c] verdict=BENIGN MAE=0.459305 threshold=0.500000 latency=93.312ms
2026-09-30 15:49:51 | INFO     | HIDS_API | POST /detection/predict status=200 96.08ms
2026-09-30 15:49:51 | INFO     | uvicorn.access | 127.0.0.1:49554 - "POST /detection/predict HTTP/1.1" 200
2026-09-30 15:49:52 | INFO     | HIDS_Detection | [68796a7d-c640-422f-a1de-e8f18eb79ba1] verdict=BENIGN MAE=0.459300 threshold=0.500000 latency=83.927ms
2026-09-30 15:49:52 | INFO     | HIDS_API | POST /detection/predict status=200 85.82ms
2026-09-30 15:49:52 | INFO     | uvicorn.access | 127.0.0.1:49568 - "POST /detection/predict HTTP/1.1" 200
2026-09-30 15:49:52 | INFO     | HIDS_Detection | [4f27868f-0e54-4afc-9145-e90c8b3886e0] verdict=BENIGN MAE=0.459299 threshold=0.500000 latency=74.419ms
2026-09-30 15:49:52 | INFO     | HIDS_API | POST /detection/predict status=200 78.19ms
2026-09-30 15:49:52 | INFO     | uvicorn.access | 127.0.0.1:49582 - "POST /detection/predict HTTP/1.1" 200
2026-09-30 15:49:52 | INFO     | HIDS_Detection | [0670f30c-8cae-4093-86e9-0142bdd54d99] verdict=BENIGN MAE=0.442969 threshold=0.500000 latency=80.107ms
2026-09-30 15:49:52 | INFO     | HIDS_API | POST /detection/predict status=200 83.31ms
2026-09-30 15:49:52 | INFO     | uvicorn.access | 127.0.0.1:49590 - "POST /detection/predict HTTP/1.1" 200
2026-09-30 15:49:52 | INFO     | HIDS_Detection | [0c71a488-4c96-4772-9596-eb15cfab78ce] verdict=BENIGN MAE=0.459227 threshold=0.500000 latency=96.037ms
2026-09-30 15:49:52 | INFO     | HIDS_API | POST /detection/predict status=200 98.70ms
2026-09-30 15:49:52 | INFO     | uvicorn.access | 127.0.0.1:49592 - "POST /detection/predict HTTP/1.1" 200
2026-09-30 15:49:52 | INFO     | HIDS_Detection | [4065f7c4-a439-46c1-97b0-5a5941d3ded7] verdict=BENIGN MAE=0.459298 threshold=0.500000 latency=85.131ms
2026-09-30 15:49:52 | INFO     | HIDS_API | POST /detection/predict status=200 87.08ms
2026-09-30 15:49:52 | INFO     | uvicorn.access | 127.0.0.1:49596 - "POST /detection/predict HTTP/1.1" 200
2026-09-30 15:49:52 | INFO     | HIDS_Detection | [574f59ea-08de-4db6-9df1-d74ee24c1999] verdict=BENIGN MAE=0.438738 threshold=0.500000 latency=78.604ms
2026-09-30 15:49:52 | INFO     | HIDS_API | POST /detection/predict status=200 80.97ms
2026-09-30 15:49:52 | INFO     | uvicorn.access | 127.0.0.1:49604 - "POST /detection/predict HTTP/1.1" 200
2026-09-30 15:49:52 | INFO     | HIDS_Detection | [3feb3636-650b-4325-be1b-461d6dc4ba8f] verdict=BENIGN MAE=0.459290 threshold=0.500000 latency=85.242ms
2026-09-30 15:49:52 | INFO     | HIDS_API | POST /detection/predict status=200 87.83ms
2026-09-30 15:49:52 | INFO     | uvicorn.access | 127.0.0.1:49616 - "POST /detection/predict HTTP/1.1" 200
2026-09-30 15:49:52 | INFO     | HIDS_Detection | [8c679148-719b-422f-9303-21088592e9ff] verdict=BENIGN MAE=0.439200 threshold=0.500000 latency=78.12ms
2026-09-30 15:49:52 | INFO     | HIDS_API | POST /detection/predict status=200 80.63ms
2026-09-30 15:49:52 | INFO     | uvicorn.access | 127.0.0.1:49632 - "POST /detection/predict HTTP/1.1" 200
2026-09-30 15:49:52 | INFO     | HIDS_Detection | [3344056c-0c7a-4d11-a67a-30f9adee57e6] verdict=BENIGN MAE=0.459292 threshold=0.500000 latency=82.863ms
2026-09-30 15:49:52 | INFO     | HIDS_API | POST /detection/predict status=200 85.29ms
2026-09-30 15:49:52 | INFO     | uvicorn.access | 127.0.0.1:49638 - "POST /detection/predict HTTP/1.1" 200
2026-09-30 15:49:52 | INFO     | HIDS_Detection | [b1806649-1441-4256-b859-45de7c26cfc1] verdict=BENIGN MAE=0.439439 threshold=0.500000 latency=77.613ms
2026-09-30 15:49:52 | INFO     | HIDS_API | POST /detection/predict status=200 80.07ms
2026-09-30 15:49:52 | INFO     | uvicorn.access | 127.0.0.1:49648 - "POST /detection/predict HTTP/1.1" 200
2026-09-30 15:49:53 | INFO     | HIDS_Detection | [f894029d-14a9-4724-bebb-dca8448b6e6f] verdict=BENIGN MAE=0.446111 threshold=0.500000 latency=85.416ms
2026-09-30 15:49:53 | INFO     | HIDS_API | POST /detection/predict status=200 88.29ms
2026-09-30 15:49:53 | INFO     | uvicorn.access | 127.0.0.1:49652 - "POST /detection/predict HTTP/1.1" 200
2026-09-30 15:49:53 | INFO     | HIDS_Detection | [592bba6f-c064-4080-8335-790cb4a1ed56] verdict=BENIGN MAE=0.439250 threshold=0.500000 latency=79.788ms
2026-09-30 15:49:53 | INFO     | HIDS_API | POST /detection/predict status=200 83.17ms
2026-09-30 15:49:53 | INFO     | uvicorn.access | 127.0.0.1:49656 - "POST /detection/predict HTTP/1.1" 200
2026-09-30 15:49:53 | INFO     | HIDS_Detection | [04605853-1b72-4446-b342-a0dd26af326b] verdict=BENIGN MAE=0.439674 threshold=0.500000 latency=85.277ms
2026-09-30 15:49:53 | INFO     | HIDS_API | POST /detection/predict status=200 87.87ms
2026-09-30 15:49:53 | INFO     | uvicorn.access | 127.0.0.1:49664 - "POST /detection/predict HTTP/1.1" 200
2026-09-30 15:49:53 | INFO     | HIDS_Detection | [091fd78b-b0fe-45b6-8215-6096c2774cbb] verdict=BENIGN MAE=0.459283 threshold=0.500000 latency=82.259ms
2026-09-30 15:49:53 | INFO     | HIDS_API | POST /detection/predict status=200 84.72ms
2026-09-30 15:49:53 | INFO     | uvicorn.access | 127.0.0.1:49666 - "POST /detection/predict HTTP/1.1" 200
2026-09-30 15:49:53 | INFO     | HIDS_Detection | [d3c5d4ed-94f7-4214-841a-40fa505b446b] verdict=BENIGN MAE=0.440049 threshold=0.500000 latency=81.787ms
2026-09-30 15:49:53 | INFO     | HIDS_API | POST /detection/predict status=200 84.47ms
2026-09-30 15:49:53 | INFO     | uvicorn.access | 127.0.0.1:49674 - "POST /detection/predict HTTP/1.1" 200
2026-09-30 15:49:53 | INFO     | HIDS_Detection | [d29eb6ef-e130-42a5-86ea-87e6066dcb82] verdict=BENIGN MAE=0.439564 threshold=0.500000 latency=82.81ms
2026-09-30 15:49:53 | INFO     | HIDS_API | POST /detection/predict status=200 85.36ms
2026-09-30 15:49:53 | INFO     | uvicorn.access | 127.0.0.1:49686 - "POST /detection/predict HTTP/1.1" 200
2026-09-30 15:49:53 | INFO     | HIDS_Detection | [e8b5d115-86ca-424d-8628-48e653c854b4] verdict=BENIGN MAE=0.446114 threshold=0.500000 latency=83.413ms
2026-09-30 15:49:53 | INFO     | HIDS_API | POST /detection/predict status=200 85.26ms
2026-09-30 15:49:53 | INFO     | uvicorn.access | 127.0.0.1:49688 - "POST /detection/predict HTTP/1.1" 200
2026-09-30 15:49:53 | INFO     | HIDS_Detection | [8e9e8033-eba5-46d9-bf27-f7509883cb1e] verdict=BENIGN MAE=0.439491 threshold=0.500000 latency=75.987ms
2026-09-30 15:49:53 | INFO     | HIDS_API | POST /detection/predict status=200 79.34ms
2026-09-30 15:49:53 | INFO     | uvicorn.access | 127.0.0.1:49700 - "POST /detection/predict HTTP/1.1" 200
2026-09-30 15:49:53 | INFO     | HIDS_Detection | [9c5f00ee-42ea-4a53-be74-a43f36f4536d] verdict=BENIGN MAE=0.439915 threshold=0.500000 latency=87.295ms
2026-09-30 15:49:53 | INFO     | HIDS_API | POST /detection/predict status=200 89.86ms
2026-09-30 15:49:53 | INFO     | uvicorn.access | 127.0.0.1:49712 - "POST /detection/predict HTTP/1.1" 200
2026-09-30 15:49:53 | INFO     | HIDS_Detection | [d4e6d55b-b50c-429e-8738-4f0efcb14cf2] verdict=BENIGN MAE=0.459295 threshold=0.500000 latency=84.989ms
2026-09-30 15:49:53 | INFO     | HIDS_API | POST /detection/predict status=200 88.17ms
2026-09-30 15:49:53 | INFO     | uvicorn.access | 127.0.0.1:49726 - "POST /detection/predict HTTP/1.1" 200
2026-09-30 15:49:54 | INFO     | HIDS_Detection | [5d7f8912-1d0a-4ae8-a1cd-949dec90aa04] verdict=BENIGN MAE=0.439090 threshold=0.500000 latency=79.494ms
2026-09-30 15:49:54 | INFO     | HIDS_API | POST /detection/predict status=200 81.75ms
2026-09-30 15:49:54 | INFO     | uvicorn.access | 127.0.0.1:49734 - "POST /detection/predict HTTP/1.1" 200
2026-09-30 15:49:54 | INFO     | HIDS_Detection | [e0e80e19-f972-468d-b0e8-e75e5049b4db] verdict=BENIGN MAE=0.439516 threshold=0.500000 latency=82.616ms
2026-09-30 15:49:54 | INFO     | HIDS_API | POST /detection/predict status=200 84.99ms
2026-09-30 15:49:54 | INFO     | uvicorn.access | 127.0.0.1:49742 - "POST /detection/predict HTTP/1.1" 200
2026-09-30 15:49:54 | INFO     | HIDS_Detection | [42422fde-9bf9-4bf1-84dc-b8498b34546c] verdict=BENIGN MAE=0.459297 threshold=0.500000 latency=81.884ms
2026-09-30 15:49:54 | INFO     | HIDS_API | POST /detection/predict status=200 84.36ms
2026-09-30 15:49:54 | INFO     | uvicorn.access | 127.0.0.1:49744 - "POST /detection/predict HTTP/1.1" 200
2026-09-30 15:49:54 | INFO     | HIDS_Detection | [47d154e7-9cfe-49a4-9428-cb4ef836ad64] verdict=BENIGN MAE=0.439612 threshold=0.500000 latency=74.029ms
2026-09-30 15:49:54 | INFO     | HIDS_API | POST /detection/predict status=200 76.90ms
2026-09-30 15:49:54 | INFO     | uvicorn.access | 127.0.0.1:49752 - "POST /detection/predict HTTP/1.1" 200
2026-09-30 15:49:54 | INFO     | HIDS_Detection | [7972c9c1-2dfb-4982-be06-3ce82bc6cf55] verdict=BENIGN MAE=0.440076 threshold=0.500000 latency=87.334ms
2026-09-30 15:49:54 | INFO     | HIDS_API | POST /detection/predict status=200 89.80ms
2026-09-30 15:49:54 | INFO     | uvicorn.access | 127.0.0.1:49760 - "POST /detection/predict HTTP/1.1" 200
2026-09-30 15:49:54 | INFO     | HIDS_Detection | [5067df5a-c3ca-4150-acad-77f52db20f64] verdict=BENIGN MAE=0.446115 threshold=0.500000 latency=81.324ms
2026-09-30 15:49:54 | INFO     | HIDS_API | POST /detection/predict status=200 83.44ms
2026-09-30 15:49:54 | INFO     | uvicorn.access | 127.0.0.1:49770 - "POST /detection/predict HTTP/1.1" 200
2026-09-30 15:49:54 | INFO     | HIDS_Detection | [257a9a21-bca0-41a1-8783-b50faf4fb895] verdict=BENIGN MAE=0.439559 threshold=0.500000 latency=81.229ms
2026-09-30 15:49:54 | INFO     | HIDS_API | POST /detection/predict status=200 88.75ms
2026-09-30 15:49:54 | INFO     | uvicorn.access | 127.0.0.1:49778 - "POST /detection/predict HTTP/1.1" 200
2026-09-30 15:49:54 | INFO     | HIDS_Detection | [14052f89-6580-4e10-af0a-c20fee7ef95e] verdict=BENIGN MAE=0.446116 threshold=0.500000 latency=297.455ms
2026-09-30 15:49:54 | INFO     | HIDS_API | POST /detection/predict status=200 300.48ms
2026-09-30 15:49:54 | INFO     | uvicorn.access | 127.0.0.1:49792 - "POST /detection/predict HTTP/1.1" 200
2026-09-30 15:49:55 | INFO     | HIDS_Detection | [a1a186d5-abdd-4da8-8538-7ccc7fee1b0d] verdict=BENIGN MAE=0.405098 threshold=0.500000 latency=85.78ms
2026-09-30 15:49:55 | INFO     | HIDS_API | POST /detection/predict status=200 92.39ms
2026-09-30 15:49:55 | INFO     | uvicorn.access | 127.0.0.1:49804 - "POST /detection/predict HTTP/1.1" 200
2026-09-30 15:49:55 | INFO     | HIDS_Detection | [fa42d121-5748-413d-beb2-3b64e1a93ece] verdict=BENIGN MAE=0.472964 threshold=0.500000 latency=83.414ms
2026-09-30 15:49:55 | INFO     | HIDS_API | POST /detection/predict status=200 85.73ms
2026-09-30 15:49:55 | INFO     | uvicorn.access | 127.0.0.1:49806 - "POST /detection/predict HTTP/1.1" 200
2026-09-30 15:49:55 | INFO     | HIDS_Detection | [054895ca-a7ed-4066-a1d7-6144ea8eba14] verdict=BENIGN MAE=0.438022 threshold=0.500000 latency=83.509ms
2026-09-30 15:49:55 | INFO     | HIDS_API | POST /detection/predict status=200 90.27ms
2026-09-30 15:49:55 | INFO     | uvicorn.access | 127.0.0.1:49816 - "POST /detection/predict HTTP/1.1" 200
2026-09-30 15:49:55 | INFO     | HIDS_Detection | [d1d80eb3-6a31-4109-ab61-7ac5c8c21313] verdict=BENIGN MAE=0.438017 threshold=0.500000 latency=90.098ms
2026-09-30 15:49:55 | INFO     | HIDS_API | POST /detection/predict status=200 92.87ms
2026-09-30 15:49:55 | INFO     | uvicorn.access | 127.0.0.1:49818 - "POST /detection/predict HTTP/1.1" 200
2026-09-30 15:49:55 | INFO     | HIDS_Detection | [bada57dd-23ff-4ce7-b9e8-0683749bc826] verdict=BENIGN MAE=0.459300 threshold=0.500000 latency=85.592ms
2026-09-30 15:49:55 | INFO     | HIDS_API | POST /detection/predict status=200 87.98ms
2026-09-30 15:49:55 | INFO     | uvicorn.access | 127.0.0.1:49830 - "POST /detection/predict HTTP/1.1" 200
2026-09-30 15:49:55 | INFO     | HIDS_Detection | [e69b99c9-4a98-4d24-9945-79d3e2b4593c] verdict=BENIGN MAE=0.439628 threshold=0.500000 latency=80.156ms
2026-09-30 15:49:55 | INFO     | HIDS_API | POST /detection/predict status=200 82.70ms
2026-09-30 15:49:55 | INFO     | uvicorn.access | 127.0.0.1:49840 - "POST /detection/predict HTTP/1.1" 200
2026-09-30 15:49:55 | INFO     | HIDS_Detection | [9f3b8cb9-2954-4cd9-9fd1-f826b5c26464] verdict=BENIGN MAE=0.439897 threshold=0.500000 latency=88.365ms
2026-09-30 15:49:55 | INFO     | HIDS_API | POST /detection/predict status=200 90.87ms
2026-09-30 15:49:55 | INFO     | uvicorn.access | 127.0.0.1:49850 - "POST /detection/predict HTTP/1.1" 200
2026-09-30 15:49:55 | INFO     | HIDS_Detection | [b1a45c89-9e3a-4dff-9b1b-6a202798141f] verdict=BENIGN MAE=0.459298 threshold=0.500000 latency=87.145ms
2026-09-30 15:49:55 | INFO     | HIDS_API | POST /detection/predict status=200 89.77ms
2026-09-30 15:49:55 | INFO     | uvicorn.access | 127.0.0.1:49864 - "POST /detection/predict HTTP/1.1" 200
2026-09-30 15:49:55 | INFO     | HIDS_Detection | [00ee32f9-3a90-4e7b-96cb-f6d67feccb78] verdict=BENIGN MAE=0.440209 threshold=0.500000 latency=81.828ms
2026-09-30 15:49:55 | INFO     | HIDS_API | POST /detection/predict status=200 83.73ms
2026-09-30 15:49:55 | INFO     | uvicorn.access | 127.0.0.1:49872 - "POST /detection/predict HTTP/1.1" 200
2026-09-30 15:49:55 | INFO     | HIDS_Detection | [9a7319ab-7dae-4947-a70c-2fd85baf4c56] verdict=BENIGN MAE=0.439637 threshold=0.500000 latency=95.277ms
2026-09-30 15:49:55 | INFO     | HIDS_API | POST /detection/predict status=200 102.59ms
2026-09-30 15:49:55 | INFO     | uvicorn.access | 127.0.0.1:49882 - "POST /detection/predict HTTP/1.1" 200
2026-09-30 15:49:56 | INFO     | HIDS_Detection | [c29b0d1a-2075-441c-9888-299d09fe5e38] verdict=BENIGN MAE=0.459297 threshold=0.500000 latency=92.625ms
2026-09-30 15:49:56 | INFO     | HIDS_API | POST /detection/predict status=200 94.58ms
2026-09-30 15:49:56 | INFO     | uvicorn.access | 127.0.0.1:49894 - "POST /detection/predict HTTP/1.1" 200
2026-09-30 15:49:56 | INFO     | HIDS_Detection | [426d471a-cf34-4ff1-8341-5c389a69e89d] verdict=BENIGN MAE=0.439347 threshold=0.500000 latency=87.751ms
2026-09-30 15:49:56 | INFO     | HIDS_API | POST /detection/predict status=200 90.33ms
2026-09-30 15:49:56 | INFO     | uvicorn.access | 127.0.0.1:49908 - "POST /detection/predict HTTP/1.1" 200
2026-09-30 15:49:56 | INFO     | HIDS_Detection | [c7ea1fec-660b-4611-ae00-ef165d5af2cf] verdict=BENIGN MAE=0.439096 threshold=0.500000 latency=90.005ms
2026-09-30 15:49:56 | INFO     | HIDS_API | POST /detection/predict status=200 92.39ms
2026-09-30 15:49:56 | INFO     | uvicorn.access | 127.0.0.1:49918 - "POST /detection/predict HTTP/1.1" 200
2026-09-30 15:49:56 | INFO     | HIDS_Detection | [62a7e496-512b-4ee3-9f79-ab54cde76d38] verdict=BENIGN MAE=0.459297 threshold=0.500000 latency=90.361ms
2026-09-30 15:49:56 | INFO     | HIDS_API | POST /detection/predict status=200 93.52ms
2026-09-30 15:49:56 | INFO     | uvicorn.access | 127.0.0.1:49930 - "POST /detection/predict HTTP/1.1" 200
2026-09-30 15:49:56 | INFO     | HIDS_Detection | [0879725d-0e3d-4260-be57-450d19854c2c] verdict=BENIGN MAE=0.438430 threshold=0.500000 latency=94.405ms
2026-09-30 15:49:56 | INFO     | HIDS_API | POST /detection/predict status=200 97.13ms
2026-09-30 15:49:56 | INFO     | uvicorn.access | 127.0.0.1:49932 - "POST /detection/predict HTTP/1.1" 200
2026-09-30 15:49:56 | INFO     | HIDS_Detection | [61a0e4b8-467c-464f-aed1-945900dc69fc] verdict=BENIGN MAE=0.438394 threshold=0.500000 latency=92.216ms
2026-09-30 15:49:56 | INFO     | HIDS_API | POST /detection/predict status=200 95.14ms
2026-09-30 15:49:56 | INFO     | uvicorn.access | 127.0.0.1:49946 - "POST /detection/predict HTTP/1.1" 200
2026-09-30 15:49:56 | INFO     | HIDS_Detection | [5dbe69ec-c4de-42ae-a27b-ba895a9883c4] verdict=BENIGN MAE=0.459300 threshold=0.500000 latency=89.798ms
2026-09-30 15:49:56 | INFO     | HIDS_API | POST /detection/predict status=200 92.09ms
2026-09-30 15:49:56 | INFO     | uvicorn.access | 127.0.0.1:49948 - "POST /detection/predict HTTP/1.1" 200
2026-09-30 15:49:56 | INFO     | HIDS_Detection | [d458d7e9-c107-4eae-ac42-21deb8d7e76e] verdict=BENIGN MAE=0.439078 threshold=0.500000 latency=82.241ms
2026-09-30 15:49:56 | INFO     | HIDS_API | POST /detection/predict status=200 85.03ms
2026-09-30 15:49:56 | INFO     | uvicorn.access | 127.0.0.1:49954 - "POST /detection/predict HTTP/1.1" 200
2026-09-30 15:49:56 | INFO     | HIDS_Detection | [fda522ad-06eb-4333-9572-bfb8c9194cee] verdict=BENIGN MAE=0.439328 threshold=0.500000 latency=92.87ms
2026-09-30 15:49:56 | INFO     | HIDS_API | POST /detection/predict status=200 95.75ms
2026-09-30 15:49:56 | INFO     | uvicorn.access | 127.0.0.1:49970 - "POST /detection/predict HTTP/1.1" 200
2026-09-30 15:49:56 | INFO     | HIDS_Detection | [36f21756-56da-498a-976b-f29bf1c0d91b] verdict=BENIGN MAE=0.459284 threshold=0.500000 latency=90.038ms
2026-09-30 15:49:56 | INFO     | HIDS_API | POST /detection/predict status=200 92.65ms
2026-09-30 15:49:56 | INFO     | uvicorn.access | 127.0.0.1:49980 - "POST /detection/predict HTTP/1.1" 200
2026-09-30 15:49:57 | INFO     | HIDS_Detection | [03e26c6c-316f-4fe2-ba28-ef5535ca1b54] verdict=BENIGN MAE=0.438820 threshold=0.500000 latency=88.043ms
2026-09-30 15:49:57 | INFO     | HIDS_API | POST /detection/predict status=200 90.08ms
2026-09-30 15:49:57 | INFO     | uvicorn.access | 127.0.0.1:49992 - "POST /detection/predict HTTP/1.1" 200
2026-09-30 15:49:57 | INFO     | HIDS_Detection | [6f706a67-52ce-4a67-ad17-839edff5d911] verdict=BENIGN MAE=0.438826 threshold=0.500000 latency=100.611ms
2026-09-30 15:49:57 | INFO     | HIDS_API | POST /detection/predict status=200 103.84ms
2026-09-30 15:49:57 | INFO     | uvicorn.access | 127.0.0.1:50002 - "POST /detection/predict HTTP/1.1" 200
2026-09-30 15:49:57 | INFO     | HIDS_Detection | [0fade200-d3ac-4cac-a7e2-2331e542203e] verdict=BENIGN MAE=0.446100 threshold=0.500000 latency=88.966ms
2026-09-30 15:49:57 | INFO     | HIDS_API | POST /detection/predict status=200 91.53ms
2026-09-30 15:49:57 | INFO     | uvicorn.access | 127.0.0.1:50006 - "POST /detection/predict HTTP/1.1" 200
2026-09-30 15:49:57 | INFO     | HIDS_Detection | [46e11a72-2981-42f1-868b-2249b99cb304] verdict=BENIGN MAE=0.446130 threshold=0.500000 latency=91.61ms
2026-09-30 15:49:57 | INFO     | HIDS_API | POST /detection/predict status=200 94.38ms
2026-09-30 15:49:57 | INFO     | uvicorn.access | 127.0.0.1:50022 - "POST /detection/predict HTTP/1.1" 200
2026-09-30 15:49:57 | INFO     | HIDS_Detection | [a87d3540-b2d5-4832-926c-8b914155c89a] verdict=BENIGN MAE=0.459302 threshold=0.500000 latency=79.484ms
2026-09-30 15:49:57 | INFO     | HIDS_API | POST /detection/predict status=200 82.88ms
2026-09-30 15:49:57 | INFO     | uvicorn.access | 127.0.0.1:50024 - "POST /detection/predict HTTP/1.1" 200
2026-09-30 15:49:57 | INFO     | HIDS_Detection | [1df0f505-73b4-441b-8498-da892c75410f] verdict=BENIGN MAE=0.437788 threshold=0.500000 latency=79.667ms
2026-09-30 15:49:57 | INFO     | HIDS_API | POST /detection/predict status=200 82.90ms
2026-09-30 15:49:57 | INFO     | uvicorn.access | 127.0.0.1:50032 - "POST /detection/predict HTTP/1.1" 200
2026-09-30 15:49:57 | INFO     | HIDS_Detection | [ae8a03a7-e7e2-49ad-8063-dac7409276bb] verdict=BENIGN MAE=0.439543 threshold=0.500000 latency=87.814ms
2026-09-30 15:49:57 | INFO     | HIDS_API | POST /detection/predict status=200 98.06ms
2026-09-30 15:49:57 | INFO     | uvicorn.access | 127.0.0.1:50042 - "POST /detection/predict HTTP/1.1" 200
2026-09-30 15:49:57 | INFO     | HIDS_Detection | [418681e0-3887-4201-aacd-22eab86a16af] verdict=BENIGN MAE=0.459301 threshold=0.500000 latency=80.403ms
2026-09-30 15:49:57 | INFO     | HIDS_API | POST /detection/predict status=200 83.36ms
2026-09-30 15:49:57 | INFO     | uvicorn.access | 127.0.0.1:50058 - "POST /detection/predict HTTP/1.1" 200
2026-09-30 15:49:57 | INFO     | HIDS_Detection | [683d20ff-b210-4218-a0eb-9ab00d0c8300] verdict=BENIGN MAE=0.440575 threshold=0.500000 latency=82.235ms
2026-09-30 15:49:57 | INFO     | HIDS_API | POST /detection/predict status=200 84.39ms
2026-09-30 15:49:57 | INFO     | uvicorn.access | 127.0.0.1:50062 - "POST /detection/predict HTTP/1.1" 200
2026-09-30 15:49:58 | INFO     | HIDS_Detection | [80a2a471-49f8-4428-b262-3cdafb12bfb9] verdict=BENIGN MAE=0.439765 threshold=0.500000 latency=91.644ms
2026-09-30 15:49:58 | INFO     | HIDS_API | POST /detection/predict status=200 94.89ms
2026-09-30 15:49:58 | INFO     | uvicorn.access | 127.0.0.1:50074 - "POST /detection/predict HTTP/1.1" 200
2026-09-30 15:49:58 | INFO     | HIDS_Detection | [c8cb870c-abe4-42ff-8849-496e456b4534] verdict=BENIGN MAE=0.446118 threshold=0.500000 latency=91.424ms
2026-09-30 15:49:58 | INFO     | HIDS_API | POST /detection/predict status=200 94.09ms
2026-09-30 15:49:58 | INFO     | uvicorn.access | 127.0.0.1:50090 - "POST /detection/predict HTTP/1.1" 200
2026-09-30 15:49:58 | INFO     | HIDS_Detection | [38e3cc8b-b59c-4134-981d-bb0dcb1984e2] verdict=BENIGN MAE=0.446125 threshold=0.500000 latency=78.915ms
2026-09-30 15:49:58 | INFO     | HIDS_API | POST /detection/predict status=200 81.61ms
2026-09-30 15:49:58 | INFO     | uvicorn.access | 127.0.0.1:50102 - "POST /detection/predict HTTP/1.1" 200
2026-09-30 15:49:58 | INFO     | HIDS_Detection | [9b6f6e0a-8b65-42ae-a19a-a5c3d4308e69] verdict=BENIGN MAE=0.441147 threshold=0.500000 latency=78.385ms
2026-09-30 15:49:58 | INFO     | HIDS_API | POST /detection/predict status=200 81.73ms
2026-09-30 15:49:58 | INFO     | uvicorn.access | 127.0.0.1:50104 - "POST /detection/predict HTTP/1.1" 200
2026-09-30 15:49:58 | INFO     | HIDS_Detection | [cfb61d59-2aa1-4639-9b5a-b67219c922c5] verdict=BENIGN MAE=0.439885 threshold=0.500000 latency=86.534ms
2026-09-30 15:49:58 | INFO     | HIDS_API | POST /detection/predict status=200 89.51ms
2026-09-30 15:49:58 | INFO     | uvicorn.access | 127.0.0.1:50116 - "POST /detection/predict HTTP/1.1" 200
2026-09-30 15:49:58 | INFO     | HIDS_Detection | [74e4c56c-472a-439f-8344-0c5bb9d70a96] verdict=BENIGN MAE=0.459301 threshold=0.500000 latency=91.174ms
2026-09-30 15:49:58 | INFO     | HIDS_API | POST /detection/predict status=200 94.05ms
2026-09-30 15:49:58 | INFO     | uvicorn.access | 127.0.0.1:50126 - "POST /detection/predict HTTP/1.1" 200
2026-09-30 15:49:58 | INFO     | HIDS_Detection | [d1b56e9e-60dc-4a53-9469-c1a5bd292cca] verdict=BENIGN MAE=0.438562 threshold=0.500000 latency=87.806ms
2026-09-30 15:49:58 | INFO     | HIDS_API | POST /detection/predict status=200 90.97ms
2026-09-30 15:49:58 | INFO     | uvicorn.access | 127.0.0.1:50138 - "POST /detection/predict HTTP/1.1" 200
2026-09-30 15:49:58 | INFO     | HIDS_Detection | [f4f18447-42c1-469b-83b9-7a5842c0fb16] verdict=BENIGN MAE=0.438870 threshold=0.500000 latency=82.183ms
2026-09-30 15:49:58 | INFO     | HIDS_API | POST /detection/predict status=200 85.93ms
2026-09-30 15:49:58 | INFO     | uvicorn.access | 127.0.0.1:50152 - "POST /detection/predict HTTP/1.1" 200
2026-09-30 15:49:58 | INFO     | HIDS_Detection | [8148991f-ba89-48b0-87a8-8d036ef1f061] verdict=BENIGN MAE=0.439423 threshold=0.500000 latency=90.453ms
2026-09-30 15:49:58 | INFO     | HIDS_API | POST /detection/predict status=200 93.68ms
2026-09-30 15:49:58 | INFO     | uvicorn.access | 127.0.0.1:50164 - "POST /detection/predict HTTP/1.1" 200
2026-09-30 15:49:58 | INFO     | HIDS_Detection | [d025fb38-9266-48a7-aae2-e6e1cc74060c] verdict=BENIGN MAE=0.496328 threshold=0.500000 latency=93.153ms
2026-09-30 15:49:58 | INFO     | HIDS_API | POST /detection/predict status=200 96.66ms
2026-09-30 15:49:58 | INFO     | uvicorn.access | 127.0.0.1:50174 - "POST /detection/predict HTTP/1.1" 200
2026-09-30 15:49:59 | INFO     | HIDS_Detection | [e7d8fb02-5c21-41c1-9339-e2e78e745e42] verdict=BENIGN MAE=0.438182 threshold=0.500000 latency=92.088ms
2026-09-30 15:49:59 | INFO     | HIDS_API | POST /detection/predict status=200 94.71ms
2026-09-30 15:49:59 | INFO     | uvicorn.access | 127.0.0.1:50190 - "POST /detection/predict HTTP/1.1" 200
2026-09-30 15:49:59 | INFO     | HIDS_Detection | [4f4db093-f954-41f9-a98c-2d8853b442a7] verdict=MALICIOUS MAE=0.509401 threshold=0.500000 latency=152.246ms
2026-09-30 15:49:59 | INFO     | HIDS_API | POST /detection/predict status=200 154.90ms
2026-09-30 15:49:59 | INFO     | uvicorn.access | 127.0.0.1:50200 - "POST /detection/predict HTTP/1.1" 200
2026-09-30 15:49:59 | INFO     | HIDS_Detection | [b6c7cfd8-57f3-44de-8309-a01459c42d3b] verdict=MALICIOUS MAE=0.507904 threshold=0.500000 latency=87.717ms
2026-09-30 15:49:59 | INFO     | HIDS_API | POST /detection/predict status=200 93.11ms
2026-09-30 15:49:59 | INFO     | uvicorn.access | 127.0.0.1:50206 - "POST /detection/predict HTTP/1.1" 200
2026-09-30 15:50:07 | INFO     | HIDS_Detection | [430aa768-3bd8-4cfa-a2b3-887591626fa4] verdict=BENIGN MAE=0.446472 threshold=0.500000 latency=99.881ms
2026-09-30 15:50:07 | INFO     | HIDS_API | POST /detection/predict status=200 102.98ms
2026-09-30 15:50:07 | INFO     | uvicorn.access | 127.0.0.1:40708 - "POST /detection/predict HTTP/1.1" 200
2026-09-30 15:50:07 | INFO     | HIDS_Detection | [c9027980-bbb3-441d-ad44-ebd44496a68f] verdict=BENIGN MAE=0.439790 threshold=0.500000 latency=87.596ms
2026-09-30 15:50:07 | INFO     | HIDS_API | POST /detection/predict status=200 89.53ms
2026-09-30 15:50:07 | INFO     | uvicorn.access | 127.0.0.1:40710 - "POST /detection/predict HTTP/1.1" 200
2026-09-30 15:50:07 | INFO     | HIDS_Detection | [58db7efc-747b-4aaa-99a3-fd8f13fdb787] verdict=BENIGN MAE=0.460955 threshold=0.500000 latency=88.382ms
2026-09-30 15:50:07 | INFO     | HIDS_API | POST /detection/predict status=200 90.85ms
2026-09-30 15:50:07 | INFO     | uvicorn.access | 127.0.0.1:40714 - "POST /detection/predict HTTP/1.1" 200
2026-09-30 15:50:07 | INFO     | HIDS_Detection | [7477200e-9db1-4bf2-9a69-9b12bee5938d] verdict=BENIGN MAE=0.454053 threshold=0.500000 latency=88.195ms
2026-09-30 15:50:07 | INFO     | HIDS_API | POST /detection/predict status=200 91.24ms
2026-09-30 15:50:07 | INFO     | uvicorn.access | 127.0.0.1:40722 - "POST /detection/predict HTTP/1.1" 200
2026-09-30 15:50:07 | INFO     | HIDS_Detection | [725fda7b-2b86-4643-b495-5357205c645d] verdict=BENIGN MAE=0.490219 threshold=0.500000 latency=85.966ms
2026-09-30 15:50:07 | INFO     | HIDS_API | POST /detection/predict status=200 89.39ms
2026-09-30 15:50:07 | INFO     | uvicorn.access | 127.0.0.1:40724 - "POST /detection/predict HTTP/1.1" 200
2026-09-30 15:50:09 | INFO     | uvicorn.access | 127.0.0.1:40738 - "GET /ready HTTP/1.1" 200
2026-09-30 15:50:14 | INFO     | HIDS_Detection | [3e3be53e-dcb5-4ba4-9d7e-64ce8453aa41] verdict=BENIGN MAE=0.494855 threshold=0.500000 latency=138.483ms
2026-09-30 15:50:14 | INFO     | HIDS_API | POST /detection/predict status=200 142.54ms
2026-09-30 15:50:14 | INFO     | uvicorn.access | 127.0.0.1:47878 - "POST /detection/predict HTTP/1.1" 200
2026-09-30 15:50:15 | INFO     | HIDS_Detection | [e0aeadc5-fa55-44cb-9118-125905fe5bfd] verdict=BENIGN MAE=0.451779 threshold=0.500000 latency=111.348ms
2026-09-30 15:50:15 | INFO     | HIDS_API | POST /detection/predict status=200 115.05ms
2026-09-30 15:50:15 | INFO     | uvicorn.access | 127.0.0.1:47890 - "POST /detection/predict HTTP/1.1" 200
2026-09-30 15:50:15 | INFO     | HIDS_Detection | [17ffb188-4298-49c0-8ba1-d2e35287649d] verdict=BENIGN MAE=0.442319 threshold=0.500000 latency=91.257ms
2026-09-30 15:50:15 | INFO     | HIDS_API | POST /detection/predict status=200 94.03ms
2026-09-30 15:50:15 | INFO     | uvicorn.access | 127.0.0.1:47900 - "POST /detection/predict HTTP/1.1" 200
2026-09-30 15:50:15 | INFO     | HIDS_Detection | [d5ae47a2-2be6-4913-9ce8-89519c142d39] verdict=BENIGN MAE=0.453526 threshold=0.500000 latency=90.211ms
2026-09-30 15:50:15 | INFO     | HIDS_API | POST /detection/predict status=200 92.79ms
2026-09-30 15:50:15 | INFO     | uvicorn.access | 127.0.0.1:47906 - "POST /detection/predict HTTP/1.1" 200
2026-09-30 15:50:15 | INFO     | HIDS_Detection | [0d3cab9b-9d2d-42ba-9962-5665cd7807ee] verdict=BENIGN MAE=0.459300 threshold=0.500000 latency=87.649ms
2026-09-30 15:50:15 | INFO     | HIDS_API | POST /detection/predict status=200 90.96ms
2026-09-30 15:50:15 | INFO     | uvicorn.access | 127.0.0.1:47908 - "POST /detection/predict HTTP/1.1" 200
2026-09-30 15:50:15 | INFO     | HIDS_Detection | [75c44bda-cea5-40ae-91f5-50cfc8c98c78] verdict=BENIGN MAE=0.459301 threshold=0.500000 latency=79.717ms
2026-09-30 15:50:15 | INFO     | HIDS_API | POST /detection/predict status=200 82.31ms
2026-09-30 15:50:15 | INFO     | uvicorn.access | 127.0.0.1:47916 - "POST /detection/predict HTTP/1.1" 200
2026-09-30 15:50:16 | INFO     | HIDS_Detection | [342df5fd-87e3-4a86-ae13-18c19f48ee9c] verdict=BENIGN MAE=0.459309 threshold=0.500000 latency=83.644ms
2026-09-30 15:50:16 | INFO     | HIDS_API | POST /detection/predict status=200 86.82ms
2026-09-30 15:50:16 | INFO     | uvicorn.access | 127.0.0.1:47926 - "POST /detection/predict HTTP/1.1" 200
2026-09-30 15:50:16 | INFO     | HIDS_Detection | [effded95-24bf-4c30-ace6-a73685d49ad2] verdict=BENIGN MAE=0.434571 threshold=0.500000 latency=83.477ms
2026-09-30 15:50:16 | INFO     | HIDS_API | POST /detection/predict status=200 86.69ms
2026-09-30 15:50:16 | INFO     | uvicorn.access | 127.0.0.1:47934 - "POST /detection/predict HTTP/1.1" 200
2026-09-30 15:50:16 | INFO     | HIDS_Detection | [99d98f97-1264-4944-ab70-979e09200dc7] verdict=BENIGN MAE=0.439372 threshold=0.500000 latency=86.807ms
2026-09-30 15:50:16 | INFO     | HIDS_API | POST /detection/predict status=200 88.73ms
2026-09-30 15:50:16 | INFO     | uvicorn.access | 127.0.0.1:47938 - "POST /detection/predict HTTP/1.1" 200
2026-09-30 15:50:16 | INFO     | HIDS_Detection | [4e7e8248-c839-4144-bd79-e75efc6da89a] verdict=BENIGN MAE=0.446126 threshold=0.500000 latency=90.739ms
2026-09-30 15:50:16 | INFO     | HIDS_API | POST /detection/predict status=200 93.20ms
2026-09-30 15:50:16 | INFO     | uvicorn.access | 127.0.0.1:47948 - "POST /detection/predict HTTP/1.1" 200
2026-09-30 15:50:16 | INFO     | HIDS_Detection | [eea6ac3d-a6f6-45ee-b4b9-4f9de0377330] verdict=BENIGN MAE=0.446120 threshold=0.500000 latency=76.894ms
2026-09-30 15:50:16 | INFO     | HIDS_API | POST /detection/predict status=200 79.61ms
2026-09-30 15:50:16 | INFO     | uvicorn.access | 127.0.0.1:47960 - "POST /detection/predict HTTP/1.1" 200
2026-09-30 15:50:16 | INFO     | HIDS_Detection | [d49dfc86-6886-4fa1-ad40-94b4c2e15c1d] verdict=BENIGN MAE=0.440494 threshold=0.500000 latency=82.633ms
2026-09-30 15:50:16 | INFO     | HIDS_API | POST /detection/predict status=200 85.15ms
2026-09-30 15:50:16 | INFO     | uvicorn.access | 127.0.0.1:47966 - "POST /detection/predict HTTP/1.1" 200
2026-09-30 15:50:16 | INFO     | HIDS_Detection | [ce7ffed8-878f-44eb-81ca-9df2dfc123e0] verdict=BENIGN MAE=0.446129 threshold=0.500000 latency=92.086ms
2026-09-30 15:50:16 | INFO     | HIDS_API | POST /detection/predict status=200 94.47ms
2026-09-30 15:50:16 | INFO     | uvicorn.access | 127.0.0.1:47974 - "POST /detection/predict HTTP/1.1" 200
2026-09-30 15:50:16 | INFO     | HIDS_Detection | [66406e10-f4c6-4510-a746-8f99170238da] verdict=BENIGN MAE=0.446128 threshold=0.500000 latency=79.712ms
2026-09-30 15:50:16 | INFO     | HIDS_API | POST /detection/predict status=200 82.35ms
2026-09-30 15:50:16 | INFO     | uvicorn.access | 127.0.0.1:47984 - "POST /detection/predict HTTP/1.1" 200
2026-09-30 15:50:16 | INFO     | HIDS_Detection | [1ddba551-0231-44d4-a973-a130b4c64c20] verdict=BENIGN MAE=0.405976 threshold=0.500000 latency=87.631ms
2026-09-30 15:50:16 | INFO     | HIDS_API | POST /detection/predict status=200 89.72ms
2026-09-30 15:50:16 | INFO     | uvicorn.access | 127.0.0.1:47986 - "POST /detection/predict HTTP/1.1" 200
2026-09-30 15:50:16 | INFO     | HIDS_Detection | [e9648919-8952-45e6-9e50-c37481f0d7c0] verdict=BENIGN MAE=0.460955 threshold=0.500000 latency=86.7ms
2026-09-30 15:50:16 | INFO     | HIDS_API | POST /detection/predict status=200 88.77ms
2026-09-30 15:50:16 | INFO     | uvicorn.access | 127.0.0.1:47988 - "POST /detection/predict HTTP/1.1" 200
2026-09-30 15:50:17 | INFO     | HIDS_Detection | [01b42f4b-a9d9-45ea-b3a6-6372fd6732c7] verdict=BENIGN MAE=0.437716 threshold=0.500000 latency=103.564ms
2026-09-30 15:50:17 | INFO     | HIDS_API | POST /detection/predict status=200 105.91ms
2026-09-30 15:50:17 | INFO     | uvicorn.access | 127.0.0.1:48000 - "POST /detection/predict HTTP/1.1" 200
2026-09-30 15:50:17 | INFO     | HIDS_Detection | [95706b17-119c-4e27-95e4-f926e31bbc5f] verdict=BENIGN MAE=0.446127 threshold=0.500000 latency=87.951ms
2026-09-30 15:50:17 | INFO     | HIDS_API | POST /detection/predict status=200 94.54ms
2026-09-30 15:50:17 | INFO     | uvicorn.access | 127.0.0.1:48014 - "POST /detection/predict HTTP/1.1" 200
2026-09-30 15:50:17 | INFO     | HIDS_Detection | [b9e3e25d-dc24-41e6-9b43-210cd730ccd6] verdict=BENIGN MAE=0.446129 threshold=0.500000 latency=79.418ms
2026-09-30 15:50:17 | INFO     | HIDS_API | POST /detection/predict status=200 82.11ms
2026-09-30 15:50:17 | INFO     | uvicorn.access | 127.0.0.1:48024 - "POST /detection/predict HTTP/1.1" 200
2026-09-30 15:50:20 | INFO     | HIDS_Detection | [ad232246-68c0-4baa-b60b-5dfd01735706] verdict=BENIGN MAE=0.479735 threshold=0.500000 latency=112.674ms
2026-09-30 15:50:20 | INFO     | HIDS_API | POST /detection/predict status=200 115.90ms
2026-09-30 15:50:20 | INFO     | uvicorn.access | 127.0.0.1:48030 - "POST /detection/predict HTTP/1.1" 200
2026-09-30 15:50:21 | INFO     | HIDS_Detection | [f30abf5e-9130-4428-825e-f6a4f0fe0c0f] verdict=BENIGN MAE=0.480136 threshold=0.500000 latency=87.66ms
2026-09-30 15:50:21 | INFO     | HIDS_API | POST /detection/predict status=200 90.31ms
2026-09-30 15:50:21 | INFO     | uvicorn.access | 127.0.0.1:48040 - "POST /detection/predict HTTP/1.1" 200
2026-09-30 15:50:39 | INFO     | uvicorn.access | 127.0.0.1:60752 - "GET /ready HTTP/1.1" 200
2026-09-30 15:50:53 | INFO     | HIDS_Detection | [cf9739f7-a513-46fe-b17b-220c1500ced2] verdict=BENIGN MAE=0.431614 threshold=0.500000 latency=91.868ms
2026-09-30 15:50:53 | INFO     | HIDS_API | POST /detection/predict status=200 93.84ms
2026-09-30 15:50:53 | INFO     | uvicorn.access | 127.0.0.1:44168 - "POST /detection/predict HTTP/1.1" 200
2026-09-30 15:50:53 | INFO     | HIDS_Detection | [38f684da-1433-4151-998f-c6b536e9b3a9] verdict=BENIGN MAE=0.456290 threshold=0.500000 latency=90.198ms
2026-09-30 15:50:53 | INFO     | HIDS_API | POST /detection/predict status=200 92.26ms
2026-09-30 15:50:53 | INFO     | uvicorn.access | 127.0.0.1:44178 - "POST /detection/predict HTTP/1.1" 200
2026-09-30 15:50:53 | INFO     | HIDS_Detection | [0179f475-9120-4634-8a2b-b3b6e9be063d] verdict=BENIGN MAE=0.457675 threshold=0.500000 latency=93.826ms
2026-09-30 15:50:53 | INFO     | HIDS_API | POST /detection/predict status=200 95.75ms
2026-09-30 15:50:53 | INFO     | uvicorn.access | 127.0.0.1:44194 - "POST /detection/predict HTTP/1.1" 200
2026-09-30 15:50:53 | INFO     | HIDS_Detection | [aedfc50a-9906-42f2-aaa3-f4e78e85c05e] verdict=BENIGN MAE=0.427767 threshold=0.500000 latency=104.647ms
2026-09-30 15:50:53 | INFO     | HIDS_API | POST /detection/predict status=200 106.59ms
2026-09-30 15:50:53 | INFO     | uvicorn.access | 127.0.0.1:44202 - "POST /detection/predict HTTP/1.1" 200
2026-09-30 15:50:54 | INFO     | HIDS_Detection | [589e9037-7870-4d4b-9f27-b232ced85fc4] verdict=BENIGN MAE=0.447318 threshold=0.500000 latency=104.278ms
2026-09-30 15:50:54 | INFO     | HIDS_API | POST /detection/predict status=200 106.96ms
2026-09-30 15:50:54 | INFO     | uvicorn.access | 127.0.0.1:44206 - "POST /detection/predict HTTP/1.1" 200
2026-09-30 15:50:54 | INFO     | HIDS_Detection | [9d2bf39c-add4-43b6-bf8e-b53f5c551021] verdict=BENIGN MAE=0.442300 threshold=0.500000 latency=94.077ms
2026-09-30 15:50:54 | INFO     | HIDS_API | POST /detection/predict status=200 96.37ms
2026-09-30 15:50:54 | INFO     | uvicorn.access | 127.0.0.1:44222 - "POST /detection/predict HTTP/1.1" 200
2026-09-30 15:50:54 | INFO     | HIDS_Detection | [6e02c89b-cb4d-438a-b9a2-33e5631c37ed] verdict=BENIGN MAE=0.446061 threshold=0.500000 latency=95.724ms
2026-09-30 15:50:54 | INFO     | HIDS_API | POST /detection/predict status=200 98.51ms
2026-09-30 15:50:54 | INFO     | uvicorn.access | 127.0.0.1:44232 - "POST /detection/predict HTTP/1.1" 200
2026-09-30 15:50:55 | INFO     | HIDS_Detection | [c0465424-40f2-4841-a039-950bc37b2387] verdict=BENIGN MAE=0.459229 threshold=0.500000 latency=166.476ms
2026-09-30 15:50:55 | INFO     | HIDS_API | POST /detection/predict status=200 175.32ms
2026-09-30 15:50:55 | INFO     | uvicorn.access | 127.0.0.1:44246 - "POST /detection/predict HTTP/1.1" 200
2026-09-30 15:50:55 | INFO     | HIDS_Detection | [772a6e5a-f1bb-40f4-b990-fee8e177eee8] verdict=BENIGN MAE=0.402854 threshold=0.500000 latency=164.361ms
2026-09-30 15:50:55 | INFO     | HIDS_API | POST /detection/predict status=200 167.37ms
2026-09-30 15:50:55 | INFO     | uvicorn.access | 127.0.0.1:44250 - "POST /detection/predict HTTP/1.1" 200
2026-09-30 15:50:55 | INFO     | HIDS_Detection | [4f636343-3a3c-4cf2-967b-98d07a094f5f] verdict=BENIGN MAE=0.427251 threshold=0.500000 latency=121.123ms
2026-09-30 15:50:55 | INFO     | HIDS_API | POST /detection/predict status=200 123.45ms
2026-09-30 15:50:55 | INFO     | uvicorn.access | 127.0.0.1:44264 - "POST /detection/predict HTTP/1.1" 200
2026-09-30 15:50:55 | INFO     | HIDS_Detection | [fb6a84e9-f8dc-4af3-812c-f07c12ad920e] verdict=BENIGN MAE=0.459295 threshold=0.500000 latency=106.488ms
2026-09-30 15:50:55 | INFO     | HIDS_API | POST /detection/predict status=200 108.45ms
2026-09-30 15:50:55 | INFO     | uvicorn.access | 127.0.0.1:44274 - "POST /detection/predict HTTP/1.1" 200
2026-09-30 15:50:56 | INFO     | HIDS_Detection | [73d1aa5f-c83c-4d69-97e7-8ae42971773c] verdict=BENIGN MAE=0.436872 threshold=0.500000 latency=98.657ms
2026-09-30 15:50:56 | INFO     | HIDS_API | POST /detection/predict status=200 105.54ms
2026-09-30 15:50:56 | INFO     | uvicorn.access | 127.0.0.1:44288 - "POST /detection/predict HTTP/1.1" 200
2026-09-30 15:50:56 | INFO     | HIDS_Detection | [a6d16006-03ac-4745-bf35-f3100a91c3cd] verdict=BENIGN MAE=0.436009 threshold=0.500000 latency=123.554ms
2026-09-30 15:50:56 | INFO     | HIDS_API | POST /detection/predict status=200 125.42ms
2026-09-30 15:50:56 | INFO     | uvicorn.access | 127.0.0.1:44300 - "POST /detection/predict HTTP/1.1" 200
2026-09-30 15:50:56 | INFO     | HIDS_Detection | [7a5273fe-d8ab-4b05-9959-5e00ed6b91a8] verdict=BENIGN MAE=0.459297 threshold=0.500000 latency=124.601ms
2026-09-30 15:50:56 | INFO     | HIDS_API | POST /detection/predict status=200 131.04ms
2026-09-30 15:50:56 | INFO     | uvicorn.access | 127.0.0.1:44302 - "POST /detection/predict HTTP/1.1" 200
2026-09-30 15:50:56 | INFO     | HIDS_Detection | [5a53866c-2b6e-4e51-aea6-2536d1d1b726] verdict=BENIGN MAE=0.433207 threshold=0.500000 latency=103.016ms
2026-09-30 15:50:56 | INFO     | HIDS_API | POST /detection/predict status=200 105.48ms
2026-09-30 15:50:56 | INFO     | uvicorn.access | 127.0.0.1:44310 - "POST /detection/predict HTTP/1.1" 200
2026-09-30 15:50:56 | INFO     | HIDS_Detection | [e5069fa8-0dec-4d69-8d0c-b8d6415509c0] verdict=BENIGN MAE=0.437085 threshold=0.500000 latency=118.03ms
2026-09-30 15:50:56 | INFO     | HIDS_API | POST /detection/predict status=200 120.81ms
2026-09-30 15:50:56 | INFO     | uvicorn.access | 127.0.0.1:44316 - "POST /detection/predict HTTP/1.1" 200
2026-09-30 15:50:56 | INFO     | HIDS_Detection | [17e95dfc-ac1b-4aba-a33a-1041541c4959] verdict=BENIGN MAE=0.459298 threshold=0.500000 latency=122.324ms
2026-09-30 15:50:56 | INFO     | HIDS_API | POST /detection/predict status=200 125.46ms
2026-09-30 15:50:56 | INFO     | uvicorn.access | 127.0.0.1:44326 - "POST /detection/predict HTTP/1.1" 200
2026-09-30 15:50:56 | INFO     | HIDS_Detection | [45e0dcd9-cfc3-4bed-99f9-2201eacd8748] verdict=BENIGN MAE=0.433780 threshold=0.500000 latency=115.692ms
2026-09-30 15:50:56 | INFO     | HIDS_API | POST /detection/predict status=200 118.62ms
2026-09-30 15:50:56 | INFO     | uvicorn.access | 127.0.0.1:44342 - "POST /detection/predict HTTP/1.1" 200
2026-09-30 15:50:56 | INFO     | HIDS_Detection | [019c2a20-9c11-4c9f-ab5a-eae2f1ef08b5] verdict=BENIGN MAE=0.436655 threshold=0.500000 latency=109.935ms
2026-09-30 15:50:56 | INFO     | HIDS_API | POST /detection/predict status=200 113.38ms
2026-09-30 15:50:56 | INFO     | uvicorn.access | 127.0.0.1:44354 - "POST /detection/predict HTTP/1.1" 200
2026-09-30 15:50:57 | INFO     | HIDS_Detection | [03f0e227-09f5-4cd8-8b62-2930f9a4c8e0] verdict=BENIGN MAE=0.459301 threshold=0.500000 latency=103.499ms
2026-09-30 15:50:57 | INFO     | HIDS_API | POST /detection/predict status=200 106.16ms
2026-09-30 15:50:57 | INFO     | uvicorn.access | 127.0.0.1:44366 - "POST /detection/predict HTTP/1.1" 200
2026-09-30 15:50:57 | INFO     | HIDS_Detection | [9e9db555-a3ef-443d-a2c3-39bdc76b0609] verdict=BENIGN MAE=0.437265 threshold=0.500000 latency=95.93ms
2026-09-30 15:50:57 | INFO     | HIDS_API | POST /detection/predict status=200 98.59ms
2026-09-30 15:50:57 | INFO     | uvicorn.access | 127.0.0.1:44378 - "POST /detection/predict HTTP/1.1" 200
2026-09-30 15:50:57 | INFO     | HIDS_Detection | [de06664e-fe05-4b00-a961-6a0d5b8d6683] verdict=BENIGN MAE=0.470851 threshold=0.500000 latency=105.0ms
2026-09-30 15:50:57 | INFO     | HIDS_API | POST /detection/predict status=200 107.15ms
2026-09-30 15:50:57 | INFO     | uvicorn.access | 127.0.0.1:44392 - "POST /detection/predict HTTP/1.1" 200
2026-09-30 15:50:57 | INFO     | HIDS_Detection | [012ab099-13db-4a7e-bc4f-c6a96799d711] verdict=BENIGN MAE=0.452555 threshold=0.500000 latency=103.274ms
2026-09-30 15:50:57 | INFO     | HIDS_API | POST /detection/predict status=200 106.23ms
2026-09-30 15:50:57 | INFO     | uvicorn.access | 127.0.0.1:44396 - "POST /detection/predict HTTP/1.1" 200
2026-09-30 15:50:57 | INFO     | HIDS_Detection | [c57ad402-3646-47f8-bb16-cd72721882e2] verdict=BENIGN MAE=0.452431 threshold=0.500000 latency=101.863ms
2026-09-30 15:50:57 | INFO     | HIDS_API | POST /detection/predict status=200 104.50ms
2026-09-30 15:50:57 | INFO     | uvicorn.access | 127.0.0.1:44402 - "POST /detection/predict HTTP/1.1" 200
2026-09-30 15:50:57 | INFO     | HIDS_Detection | [6acead1b-2e22-467e-8721-8404018c8f72] verdict=BENIGN MAE=0.459299 threshold=0.500000 latency=99.63ms
2026-09-30 15:50:57 | INFO     | HIDS_API | POST /detection/predict status=200 102.01ms
2026-09-30 15:50:57 | INFO     | uvicorn.access | 127.0.0.1:44408 - "POST /detection/predict HTTP/1.1" 200
2026-09-30 15:50:57 | INFO     | HIDS_Detection | [6d5e6512-296c-4ada-96c6-da71e3434dea] verdict=BENIGN MAE=0.446116 threshold=0.500000 latency=99.353ms
2026-09-30 15:50:57 | INFO     | HIDS_API | POST /detection/predict status=200 102.19ms
2026-09-30 15:50:57 | INFO     | uvicorn.access | 127.0.0.1:44420 - "POST /detection/predict HTTP/1.1" 200
2026-09-30 15:50:57 | INFO     | HIDS_Detection | [02b7d62e-e621-4b6f-9f43-8eeb6dd55a3a] verdict=BENIGN MAE=0.440388 threshold=0.500000 latency=92.232ms
2026-09-30 15:50:57 | INFO     | HIDS_API | POST /detection/predict status=200 94.24ms
2026-09-30 15:50:57 | INFO     | uvicorn.access | 127.0.0.1:44432 - "POST /detection/predict HTTP/1.1" 200
2026-09-30 15:50:58 | INFO     | HIDS_Detection | [1a8dd215-4216-440a-8c35-dd29e35714d3] verdict=BENIGN MAE=0.438632 threshold=0.500000 latency=107.399ms
2026-09-30 15:50:58 | INFO     | HIDS_API | POST /detection/predict status=200 110.19ms
2026-09-30 15:50:58 | INFO     | uvicorn.access | 127.0.0.1:44434 - "POST /detection/predict HTTP/1.1" 200
2026-09-30 15:50:58 | INFO     | HIDS_Detection | [22e17371-2f01-484c-8052-6d1410fc469e] verdict=BENIGN MAE=0.446128 threshold=0.500000 latency=113.941ms
2026-09-30 15:50:58 | INFO     | HIDS_API | POST /detection/predict status=200 121.63ms
2026-09-30 15:50:58 | INFO     | uvicorn.access | 127.0.0.1:44450 - "POST /detection/predict HTTP/1.1" 200
2026-09-30 15:50:58 | INFO     | HIDS_Detection | [688a859f-2cc1-4917-b1e1-51f782723eab] verdict=BENIGN MAE=0.446127 threshold=0.500000 latency=107.231ms
2026-09-30 15:50:58 | INFO     | HIDS_API | POST /detection/predict status=200 109.64ms
2026-09-30 15:50:58 | INFO     | uvicorn.access | 127.0.0.1:44460 - "POST /detection/predict HTTP/1.1" 200
2026-09-30 15:50:58 | INFO     | HIDS_Detection | [ccd94c27-6a2d-4581-9af5-ab288a0f7be5] verdict=BENIGN MAE=0.430110 threshold=0.500000 latency=99.831ms
2026-09-30 15:50:58 | INFO     | HIDS_API | POST /detection/predict status=200 102.79ms
2026-09-30 15:50:58 | INFO     | uvicorn.access | 127.0.0.1:44462 - "POST /detection/predict HTTP/1.1" 200
2026-09-30 15:50:58 | INFO     | HIDS_Detection | [d6a1b6c7-f4d4-477d-821b-acd6615ef202] verdict=BENIGN MAE=0.453676 threshold=0.500000 latency=101.333ms
2026-09-30 15:50:58 | INFO     | HIDS_API | POST /detection/predict status=200 103.85ms
2026-09-30 15:50:58 | INFO     | uvicorn.access | 127.0.0.1:44464 - "POST /detection/predict HTTP/1.1" 200
2026-09-30 15:51:09 | INFO     | uvicorn.access | 127.0.0.1:51656 - "GET /ready HTTP/1.1" 200
2026-09-30 15:51:17 | INFO     | HIDS_Detection | [f53a3ae0-5e66-4d29-a782-cde263495977] verdict=BENIGN MAE=0.496902 threshold=0.500000 latency=119.646ms
2026-09-30 15:51:17 | INFO     | HIDS_API | POST /detection/predict status=200 124.41ms
2026-09-30 15:51:17 | INFO     | uvicorn.access | 127.0.0.1:40976 - "POST /detection/predict HTTP/1.1" 200
2026-09-30 15:51:21 | INFO     | HIDS_Detection | [d320a0da-48f2-43ab-ac33-54566edf3ee3] verdict=BENIGN MAE=0.499231 threshold=0.500000 latency=93.862ms
2026-09-30 15:51:21 | INFO     | HIDS_API | POST /detection/predict status=200 96.28ms
2026-09-30 15:51:21 | INFO     | uvicorn.access | 127.0.0.1:40978 - "POST /detection/predict HTTP/1.1" 200
2026-09-30 15:51:39 | INFO     | uvicorn.access | 127.0.0.1:37422 - "GET /ready HTTP/1.1" 200
2026-09-30 15:52:09 | INFO     | uvicorn.access | 127.0.0.1:59956 - "GET /ready HTTP/1.1" 200
2026-09-30 15:52:39 | INFO     | uvicorn.access | 127.0.0.1:39048 - "GET /ready HTTP/1.1" 200
2026-09-30 15:53:09 | INFO     | uvicorn.access | 127.0.0.1:47732 - "GET /ready HTTP/1.1" 200
2026-09-30 15:53:39 | INFO     | uvicorn.access | 127.0.0.1:55962 - "GET /ready HTTP/1.1" 200
2026-09-30 15:54:04 | INFO     | HIDS_Detection | [00916252-3ba4-4958-a80c-611dda347a62] verdict=BENIGN MAE=0.458864 threshold=0.500000 latency=98.716ms
2026-09-30 15:54:04 | INFO     | HIDS_API | POST /detection/predict status=200 103.82ms
2026-09-30 15:54:04 | INFO     | uvicorn.access | 127.0.0.1:46696 - "POST /detection/predict HTTP/1.1" 200
2026-09-30 15:54:04 | INFO     | HIDS_Detection | [7076e7d1-3675-4f61-a9d2-99cd1dbfdff7] verdict=BENIGN MAE=0.434115 threshold=0.500000 latency=88.695ms
2026-09-30 15:54:04 | INFO     | HIDS_API | POST /detection/predict status=200 98.22ms
2026-09-30 15:54:04 | INFO     | uvicorn.access | 127.0.0.1:46698 - "POST /detection/predict HTTP/1.1" 200
2026-09-30 15:54:04 | INFO     | HIDS_Detection | [a1de1716-42c2-41f5-9fd3-a454af6143d1] verdict=BENIGN MAE=0.452918 threshold=0.500000 latency=85.554ms
2026-09-30 15:54:04 | INFO     | HIDS_API | POST /detection/predict status=200 88.24ms
2026-09-30 15:54:04 | INFO     | uvicorn.access | 127.0.0.1:46704 - "POST /detection/predict HTTP/1.1" 200
2026-09-30 15:54:04 | INFO     | HIDS_Detection | [1e0d8e7b-48c5-485d-90e7-65ef8baea7fe] verdict=BENIGN MAE=0.460213 threshold=0.500000 latency=81.809ms
2026-09-30 15:54:04 | INFO     | HIDS_API | POST /detection/predict status=200 83.85ms
2026-09-30 15:54:04 | INFO     | uvicorn.access | 127.0.0.1:46712 - "POST /detection/predict HTTP/1.1" 200
2026-09-30 15:54:04 | INFO     | HIDS_Detection | [a4bef4e0-02a1-4914-95ad-9ce6f1f5a459] verdict=BENIGN MAE=0.455250 threshold=0.500000 latency=79.612ms
2026-09-30 15:54:04 | INFO     | HIDS_API | POST /detection/predict status=200 81.72ms
2026-09-30 15:54:04 | INFO     | uvicorn.access | 127.0.0.1:46714 - "POST /detection/predict HTTP/1.1" 200
2026-09-30 15:54:05 | INFO     | HIDS_Detection | [5bde9302-7c1d-4c70-b46a-3903e6507158] verdict=BENIGN MAE=0.459909 threshold=0.500000 latency=119.273ms
2026-09-30 15:54:05 | INFO     | HIDS_API | POST /detection/predict status=200 121.39ms
2026-09-30 15:54:05 | INFO     | uvicorn.access | 127.0.0.1:46730 - "POST /detection/predict HTTP/1.1" 200
2026-09-30 15:54:05 | INFO     | HIDS_Detection | [f2b004e9-c1c0-4b8e-9567-1ff0186f44fa] verdict=BENIGN MAE=0.442919 threshold=0.500000 latency=101.755ms
2026-09-30 15:54:05 | INFO     | HIDS_API | POST /detection/predict status=200 104.92ms
2026-09-30 15:54:05 | INFO     | uvicorn.access | 127.0.0.1:46732 - "POST /detection/predict HTTP/1.1" 200
2026-09-30 15:54:05 | INFO     | HIDS_Detection | [73c2636c-71e3-44c1-bf4d-e6d8948b30a6] verdict=BENIGN MAE=0.452567 threshold=0.500000 latency=95.939ms
2026-09-30 15:54:05 | INFO     | HIDS_API | POST /detection/predict status=200 98.65ms
2026-09-30 15:54:05 | INFO     | uvicorn.access | 127.0.0.1:46746 - "POST /detection/predict HTTP/1.1" 200
2026-09-30 15:54:05 | INFO     | HIDS_Detection | [a615c455-5f17-4904-962e-6abdceaca1d3] verdict=BENIGN MAE=0.459304 threshold=0.500000 latency=89.829ms
2026-09-30 15:54:05 | INFO     | HIDS_API | POST /detection/predict status=200 91.79ms
2026-09-30 15:54:05 | INFO     | uvicorn.access | 127.0.0.1:46758 - "POST /detection/predict HTTP/1.1" 200
2026-09-30 15:54:05 | INFO     | HIDS_Detection | [d8a70b06-a0bc-4783-b62e-9e8b8b2cb466] verdict=BENIGN MAE=0.438706 threshold=0.500000 latency=82.492ms
2026-09-30 15:54:05 | INFO     | HIDS_API | POST /detection/predict status=200 85.02ms
2026-09-30 15:54:05 | INFO     | uvicorn.access | 127.0.0.1:46762 - "POST /detection/predict HTTP/1.1" 200
2026-09-30 15:54:06 | INFO     | HIDS_Detection | [31b52e3d-f484-4d95-80e7-2c07c968931e] verdict=BENIGN MAE=0.460951 threshold=0.500000 latency=93.478ms
2026-09-30 15:54:06 | INFO     | HIDS_API | POST /detection/predict status=200 96.36ms
2026-09-30 15:54:06 | INFO     | uvicorn.access | 127.0.0.1:46764 - "POST /detection/predict HTTP/1.1" 200
2026-09-30 15:54:06 | INFO     | HIDS_Detection | [0488f4a2-cd4b-4345-a248-f40bb12f62de] verdict=BENIGN MAE=0.439517 threshold=0.500000 latency=90.385ms
2026-09-30 15:54:06 | INFO     | HIDS_API | POST /detection/predict status=200 92.90ms
2026-09-30 15:54:06 | INFO     | uvicorn.access | 127.0.0.1:46776 - "POST /detection/predict HTTP/1.1" 200
2026-09-30 15:54:09 | INFO     | uvicorn.access | 127.0.0.1:46782 - "GET /ready HTTP/1.1" 200
2026-09-30 15:54:11 | INFO     | HIDS_Detection | [9b9c1942-1584-4ee1-bb56-16d309725767] verdict=MALICIOUS MAE=0.506096 threshold=0.500000 latency=108.418ms
2026-09-30 15:54:11 | INFO     | HIDS_API | POST /detection/predict status=200 111.34ms
2026-09-30 15:54:11 | INFO     | uvicorn.access | 127.0.0.1:42426 - "POST /detection/predict HTTP/1.1" 200
2026-09-30 15:54:11 | INFO     | HIDS_Detection | [ce7c9c46-38c1-4806-870f-ee428ee367d2] verdict=MALICIOUS MAE=0.506096 threshold=0.500000 latency=89.759ms
2026-09-30 15:54:11 | INFO     | HIDS_API | POST /detection/predict status=200 92.19ms
2026-09-30 15:54:11 | INFO     | uvicorn.access | 127.0.0.1:42440 - "POST /detection/predict HTTP/1.1" 200
2026-09-30 15:54:23 | INFO     | HIDS_Detection | [379491d7-d628-43b2-9b49-3af2095623b8] verdict=MALICIOUS MAE=0.500587 threshold=0.500000 latency=84.434ms
2026-09-30 15:54:23 | INFO     | HIDS_API | POST /detection/predict status=200 89.16ms
2026-09-30 15:54:23 | INFO     | uvicorn.access | 127.0.0.1:36220 - "POST /detection/predict HTTP/1.1" 200
2026-09-30 15:54:23 | INFO     | HIDS_Detection | [c97f7b8a-f572-4239-8eda-91e9799e338c] verdict=MALICIOUS MAE=0.500784 threshold=0.500000 latency=98.9ms
2026-09-30 15:54:23 | INFO     | HIDS_API | POST /detection/predict status=200 101.84ms
2026-09-30 15:54:23 | INFO     | uvicorn.access | 127.0.0.1:36236 - "POST /detection/predict HTTP/1.1" 200
2026-09-30 15:54:30 | INFO     | HIDS_Detection | [2c28b481-5b9b-4d14-814d-3354ce8e5107] verdict=BENIGN MAE=0.443489 threshold=0.500000 latency=119.507ms
2026-09-30 15:54:30 | INFO     | HIDS_API | POST /detection/predict status=200 122.12ms
2026-09-30 15:54:30 | INFO     | uvicorn.access | 127.0.0.1:36248 - "POST /detection/predict HTTP/1.1" 200
2026-09-30 15:54:30 | INFO     | HIDS_Detection | [e4e91b5b-1ec9-4174-96bf-63908cbc62aa] verdict=BENIGN MAE=0.433681 threshold=0.500000 latency=140.862ms
2026-09-30 15:54:30 | INFO     | HIDS_API | POST /detection/predict status=200 144.47ms
2026-09-30 15:54:30 | INFO     | uvicorn.access | 127.0.0.1:36254 - "POST /detection/predict HTTP/1.1" 200
2026-09-30 15:54:30 | INFO     | HIDS_Detection | [9b828a90-38ce-4322-9341-d070ee8a99e0] verdict=BENIGN MAE=0.460114 threshold=0.500000 latency=133.977ms
2026-09-30 15:54:30 | INFO     | HIDS_API | POST /detection/predict status=200 136.87ms
2026-09-30 15:54:30 | INFO     | uvicorn.access | 127.0.0.1:36268 - "POST /detection/predict HTTP/1.1" 200
2026-09-30 15:54:30 | INFO     | HIDS_Detection | [0df3e300-e37a-4b99-a0b7-9d75ae75a048] verdict=BENIGN MAE=0.443534 threshold=0.500000 latency=134.419ms
2026-09-30 15:54:30 | INFO     | HIDS_API | POST /detection/predict status=200 137.20ms
2026-09-30 15:54:30 | INFO     | uvicorn.access | 127.0.0.1:36276 - "POST /detection/predict HTTP/1.1" 200
2026-09-30 15:54:30 | INFO     | HIDS_Detection | [1e7b3d9e-adf0-421f-9988-62c88d278ecd] verdict=BENIGN MAE=0.467891 threshold=0.500000 latency=90.081ms
2026-09-30 15:54:30 | INFO     | HIDS_API | POST /detection/predict status=200 92.77ms
2026-09-30 15:54:30 | INFO     | uvicorn.access | 127.0.0.1:36284 - "POST /detection/predict HTTP/1.1" 200
2026-09-30 15:54:30 | INFO     | HIDS_Detection | [d16f9045-e98b-44fd-bee8-56bf8c837885] verdict=BENIGN MAE=0.440569 threshold=0.500000 latency=144.849ms
2026-09-30 15:54:30 | INFO     | HIDS_API | POST /detection/predict status=200 147.72ms
2026-09-30 15:54:30 | INFO     | uvicorn.access | 127.0.0.1:36300 - "POST /detection/predict HTTP/1.1" 200
2026-09-30 15:54:30 | INFO     | HIDS_Detection | [02e52df3-c1df-4e98-874d-5d761bbf2c2b] verdict=BENIGN MAE=0.459846 threshold=0.500000 latency=133.11ms
2026-09-30 15:54:30 | INFO     | HIDS_API | POST /detection/predict status=200 135.70ms
2026-09-30 15:54:30 | INFO     | uvicorn.access | 127.0.0.1:36306 - "POST /detection/predict HTTP/1.1" 200
2026-09-30 15:54:31 | INFO     | HIDS_Detection | [5ff51202-84e2-4f86-befc-45078e5cff87] verdict=BENIGN MAE=0.448653 threshold=0.500000 latency=86.453ms
2026-09-30 15:54:31 | INFO     | HIDS_API | POST /detection/predict status=200 88.76ms
2026-09-30 15:54:31 | INFO     | uvicorn.access | 127.0.0.1:36314 - "POST /detection/predict HTTP/1.1" 200
2026-09-30 15:54:31 | INFO     | HIDS_Detection | [5db85f7d-a4f2-4a39-a519-7509eab68acf] verdict=BENIGN MAE=0.441414 threshold=0.500000 latency=145.722ms
2026-09-30 15:54:31 | INFO     | HIDS_API | POST /detection/predict status=200 148.56ms
2026-09-30 15:54:31 | INFO     | uvicorn.access | 127.0.0.1:36320 - "POST /detection/predict HTTP/1.1" 200
2026-09-30 15:54:31 | INFO     | HIDS_Detection | [10fff5a8-7919-4c87-88dc-0ea76b1e0a08] verdict=BENIGN MAE=0.441867 threshold=0.500000 latency=101.64ms
2026-09-30 15:54:31 | INFO     | HIDS_API | POST /detection/predict status=200 104.22ms
2026-09-30 15:54:31 | INFO     | uvicorn.access | 127.0.0.1:36334 - "POST /detection/predict HTTP/1.1" 200
2026-09-30 15:54:31 | INFO     | HIDS_Detection | [7507a2cf-2308-4b38-940d-d23051427d21] verdict=BENIGN MAE=0.467883 threshold=0.500000 latency=89.677ms
2026-09-30 15:54:31 | INFO     | HIDS_API | POST /detection/predict status=200 92.07ms
2026-09-30 15:54:31 | INFO     | uvicorn.access | 127.0.0.1:36348 - "POST /detection/predict HTTP/1.1" 200
2026-09-30 15:54:32 | INFO     | HIDS_Detection | [acf69094-acd5-45de-b2bd-144565d435ca] verdict=BENIGN MAE=0.467749 threshold=0.500000 latency=90.189ms
2026-09-30 15:54:32 | INFO     | HIDS_API | POST /detection/predict status=200 92.16ms
2026-09-30 15:54:32 | INFO     | uvicorn.access | 127.0.0.1:52150 - "POST /detection/predict HTTP/1.1" 200
2026-09-30 15:54:32 | INFO     | HIDS_Detection | [9eae0610-0152-4d11-b15a-e0a77329bff5] verdict=BENIGN MAE=0.468138 threshold=0.500000 latency=128.604ms
2026-09-30 15:54:32 | INFO     | HIDS_API | POST /detection/predict status=200 131.37ms
2026-09-30 15:54:32 | INFO     | uvicorn.access | 127.0.0.1:52166 - "POST /detection/predict HTTP/1.1" 200
2026-09-30 15:54:32 | INFO     | HIDS_Detection | [68755fd9-a01b-4acf-ba6d-b75e497504a4] verdict=BENIGN MAE=0.473131 threshold=0.500000 latency=100.692ms
2026-09-30 15:54:32 | INFO     | HIDS_API | POST /detection/predict status=200 103.17ms
2026-09-30 15:54:32 | INFO     | uvicorn.access | 127.0.0.1:52176 - "POST /detection/predict HTTP/1.1" 200
2026-09-30 15:54:32 | INFO     | HIDS_Detection | [093ed627-7495-4eee-ad28-740649c40c4c] verdict=BENIGN MAE=0.451009 threshold=0.500000 latency=92.49ms
2026-09-30 15:54:32 | INFO     | HIDS_API | POST /detection/predict status=200 99.38ms
2026-09-30 15:54:32 | INFO     | uvicorn.access | 127.0.0.1:52188 - "POST /detection/predict HTTP/1.1" 200
2026-09-30 15:54:32 | INFO     | HIDS_Detection | [816d9bd8-6036-40b0-b3b0-f3e8434c6158] verdict=BENIGN MAE=0.460207 threshold=0.500000 latency=97.39ms
2026-09-30 15:54:32 | INFO     | HIDS_API | POST /detection/predict status=200 99.38ms
2026-09-30 15:54:32 | INFO     | uvicorn.access | 127.0.0.1:52190 - "POST /detection/predict HTTP/1.1" 200
2026-09-30 15:54:32 | INFO     | HIDS_Detection | [01e28506-2e83-4cfd-b787-71eb9fade7d4] verdict=BENIGN MAE=0.451607 threshold=0.500000 latency=87.664ms
2026-09-30 15:54:32 | INFO     | HIDS_API | POST /detection/predict status=200 89.94ms
2026-09-30 15:54:32 | INFO     | uvicorn.access | 127.0.0.1:52200 - "POST /detection/predict HTTP/1.1" 200
2026-09-30 15:54:32 | INFO     | HIDS_Detection | [7a285864-4a24-44e9-aeb1-e4dab6d5512a] verdict=BENIGN MAE=0.451865 threshold=0.500000 latency=88.995ms
2026-09-30 15:54:32 | INFO     | HIDS_API | POST /detection/predict status=200 91.07ms
2026-09-30 15:54:32 | INFO     | uvicorn.access | 127.0.0.1:52216 - "POST /detection/predict HTTP/1.1" 200
2026-09-30 15:54:33 | INFO     | HIDS_Detection | [a78f1845-d3c4-439b-b3d9-023581c12340] verdict=BENIGN MAE=0.451292 threshold=0.500000 latency=89.39ms
2026-09-30 15:54:33 | INFO     | HIDS_API | POST /detection/predict status=200 92.00ms
2026-09-30 15:54:33 | INFO     | uvicorn.access | 127.0.0.1:52220 - "POST /detection/predict HTTP/1.1" 200
2026-09-30 15:54:33 | INFO     | HIDS_Detection | [09d6576f-7ac6-4d14-980a-e16cf29c0995] verdict=BENIGN MAE=0.451004 threshold=0.500000 latency=95.409ms
2026-09-30 15:54:33 | INFO     | HIDS_API | POST /detection/predict status=200 98.18ms
2026-09-30 15:54:33 | INFO     | uvicorn.access | 127.0.0.1:52234 - "POST /detection/predict HTTP/1.1" 200
2026-09-30 15:54:33 | INFO     | HIDS_Detection | [c958d5ce-6454-4907-9f6a-de45c2927b3a] verdict=BENIGN MAE=0.450910 threshold=0.500000 latency=91.795ms
2026-09-30 15:54:33 | INFO     | HIDS_API | POST /detection/predict status=200 94.69ms
2026-09-30 15:54:33 | INFO     | uvicorn.access | 127.0.0.1:52242 - "POST /detection/predict HTTP/1.1" 200
2026-09-30 15:54:33 | INFO     | HIDS_Detection | [1fb0abb2-f949-4120-9705-7d576ca941e9] verdict=BENIGN MAE=0.451190 threshold=0.500000 latency=124.058ms
2026-09-30 15:54:33 | INFO     | HIDS_API | POST /detection/predict status=200 126.62ms
2026-09-30 15:54:33 | INFO     | uvicorn.access | 127.0.0.1:52256 - "POST /detection/predict HTTP/1.1" 200
2026-09-30 15:54:34 | INFO     | HIDS_Detection | [dd02f263-6065-4566-8ec4-717c07a52434] verdict=BENIGN MAE=0.467484 threshold=0.500000 latency=135.123ms
2026-09-30 15:54:34 | INFO     | HIDS_API | POST /detection/predict status=200 139.22ms
2026-09-30 15:54:34 | INFO     | uvicorn.access | 127.0.0.1:52258 - "POST /detection/predict HTTP/1.1" 200
2026-09-30 15:54:34 | INFO     | HIDS_Detection | [14db17a6-892c-4676-8065-1dd38c1c5784] verdict=BENIGN MAE=0.446733 threshold=0.500000 latency=99.377ms
2026-09-30 15:54:34 | INFO     | HIDS_API | POST /detection/predict status=200 101.72ms
2026-09-30 15:54:34 | INFO     | uvicorn.access | 127.0.0.1:52260 - "POST /detection/predict HTTP/1.1" 200
2026-09-30 15:54:34 | INFO     | HIDS_Detection | [2b8ef21c-a2e3-41d1-bb64-79068e5bece8] verdict=BENIGN MAE=0.446733 threshold=0.500000 latency=94.657ms
2026-09-30 15:54:34 | INFO     | HIDS_API | POST /detection/predict status=200 97.38ms
2026-09-30 15:54:34 | INFO     | uvicorn.access | 127.0.0.1:52276 - "POST /detection/predict HTTP/1.1" 200
2026-09-30 15:54:34 | INFO     | HIDS_Detection | [5003187a-0c24-408d-90cf-c56634ce76db] verdict=BENIGN MAE=0.460211 threshold=0.500000 latency=99.129ms
2026-09-30 15:54:34 | INFO     | HIDS_API | POST /detection/predict status=200 101.69ms
2026-09-30 15:54:34 | INFO     | uvicorn.access | 127.0.0.1:52290 - "POST /detection/predict HTTP/1.1" 200
2026-09-30 15:54:34 | INFO     | HIDS_Detection | [b4579579-8f19-4e91-9b7f-d6a6fa8a2f7f] verdict=BENIGN MAE=0.446733 threshold=0.500000 latency=96.34ms
2026-09-30 15:54:34 | INFO     | HIDS_API | POST /detection/predict status=200 99.13ms
2026-09-30 15:54:34 | INFO     | uvicorn.access | 127.0.0.1:52292 - "POST /detection/predict HTTP/1.1" 200
2026-09-30 15:54:34 | INFO     | HIDS_Detection | [615d03a1-9396-4c82-825c-55d2024a846b] verdict=BENIGN MAE=0.468315 threshold=0.500000 latency=83.043ms
2026-09-30 15:54:34 | INFO     | HIDS_API | POST /detection/predict status=200 85.11ms
2026-09-30 15:54:34 | INFO     | uvicorn.access | 127.0.0.1:52298 - "POST /detection/predict HTTP/1.1" 200
2026-09-30 15:54:35 | INFO     | HIDS_Detection | [febcc537-210c-4c81-b203-d46104aab96a] verdict=BENIGN MAE=0.446733 threshold=0.500000 latency=100.79ms
2026-09-30 15:54:35 | INFO     | HIDS_API | POST /detection/predict status=200 103.69ms
2026-09-30 15:54:35 | INFO     | uvicorn.access | 127.0.0.1:52314 - "POST /detection/predict HTTP/1.1" 200
2026-09-30 15:54:35 | INFO     | HIDS_Detection | [fff7ff69-3842-4e5b-936b-eb8386f371b8] verdict=BENIGN MAE=0.460215 threshold=0.500000 latency=93.782ms
2026-09-30 15:54:35 | INFO     | HIDS_API | POST /detection/predict status=200 97.64ms
2026-09-30 15:54:35 | INFO     | uvicorn.access | 127.0.0.1:52320 - "POST /detection/predict HTTP/1.1" 200
2026-09-30 15:54:35 | INFO     | HIDS_Detection | [868eb568-e8b3-4b23-9af5-68ce32255b08] verdict=BENIGN MAE=0.460217 threshold=0.500000 latency=88.482ms
2026-09-30 15:54:35 | INFO     | HIDS_API | POST /detection/predict status=200 91.38ms
2026-09-30 15:54:35 | INFO     | uvicorn.access | 127.0.0.1:52328 - "POST /detection/predict HTTP/1.1" 200
2026-09-30 15:54:35 | INFO     | HIDS_Detection | [6d35e321-d833-45ac-8c2a-80222557b23e] verdict=BENIGN MAE=0.460209 threshold=0.500000 latency=96.982ms
2026-09-30 15:54:35 | INFO     | HIDS_API | POST /detection/predict status=200 98.96ms
2026-09-30 15:54:35 | INFO     | uvicorn.access | 127.0.0.1:52338 - "POST /detection/predict HTTP/1.1" 200
2026-09-30 15:54:35 | INFO     | HIDS_Detection | [2d4f533b-522a-4c2c-bdd7-bcaf3602434f] verdict=BENIGN MAE=0.446734 threshold=0.500000 latency=91.202ms
2026-09-30 15:54:35 | INFO     | HIDS_API | POST /detection/predict status=200 93.75ms
2026-09-30 15:54:35 | INFO     | uvicorn.access | 127.0.0.1:52350 - "POST /detection/predict HTTP/1.1" 200
2026-09-30 15:54:35 | INFO     | HIDS_Detection | [4484e33a-11a7-441b-93f8-a89b9e6c8379] verdict=BENIGN MAE=0.446733 threshold=0.500000 latency=85.918ms
2026-09-30 15:54:35 | INFO     | HIDS_API | POST /detection/predict status=200 87.90ms
2026-09-30 15:54:35 | INFO     | uvicorn.access | 127.0.0.1:52352 - "POST /detection/predict HTTP/1.1" 200
2026-09-30 15:54:35 | INFO     | HIDS_Detection | [a983b123-9f79-4963-aa01-b977044fb470] verdict=BENIGN MAE=0.460212 threshold=0.500000 latency=88.765ms
2026-09-30 15:54:35 | INFO     | HIDS_API | POST /detection/predict status=200 91.60ms
2026-09-30 15:54:35 | INFO     | uvicorn.access | 127.0.0.1:52360 - "POST /detection/predict HTTP/1.1" 200
2026-09-30 15:54:35 | INFO     | HIDS_Detection | [4fa897f2-032c-4ff6-85d4-920f850a971b] verdict=BENIGN MAE=0.446733 threshold=0.500000 latency=87.01ms
2026-09-30 15:54:35 | INFO     | HIDS_API | POST /detection/predict status=200 88.92ms
2026-09-30 15:54:35 | INFO     | uvicorn.access | 127.0.0.1:52374 - "POST /detection/predict HTTP/1.1" 200
2026-09-30 15:54:35 | INFO     | HIDS_Detection | [769eaf14-29c4-490a-9d29-ca5e4891e06e] verdict=BENIGN MAE=0.446733 threshold=0.500000 latency=84.594ms
2026-09-30 15:54:35 | INFO     | HIDS_API | POST /detection/predict status=200 87.40ms
2026-09-30 15:54:35 | INFO     | uvicorn.access | 127.0.0.1:52388 - "POST /detection/predict HTTP/1.1" 200
2026-09-30 15:54:35 | INFO     | HIDS_Detection | [b7564f8a-8d9f-464e-8593-9e6ba10d6053] verdict=BENIGN MAE=0.446734 threshold=0.500000 latency=92.429ms
2026-09-30 15:54:35 | INFO     | HIDS_API | POST /detection/predict status=200 99.55ms
2026-09-30 15:54:35 | INFO     | uvicorn.access | 127.0.0.1:52394 - "POST /detection/predict HTTP/1.1" 200
2026-09-30 15:54:36 | INFO     | HIDS_Detection | [bfce76f1-895b-4a12-857b-5867c4dd7301] verdict=BENIGN MAE=0.460215 threshold=0.500000 latency=122.076ms
2026-09-30 15:54:36 | INFO     | HIDS_API | POST /detection/predict status=200 125.01ms
2026-09-30 15:54:36 | INFO     | uvicorn.access | 127.0.0.1:52398 - "POST /detection/predict HTTP/1.1" 200
2026-09-30 15:54:36 | INFO     | HIDS_Detection | [261584e9-750c-458d-be39-26687ffd58cd] verdict=BENIGN MAE=0.492706 threshold=0.500000 latency=88.888ms
2026-09-30 15:54:36 | INFO     | HIDS_API | POST /detection/predict status=200 91.34ms
2026-09-30 15:54:36 | INFO     | uvicorn.access | 127.0.0.1:52404 - "POST /detection/predict HTTP/1.1" 200
2026-09-30 15:54:36 | INFO     | HIDS_Detection | [5d39ce37-3e3a-4c61-88c7-4f5d3320ec1b] verdict=BENIGN MAE=0.440664 threshold=0.500000 latency=127.565ms
2026-09-30 15:54:36 | INFO     | HIDS_API | POST /detection/predict status=200 130.58ms
2026-09-30 15:54:36 | INFO     | uvicorn.access | 127.0.0.1:52406 - "POST /detection/predict HTTP/1.1" 200
2026-09-30 15:54:36 | INFO     | HIDS_Detection | [a32e5877-832a-4b4a-bfc2-69d536c1b56a] verdict=BENIGN MAE=0.446731 threshold=0.500000 latency=133.302ms
2026-09-30 15:54:36 | INFO     | HIDS_API | POST /detection/predict status=200 136.60ms
2026-09-30 15:54:36 | INFO     | uvicorn.access | 127.0.0.1:52414 - "POST /detection/predict HTTP/1.1" 200
2026-09-30 15:54:36 | INFO     | HIDS_Detection | [16367f85-aa3f-4fba-905c-21f3b59583a3] verdict=BENIGN MAE=0.446719 threshold=0.500000 latency=84.184ms
2026-09-30 15:54:36 | INFO     | HIDS_API | POST /detection/predict status=200 86.71ms
2026-09-30 15:54:36 | INFO     | uvicorn.access | 127.0.0.1:52430 - "POST /detection/predict HTTP/1.1" 200
2026-09-30 15:54:36 | INFO     | HIDS_Detection | [a1e3849a-3c3f-4da0-9bce-32afbb8f680b] verdict=BENIGN MAE=0.446733 threshold=0.500000 latency=86.58ms
2026-09-30 15:54:36 | INFO     | HIDS_API | POST /detection/predict status=200 91.50ms
2026-09-30 15:54:36 | INFO     | uvicorn.access | 127.0.0.1:52442 - "POST /detection/predict HTTP/1.1" 200
2026-09-30 15:54:36 | INFO     | HIDS_Detection | [b39eb682-e1f7-48d6-8edb-b0c25076094a] verdict=BENIGN MAE=0.446717 threshold=0.500000 latency=85.942ms
2026-09-30 15:54:36 | INFO     | HIDS_API | POST /detection/predict status=200 89.29ms
2026-09-30 15:54:36 | INFO     | uvicorn.access | 127.0.0.1:52450 - "POST /detection/predict HTTP/1.1" 200
2026-09-30 15:54:36 | INFO     | HIDS_Detection | [11c6c8ca-8054-4bcc-a929-2421f8173a3c] verdict=BENIGN MAE=0.447637 threshold=0.500000 latency=78.391ms
2026-09-30 15:54:36 | INFO     | HIDS_API | POST /detection/predict status=200 81.18ms
2026-09-30 15:54:36 | INFO     | uvicorn.access | 127.0.0.1:52452 - "POST /detection/predict HTTP/1.1" 200
2026-09-30 15:54:37 | INFO     | HIDS_Detection | [d1716ee8-9664-4a5a-a9fb-837892265e0c] verdict=BENIGN MAE=0.440687 threshold=0.500000 latency=84.409ms
2026-09-30 15:54:37 | INFO     | HIDS_API | POST /detection/predict status=200 86.51ms
2026-09-30 15:54:37 | INFO     | uvicorn.access | 127.0.0.1:52454 - "POST /detection/predict HTTP/1.1" 200
2026-09-30 15:54:37 | INFO     | HIDS_Detection | [0ec66043-5ef6-4440-9c9b-c888f8072767] verdict=BENIGN MAE=0.428977 threshold=0.500000 latency=78.544ms
2026-09-30 15:54:37 | INFO     | HIDS_API | POST /detection/predict status=200 80.42ms
2026-09-30 15:54:37 | INFO     | uvicorn.access | 127.0.0.1:52470 - "POST /detection/predict HTTP/1.1" 200
2026-09-30 15:54:37 | INFO     | HIDS_Detection | [ad52ecd2-b074-49e6-9124-c487329515c2] verdict=BENIGN MAE=0.452966 threshold=0.500000 latency=88.706ms
2026-09-30 15:54:37 | INFO     | HIDS_API | POST /detection/predict status=200 91.21ms
2026-09-30 15:54:37 | INFO     | uvicorn.access | 127.0.0.1:52484 - "POST /detection/predict HTTP/1.1" 200
2026-09-30 15:54:37 | INFO     | HIDS_Detection | [31f98302-9d21-4190-badf-d960a9831d82] verdict=BENIGN MAE=0.446733 threshold=0.500000 latency=93.716ms
2026-09-30 15:54:37 | INFO     | HIDS_API | POST /detection/predict status=200 101.58ms
2026-09-30 15:54:37 | INFO     | uvicorn.access | 127.0.0.1:52496 - "POST /detection/predict HTTP/1.1" 200
2026-09-30 15:54:37 | INFO     | HIDS_Detection | [44e4a8f1-e9e1-4a89-9318-10e047f96ee2] verdict=BENIGN MAE=0.446733 threshold=0.500000 latency=78.912ms
2026-09-30 15:54:37 | INFO     | HIDS_API | POST /detection/predict status=200 81.58ms
2026-09-30 15:54:37 | INFO     | uvicorn.access | 127.0.0.1:52508 - "POST /detection/predict HTTP/1.1" 200
2026-09-30 15:54:37 | INFO     | HIDS_Detection | [38b0bb47-f7ce-4bf5-9272-502dc9a2df75] verdict=BENIGN MAE=0.446733 threshold=0.500000 latency=83.69ms
2026-09-30 15:54:37 | INFO     | HIDS_API | POST /detection/predict status=200 87.36ms
2026-09-30 15:54:37 | INFO     | uvicorn.access | 127.0.0.1:52516 - "POST /detection/predict HTTP/1.1" 200
2026-09-30 15:54:37 | INFO     | HIDS_Detection | [a700b554-a192-41a4-9cd1-941d792e59fc] verdict=MALICIOUS MAE=0.501822 threshold=0.500000 latency=83.022ms
2026-09-30 15:54:37 | INFO     | HIDS_API | POST /detection/predict status=200 85.10ms
2026-09-30 15:54:37 | INFO     | uvicorn.access | 127.0.0.1:52528 - "POST /detection/predict HTTP/1.1" 200
2026-09-30 15:54:37 | INFO     | HIDS_Detection | [52a3a036-c180-488d-a135-0f56d8b601d0] verdict=BENIGN MAE=0.432962 threshold=0.500000 latency=81.852ms
2026-09-30 15:54:37 | INFO     | HIDS_API | POST /detection/predict status=200 84.37ms
2026-09-30 15:54:37 | INFO     | uvicorn.access | 127.0.0.1:52542 - "POST /detection/predict HTTP/1.1" 200
2026-09-30 15:54:37 | INFO     | HIDS_Detection | [361f9a10-d184-4589-a63c-be5f05eed4b4] verdict=BENIGN MAE=0.483974 threshold=0.500000 latency=88.037ms
2026-09-30 15:54:37 | INFO     | HIDS_API | POST /detection/predict status=200 90.70ms
2026-09-30 15:54:37 | INFO     | uvicorn.access | 127.0.0.1:52550 - "POST /detection/predict HTTP/1.1" 200
2026-09-30 15:54:37 | INFO     | HIDS_Detection | [0407c5ac-3444-4725-8e2c-85eedb0e486f] verdict=BENIGN MAE=0.489738 threshold=0.500000 latency=77.789ms
2026-09-30 15:54:37 | INFO     | HIDS_API | POST /detection/predict status=200 80.55ms
2026-09-30 15:54:37 | INFO     | uvicorn.access | 127.0.0.1:52564 - "POST /detection/predict HTTP/1.1" 200
2026-09-30 15:54:38 | INFO     | HIDS_Detection | [1f2c0e80-1888-4b67-b329-0cc9f486ef52] verdict=BENIGN MAE=0.427538 threshold=0.500000 latency=87.053ms
2026-09-30 15:54:38 | INFO     | HIDS_API | POST /detection/predict status=200 89.51ms
2026-09-30 15:54:38 | INFO     | uvicorn.access | 127.0.0.1:52568 - "POST /detection/predict HTTP/1.1" 200
2026-09-30 15:54:38 | INFO     | HIDS_Detection | [229bd417-56d8-4cd7-964c-5039be685dc4] verdict=BENIGN MAE=0.420506 threshold=0.500000 latency=87.249ms
2026-09-30 15:54:38 | INFO     | HIDS_API | POST /detection/predict status=200 90.00ms
2026-09-30 15:54:38 | INFO     | uvicorn.access | 127.0.0.1:52584 - "POST /detection/predict HTTP/1.1" 200
2026-09-30 15:54:38 | INFO     | HIDS_Detection | [eddeb5c4-0100-47b0-a2f0-91a05d7d59cb] verdict=BENIGN MAE=0.442719 threshold=0.500000 latency=79.74ms
2026-09-30 15:54:38 | INFO     | HIDS_API | POST /detection/predict status=200 82.25ms
2026-09-30 15:54:38 | INFO     | uvicorn.access | 127.0.0.1:52590 - "POST /detection/predict HTTP/1.1" 200
2026-09-30 15:54:38 | INFO     | HIDS_Detection | [2d34c394-7215-4e41-ac4b-6c7ef49bdaf4] verdict=BENIGN MAE=0.494844 threshold=0.500000 latency=85.784ms
2026-09-30 15:54:38 | INFO     | HIDS_API | POST /detection/predict status=200 88.48ms
2026-09-30 15:54:38 | INFO     | uvicorn.access | 127.0.0.1:52596 - "POST /detection/predict HTTP/1.1" 200
2026-09-30 15:54:38 | INFO     | HIDS_Detection | [fd611c5b-70ec-41a4-a054-54db2183477e] verdict=BENIGN MAE=0.494886 threshold=0.500000 latency=94.822ms
2026-09-30 15:54:38 | INFO     | HIDS_API | POST /detection/predict status=200 97.08ms
2026-09-30 15:54:38 | INFO     | uvicorn.access | 127.0.0.1:52606 - "POST /detection/predict HTTP/1.1" 200
2026-09-30 15:54:38 | INFO     | HIDS_Detection | [bfa1154f-c92a-48d3-a8d3-6f9bc4adcc46] verdict=BENIGN MAE=0.437593 threshold=0.500000 latency=111.124ms
2026-09-30 15:54:38 | INFO     | HIDS_API | POST /detection/predict status=200 113.51ms
2026-09-30 15:54:38 | INFO     | uvicorn.access | 127.0.0.1:52614 - "POST /detection/predict HTTP/1.1" 200
2026-09-30 15:54:38 | INFO     | HIDS_Detection | [8b7c485e-a706-43b4-b764-bcd78fc1db3a] verdict=BENIGN MAE=0.438947 threshold=0.500000 latency=88.543ms
2026-09-30 15:54:38 | INFO     | HIDS_API | POST /detection/predict status=200 91.30ms
2026-09-30 15:54:38 | INFO     | uvicorn.access | 127.0.0.1:52626 - "POST /detection/predict HTTP/1.1" 200
2026-09-30 15:54:38 | INFO     | HIDS_Detection | [c8372aae-a208-4fae-9d7e-c0eb9ff5b7a7] verdict=MALICIOUS MAE=0.501183 threshold=0.500000 latency=105.833ms
2026-09-30 15:54:38 | INFO     | HIDS_API | POST /detection/predict status=200 107.70ms
2026-09-30 15:54:38 | INFO     | uvicorn.access | 127.0.0.1:52640 - "POST /detection/predict HTTP/1.1" 200
2026-09-30 15:54:38 | INFO     | HIDS_Detection | [69241434-ffef-4240-a57f-5becdf846b1e] verdict=BENIGN MAE=0.451019 threshold=0.500000 latency=95.175ms
2026-09-30 15:54:38 | INFO     | HIDS_API | POST /detection/predict status=200 97.47ms
2026-09-30 15:54:38 | INFO     | uvicorn.access | 127.0.0.1:52642 - "POST /detection/predict HTTP/1.1" 200
2026-09-30 15:54:39 | INFO     | HIDS_Detection | [e5e66286-2125-4802-8291-08f1f99e8f07] verdict=BENIGN MAE=0.434960 threshold=0.500000 latency=82.392ms
2026-09-30 15:54:39 | INFO     | HIDS_API | POST /detection/predict status=200 85.03ms
2026-09-30 15:54:39 | INFO     | uvicorn.access | 127.0.0.1:52658 - "POST /detection/predict HTTP/1.1" 200
2026-09-30 15:54:39 | INFO     | HIDS_Detection | [9626c1e0-9ef1-44b1-9b05-2ac6cd08407d] verdict=BENIGN MAE=0.460666 threshold=0.500000 latency=92.818ms
2026-09-30 15:54:39 | INFO     | HIDS_API | POST /detection/predict status=200 95.17ms
2026-09-30 15:54:39 | INFO     | uvicorn.access | 127.0.0.1:52662 - "POST /detection/predict HTTP/1.1" 200
2026-09-30 15:54:39 | INFO     | HIDS_Detection | [c3c82288-8a3d-4cf8-bf4b-f9449a388c42] verdict=BENIGN MAE=0.438453 threshold=0.500000 latency=93.313ms
2026-09-30 15:54:39 | INFO     | HIDS_API | POST /detection/predict status=200 95.40ms
2026-09-30 15:54:39 | INFO     | uvicorn.access | 127.0.0.1:52674 - "POST /detection/predict HTTP/1.1" 200
2026-09-30 15:54:39 | INFO     | HIDS_Detection | [c01722a6-7b32-4a47-8cb4-98d97dd371b7] verdict=BENIGN MAE=0.470830 threshold=0.500000 latency=79.091ms
2026-09-30 15:54:39 | INFO     | HIDS_API | POST /detection/predict status=200 81.52ms
2026-09-30 15:54:39 | INFO     | uvicorn.access | 127.0.0.1:52684 - "POST /detection/predict HTTP/1.1" 200
2026-09-30 15:54:39 | INFO     | HIDS_Detection | [0d3f7494-f4e5-47e5-b81b-03bd5fcc2c2d] verdict=BENIGN MAE=0.454798 threshold=0.500000 latency=85.512ms
2026-09-30 15:54:39 | INFO     | HIDS_API | POST /detection/predict status=200 87.64ms
2026-09-30 15:54:39 | INFO     | uvicorn.access | 127.0.0.1:52686 - "POST /detection/predict HTTP/1.1" 200
2026-09-30 15:54:39 | INFO     | HIDS_Detection | [f59b9f6a-c991-4652-8018-50ff4653785a] verdict=BENIGN MAE=0.439136 threshold=0.500000 latency=92.418ms
2026-09-30 15:54:39 | INFO     | HIDS_API | POST /detection/predict status=200 95.02ms
2026-09-30 15:54:39 | INFO     | uvicorn.access | 127.0.0.1:52698 - "POST /detection/predict HTTP/1.1" 200
2026-09-30 15:54:39 | INFO     | HIDS_Detection | [52e7e3e1-37b4-4220-acb4-0bbb3dea2af8] verdict=BENIGN MAE=0.468346 threshold=0.500000 latency=152.033ms
2026-09-30 15:54:39 | INFO     | HIDS_API | POST /detection/predict status=200 155.31ms
2026-09-30 15:54:39 | INFO     | uvicorn.access | 127.0.0.1:52702 - "POST /detection/predict HTTP/1.1" 200
2026-09-30 15:54:39 | INFO     | HIDS_Detection | [13619ebd-6727-48be-a4df-e68e56203f9d] verdict=BENIGN MAE=0.424507 threshold=0.500000 latency=150.628ms
2026-09-30 15:54:39 | INFO     | HIDS_API | POST /detection/predict status=200 154.05ms
2026-09-30 15:54:39 | INFO     | uvicorn.access | 127.0.0.1:52712 - "POST /detection/predict HTTP/1.1" 200
2026-09-30 15:54:39 | INFO     | uvicorn.access | 127.0.0.1:52714 - "GET /ready HTTP/1.1" 200
2026-09-30 15:54:40 | INFO     | HIDS_Detection | [a1d4410d-be08-42bb-a05a-a32e7984051a] verdict=BENIGN MAE=0.429851 threshold=0.500000 latency=100.447ms
2026-09-30 15:54:40 | INFO     | HIDS_API | POST /detection/predict status=200 102.66ms
2026-09-30 15:54:40 | INFO     | uvicorn.access | 127.0.0.1:52724 - "POST /detection/predict HTTP/1.1" 200
2026-09-30 15:54:40 | INFO     | HIDS_Detection | [57f6dce8-6145-4445-baed-29dd4c300dcf] verdict=BENIGN MAE=0.432549 threshold=0.500000 latency=79.779ms
2026-09-30 15:54:40 | INFO     | HIDS_API | POST /detection/predict status=200 82.10ms
2026-09-30 15:54:40 | INFO     | uvicorn.access | 127.0.0.1:52730 - "POST /detection/predict HTTP/1.1" 200
2026-09-30 15:54:40 | INFO     | HIDS_Detection | [54a0badc-aadb-4158-8123-bd28c16aac06] verdict=BENIGN MAE=0.432135 threshold=0.500000 latency=88.952ms
2026-09-30 15:54:40 | INFO     | HIDS_API | POST /detection/predict status=200 91.08ms
2026-09-30 15:54:40 | INFO     | uvicorn.access | 127.0.0.1:52744 - "POST /detection/predict HTTP/1.1" 200
2026-09-30 15:54:40 | INFO     | HIDS_Detection | [15eea3d4-1de6-4b5f-ad73-37a7c6a459e8] verdict=BENIGN MAE=0.460475 threshold=0.500000 latency=81.722ms
2026-09-30 15:54:40 | INFO     | HIDS_API | POST /detection/predict status=200 83.89ms
2026-09-30 15:54:40 | INFO     | uvicorn.access | 127.0.0.1:52754 - "POST /detection/predict HTTP/1.1" 200
2026-09-30 15:54:40 | INFO     | HIDS_Detection | [8e412e8d-b7d3-4786-8e31-a4c9be3b0e83] verdict=BENIGN MAE=0.452757 threshold=0.500000 latency=88.396ms
2026-09-30 15:54:40 | INFO     | HIDS_API | POST /detection/predict status=200 90.73ms
2026-09-30 15:54:40 | INFO     | uvicorn.access | 127.0.0.1:52758 - "POST /detection/predict HTTP/1.1" 200
2026-09-30 15:54:40 | INFO     | HIDS_Detection | [b7f2ea2f-5f8a-4a1d-b69a-2f8fb1f85688] verdict=BENIGN MAE=0.444388 threshold=0.500000 latency=89.642ms
2026-09-30 15:54:40 | INFO     | HIDS_API | POST /detection/predict status=200 96.50ms
2026-09-30 15:54:40 | INFO     | uvicorn.access | 127.0.0.1:52768 - "POST /detection/predict HTTP/1.1" 200
2026-09-30 15:54:40 | INFO     | HIDS_Detection | [34012bbf-030c-4b7a-988f-da5880ec7ff7] verdict=BENIGN MAE=0.438978 threshold=0.500000 latency=91.876ms
2026-09-30 15:54:40 | INFO     | HIDS_API | POST /detection/predict status=200 94.34ms
2026-09-30 15:54:40 | INFO     | uvicorn.access | 127.0.0.1:52780 - "POST /detection/predict HTTP/1.1" 200
2026-09-30 15:54:40 | INFO     | HIDS_Detection | [d4ca1bbb-2cb3-47bc-81e0-dedc31f1e310] verdict=BENIGN MAE=0.453415 threshold=0.500000 latency=88.632ms
2026-09-30 15:54:40 | INFO     | HIDS_API | POST /detection/predict status=200 92.11ms
2026-09-30 15:54:40 | INFO     | uvicorn.access | 127.0.0.1:52794 - "POST /detection/predict HTTP/1.1" 200
2026-09-30 15:54:40 | INFO     | HIDS_Detection | [85bdf996-6da0-4732-85c2-e910df0e7979] verdict=BENIGN MAE=0.420077 threshold=0.500000 latency=98.587ms
2026-09-30 15:54:40 | INFO     | HIDS_API | POST /detection/predict status=200 100.60ms
2026-09-30 15:54:40 | INFO     | uvicorn.access | 127.0.0.1:52804 - "POST /detection/predict HTTP/1.1" 200
2026-09-30 15:54:41 | INFO     | HIDS_Detection | [2e903561-5105-4962-9019-9553d8300d72] verdict=BENIGN MAE=0.453396 threshold=0.500000 latency=80.844ms
2026-09-30 15:54:41 | INFO     | HIDS_API | POST /detection/predict status=200 87.80ms
2026-09-30 15:54:41 | INFO     | uvicorn.access | 127.0.0.1:52808 - "POST /detection/predict HTTP/1.1" 200
2026-09-30 15:54:41 | INFO     | HIDS_Detection | [66b1bec5-2a9b-463a-86e8-dc0804ba39f4] verdict=BENIGN MAE=0.454943 threshold=0.500000 latency=78.853ms
2026-09-30 15:54:41 | INFO     | HIDS_API | POST /detection/predict status=200 83.61ms
2026-09-30 15:54:41 | INFO     | uvicorn.access | 127.0.0.1:52810 - "POST /detection/predict HTTP/1.1" 200
2026-09-30 15:54:41 | INFO     | HIDS_Detection | [e834205a-13b7-4131-9cf2-22d319c43504] verdict=BENIGN MAE=0.453710 threshold=0.500000 latency=80.944ms
2026-09-30 15:54:41 | INFO     | HIDS_API | POST /detection/predict status=200 82.83ms
2026-09-30 15:54:41 | INFO     | uvicorn.access | 127.0.0.1:52822 - "POST /detection/predict HTTP/1.1" 200
2026-09-30 15:54:41 | INFO     | HIDS_Detection | [273826d1-afbd-4d14-9186-3cdad27a9309] verdict=BENIGN MAE=0.490981 threshold=0.500000 latency=102.34ms
2026-09-30 15:54:41 | INFO     | HIDS_API | POST /detection/predict status=200 104.32ms
2026-09-30 15:54:41 | INFO     | uvicorn.access | 127.0.0.1:52828 - "POST /detection/predict HTTP/1.1" 200
2026-09-30 15:54:41 | INFO     | HIDS_Detection | [1b3b4704-8d8d-43a2-a047-5d76472142fe] verdict=BENIGN MAE=0.438507 threshold=0.500000 latency=88.805ms
2026-09-30 15:54:41 | INFO     | HIDS_API | POST /detection/predict status=200 91.56ms
2026-09-30 15:54:41 | INFO     | uvicorn.access | 127.0.0.1:52832 - "POST /detection/predict HTTP/1.1" 200
2026-09-30 15:54:41 | INFO     | HIDS_Detection | [48e18955-f926-43c1-9e4e-58f0af2dc840] verdict=BENIGN MAE=0.470594 threshold=0.500000 latency=80.882ms
2026-09-30 15:54:41 | INFO     | HIDS_API | POST /detection/predict status=200 83.63ms
2026-09-30 15:54:41 | INFO     | uvicorn.access | 127.0.0.1:52846 - "POST /detection/predict HTTP/1.1" 200
2026-09-30 15:54:41 | INFO     | HIDS_Detection | [26114d30-5434-4394-9502-a4f8aed880bc] verdict=BENIGN MAE=0.455823 threshold=0.500000 latency=91.873ms
2026-09-30 15:54:41 | INFO     | HIDS_API | POST /detection/predict status=200 94.15ms
2026-09-30 15:54:41 | INFO     | uvicorn.access | 127.0.0.1:52850 - "POST /detection/predict HTTP/1.1" 200
2026-09-30 15:54:41 | INFO     | HIDS_Detection | [052dce36-5f32-4244-9a2d-bcd1017cccd4] verdict=BENIGN MAE=0.491475 threshold=0.500000 latency=85.518ms
2026-09-30 15:54:41 | INFO     | HIDS_API | POST /detection/predict status=200 87.70ms
2026-09-30 15:54:41 | INFO     | uvicorn.access | 127.0.0.1:38804 - "POST /detection/predict HTTP/1.1" 200
2026-09-30 15:54:41 | INFO     | HIDS_Detection | [cefbbadf-db94-4659-84fe-f62e36a32bbd] verdict=BENIGN MAE=0.454575 threshold=0.500000 latency=80.985ms
2026-09-30 15:54:41 | INFO     | HIDS_API | POST /detection/predict status=200 83.57ms
2026-09-30 15:54:41 | INFO     | uvicorn.access | 127.0.0.1:38812 - "POST /detection/predict HTTP/1.1" 200
2026-09-30 15:54:41 | INFO     | HIDS_Detection | [a023954b-02a2-43c1-b8da-e36132b88b02] verdict=BENIGN MAE=0.442005 threshold=0.500000 latency=105.978ms
2026-09-30 15:54:41 | INFO     | HIDS_API | POST /detection/predict status=200 108.28ms
2026-09-30 15:54:41 | INFO     | uvicorn.access | 127.0.0.1:38828 - "POST /detection/predict HTTP/1.1" 200
2026-09-30 15:54:42 | INFO     | HIDS_Detection | [8bf31349-c4af-4b3e-ba31-f6f0d8c9885c] verdict=BENIGN MAE=0.460943 threshold=0.500000 latency=87.037ms
2026-09-30 15:54:42 | INFO     | HIDS_API | POST /detection/predict status=200 89.04ms
2026-09-30 15:54:42 | INFO     | uvicorn.access | 127.0.0.1:38842 - "POST /detection/predict HTTP/1.1" 200
2026-09-30 15:54:42 | INFO     | HIDS_Detection | [0f2371c0-c33f-493e-a5b1-0d0e68608a98] verdict=BENIGN MAE=0.454128 threshold=0.500000 latency=82.124ms
2026-09-30 15:54:42 | INFO     | HIDS_API | POST /detection/predict status=200 83.97ms
2026-09-30 15:54:42 | INFO     | uvicorn.access | 127.0.0.1:38856 - "POST /detection/predict HTTP/1.1" 200
2026-09-30 15:54:42 | INFO     | HIDS_Detection | [d65422f2-41c3-44e7-8f3e-2b7423b53c32] verdict=BENIGN MAE=0.454851 threshold=0.500000 latency=95.387ms
2026-09-30 15:54:42 | INFO     | HIDS_API | POST /detection/predict status=200 97.81ms
2026-09-30 15:54:42 | INFO     | uvicorn.access | 127.0.0.1:38872 - "POST /detection/predict HTTP/1.1" 200
2026-09-30 15:54:42 | INFO     | HIDS_Detection | [893da1de-19e5-4374-a202-eff6576bf3ca] verdict=BENIGN MAE=0.453250 threshold=0.500000 latency=89.862ms
2026-09-30 15:54:42 | INFO     | HIDS_API | POST /detection/predict status=200 91.85ms
2026-09-30 15:54:42 | INFO     | uvicorn.access | 127.0.0.1:38888 - "POST /detection/predict HTTP/1.1" 200
2026-09-30 15:54:42 | INFO     | HIDS_Detection | [303cb1e3-8b56-4153-ab7c-f0ab968be564] verdict=BENIGN MAE=0.454174 threshold=0.500000 latency=76.681ms
2026-09-30 15:54:42 | INFO     | HIDS_API | POST /detection/predict status=200 78.89ms
2026-09-30 15:54:42 | INFO     | uvicorn.access | 127.0.0.1:38898 - "POST /detection/predict HTTP/1.1" 200
2026-09-30 15:54:42 | INFO     | HIDS_Detection | [794d7d75-638c-49f1-b638-e4380aeb334b] verdict=BENIGN MAE=0.454884 threshold=0.500000 latency=81.667ms
2026-09-30 15:54:42 | INFO     | HIDS_API | POST /detection/predict status=200 83.65ms
2026-09-30 15:54:42 | INFO     | uvicorn.access | 127.0.0.1:38904 - "POST /detection/predict HTTP/1.1" 200
2026-09-30 15:54:42 | INFO     | HIDS_Detection | [9cfeb1b7-5ff8-411b-8084-e4beb4d51e47] verdict=BENIGN MAE=0.455042 threshold=0.500000 latency=130.277ms
2026-09-30 15:54:42 | INFO     | HIDS_API | POST /detection/predict status=200 132.52ms
2026-09-30 15:54:42 | INFO     | uvicorn.access | 127.0.0.1:38910 - "POST /detection/predict HTTP/1.1" 200
2026-09-30 15:54:42 | INFO     | HIDS_Detection | [4bfb3876-b3ed-438a-b040-4896ff2ac4b4] verdict=BENIGN MAE=0.447994 threshold=0.500000 latency=88.924ms
2026-09-30 15:54:42 | INFO     | HIDS_API | POST /detection/predict status=200 91.45ms
2026-09-30 15:54:42 | INFO     | uvicorn.access | 127.0.0.1:38916 - "POST /detection/predict HTTP/1.1" 200
2026-09-30 15:54:42 | INFO     | HIDS_Detection | [532b4cb2-f460-47c2-9611-297fe8e5638b] verdict=BENIGN MAE=0.454058 threshold=0.500000 latency=81.325ms
2026-09-30 15:54:42 | INFO     | HIDS_API | POST /detection/predict status=200 83.94ms
2026-09-30 15:54:42 | INFO     | uvicorn.access | 127.0.0.1:38926 - "POST /detection/predict HTTP/1.1" 200
2026-09-30 15:54:42 | INFO     | HIDS_Detection | [181f977c-ed29-44c0-a3da-5188e8a84e92] verdict=BENIGN MAE=0.471462 threshold=0.500000 latency=93.316ms
2026-09-30 15:54:42 | INFO     | HIDS_API | POST /detection/predict status=200 95.73ms
2026-09-30 15:54:42 | INFO     | uvicorn.access | 127.0.0.1:38934 - "POST /detection/predict HTTP/1.1" 200
2026-09-30 15:54:43 | INFO     | HIDS_Detection | [bc35a5a8-b1ec-43c3-8e8e-abdbbf434915] verdict=BENIGN MAE=0.454854 threshold=0.500000 latency=90.148ms
2026-09-30 15:54:43 | INFO     | HIDS_API | POST /detection/predict status=200 92.69ms
2026-09-30 15:54:43 | INFO     | uvicorn.access | 127.0.0.1:38942 - "POST /detection/predict HTTP/1.1" 200
2026-09-30 15:54:43 | INFO     | HIDS_Detection | [173431a4-3d80-4084-b47e-39e1183eeb6c] verdict=BENIGN MAE=0.437435 threshold=0.500000 latency=89.74ms
2026-09-30 15:54:43 | INFO     | HIDS_API | POST /detection/predict status=200 93.09ms
2026-09-30 15:54:43 | INFO     | uvicorn.access | 127.0.0.1:38948 - "POST /detection/predict HTTP/1.1" 200
2026-09-30 15:54:43 | INFO     | HIDS_Detection | [ce1ecae1-c796-4cd9-ad77-1b0be17e0651] verdict=BENIGN MAE=0.453373 threshold=0.500000 latency=83.257ms
2026-09-30 15:54:43 | INFO     | HIDS_API | POST /detection/predict status=200 86.25ms
2026-09-30 15:54:43 | INFO     | uvicorn.access | 127.0.0.1:38962 - "POST /detection/predict HTTP/1.1" 200
2026-09-30 15:54:43 | INFO     | HIDS_Detection | [87203d37-eadc-4b52-a947-33bec6a3bb5d] verdict=BENIGN MAE=0.454114 threshold=0.500000 latency=89.384ms
2026-09-30 15:54:43 | INFO     | HIDS_API | POST /detection/predict status=200 92.14ms
2026-09-30 15:54:43 | INFO     | uvicorn.access | 127.0.0.1:38970 - "POST /detection/predict HTTP/1.1" 200
2026-09-30 15:54:43 | INFO     | HIDS_Detection | [48e475f8-dd7b-45df-87ab-d90b8a9d4870] verdict=BENIGN MAE=0.453477 threshold=0.500000 latency=82.046ms
2026-09-30 15:54:43 | INFO     | HIDS_API | POST /detection/predict status=200 85.50ms
2026-09-30 15:54:43 | INFO     | uvicorn.access | 127.0.0.1:38974 - "POST /detection/predict HTTP/1.1" 200
2026-09-30 15:54:43 | INFO     | HIDS_Detection | [d4d2e5d4-c207-47c5-868c-7153a34d4762] verdict=BENIGN MAE=0.454521 threshold=0.500000 latency=86.965ms
2026-09-30 15:54:43 | INFO     | HIDS_API | POST /detection/predict status=200 89.62ms
2026-09-30 15:54:43 | INFO     | uvicorn.access | 127.0.0.1:38982 - "POST /detection/predict HTTP/1.1" 200
2026-09-30 15:54:43 | INFO     | HIDS_Detection | [955f3902-9f44-405f-a348-e0e5f6fa0845] verdict=BENIGN MAE=0.453703 threshold=0.500000 latency=87.701ms
2026-09-30 15:54:43 | INFO     | HIDS_API | POST /detection/predict status=200 90.03ms
2026-09-30 15:54:43 | INFO     | uvicorn.access | 127.0.0.1:38984 - "POST /detection/predict HTTP/1.1" 200
2026-09-30 15:54:43 | INFO     | HIDS_Detection | [3a88acba-701a-42c5-ad4c-6c891eae5fc7] verdict=BENIGN MAE=0.454294 threshold=0.500000 latency=108.303ms
2026-09-30 15:54:43 | INFO     | HIDS_API | POST /detection/predict status=200 110.99ms
2026-09-30 15:54:43 | INFO     | uvicorn.access | 127.0.0.1:38996 - "POST /detection/predict HTTP/1.1" 200
2026-09-30 15:54:43 | INFO     | HIDS_Detection | [2d94f5e8-10b8-4ff9-a7a5-dc14aa08184e] verdict=BENIGN MAE=0.451751 threshold=0.500000 latency=85.029ms
2026-09-30 15:54:43 | INFO     | HIDS_API | POST /detection/predict status=200 87.01ms
2026-09-30 15:54:43 | INFO     | uvicorn.access | 127.0.0.1:39000 - "POST /detection/predict HTTP/1.1" 200
2026-09-30 15:54:44 | INFO     | HIDS_Detection | [41c09268-1f60-443d-9b9c-d3dab0c3f993] verdict=BENIGN MAE=0.454170 threshold=0.500000 latency=87.364ms
2026-09-30 15:54:44 | INFO     | HIDS_API | POST /detection/predict status=200 89.85ms
2026-09-30 15:54:44 | INFO     | uvicorn.access | 127.0.0.1:39002 - "POST /detection/predict HTTP/1.1" 200
2026-09-30 15:54:44 | INFO     | HIDS_Detection | [957ae38a-e6ba-4fcb-bb23-1b957b8f5fc7] verdict=BENIGN MAE=0.453943 threshold=0.500000 latency=100.998ms
2026-09-30 15:54:44 | INFO     | HIDS_API | POST /detection/predict status=200 103.08ms
2026-09-30 15:54:44 | INFO     | uvicorn.access | 127.0.0.1:39012 - "POST /detection/predict HTTP/1.1" 200
2026-09-30 15:54:44 | INFO     | HIDS_Detection | [12c59812-84fe-42c0-b777-f0764df5a505] verdict=BENIGN MAE=0.460944 threshold=0.500000 latency=87.471ms
2026-09-30 15:54:44 | INFO     | HIDS_API | POST /detection/predict status=200 90.19ms
2026-09-30 15:54:44 | INFO     | uvicorn.access | 127.0.0.1:39026 - "POST /detection/predict HTTP/1.1" 200
2026-09-30 15:54:44 | INFO     | HIDS_Detection | [8a4072b7-0bde-43c6-ba0b-684065359357] verdict=BENIGN MAE=0.454091 threshold=0.500000 latency=84.146ms
2026-09-30 15:54:44 | INFO     | HIDS_API | POST /detection/predict status=200 86.76ms
2026-09-30 15:54:44 | INFO     | uvicorn.access | 127.0.0.1:39032 - "POST /detection/predict HTTP/1.1" 200
2026-09-30 15:54:44 | INFO     | HIDS_Detection | [f4e6adc6-901d-43ae-add6-7669f6f88c3c] verdict=BENIGN MAE=0.460921 threshold=0.500000 latency=152.81ms
2026-09-30 15:54:44 | INFO     | HIDS_API | POST /detection/predict status=200 155.66ms
2026-09-30 15:54:44 | INFO     | uvicorn.access | 127.0.0.1:39042 - "POST /detection/predict HTTP/1.1" 200
2026-09-30 15:54:44 | INFO     | HIDS_Detection | [a2ff81b4-5910-4533-8af1-968e208ad2e8] verdict=BENIGN MAE=0.442759 threshold=0.500000 latency=167.232ms
2026-09-30 15:54:44 | INFO     | HIDS_API | POST /detection/predict status=200 171.59ms
2026-09-30 15:54:44 | INFO     | uvicorn.access | 127.0.0.1:39050 - "POST /detection/predict HTTP/1.1" 200
2026-09-30 15:54:44 | INFO     | HIDS_Detection | [2ac2f41c-1b69-45ce-84eb-fa74ce7a88f3] verdict=BENIGN MAE=0.460673 threshold=0.500000 latency=125.02ms
2026-09-30 15:54:44 | INFO     | HIDS_API | POST /detection/predict status=200 129.89ms
2026-09-30 15:54:44 | INFO     | uvicorn.access | 127.0.0.1:39058 - "POST /detection/predict HTTP/1.1" 200
2026-09-30 15:54:44 | INFO     | HIDS_Detection | [85b3c04b-04d5-48a6-a95e-0fbf967f2f54] verdict=BENIGN MAE=0.443327 threshold=0.500000 latency=90.895ms
2026-09-30 15:54:44 | INFO     | HIDS_API | POST /detection/predict status=200 92.93ms
2026-09-30 15:54:44 | INFO     | uvicorn.access | 127.0.0.1:39072 - "POST /detection/predict HTTP/1.1" 200
2026-09-30 15:54:45 | INFO     | HIDS_Detection | [bf42578d-9f09-4434-8039-f6c17ad66073] verdict=BENIGN MAE=0.453304 threshold=0.500000 latency=90.503ms
2026-09-30 15:54:45 | INFO     | HIDS_API | POST /detection/predict status=200 92.61ms
2026-09-30 15:54:45 | INFO     | uvicorn.access | 127.0.0.1:39084 - "POST /detection/predict HTTP/1.1" 200
2026-09-30 15:54:45 | INFO     | HIDS_Detection | [59e637a3-b4ed-492f-941e-a1735fdf83f5] verdict=BENIGN MAE=0.453985 threshold=0.500000 latency=85.222ms
2026-09-30 15:54:45 | INFO     | HIDS_API | POST /detection/predict status=200 87.85ms
2026-09-30 15:54:45 | INFO     | uvicorn.access | 127.0.0.1:39100 - "POST /detection/predict HTTP/1.1" 200
2026-09-30 15:54:45 | INFO     | HIDS_Detection | [21a59506-9b6d-483e-b67b-50a888cae453] verdict=BENIGN MAE=0.452072 threshold=0.500000 latency=90.622ms
2026-09-30 15:54:45 | INFO     | HIDS_API | POST /detection/predict status=200 93.44ms
2026-09-30 15:54:45 | INFO     | uvicorn.access | 127.0.0.1:39110 - "POST /detection/predict HTTP/1.1" 200
2026-09-30 15:54:45 | INFO     | HIDS_Detection | [07b19000-6e58-4e8e-aa6a-79e83e0189cc] verdict=BENIGN MAE=0.454529 threshold=0.500000 latency=82.901ms
2026-09-30 15:54:45 | INFO     | HIDS_API | POST /detection/predict status=200 84.91ms
2026-09-30 15:54:45 | INFO     | uvicorn.access | 127.0.0.1:39120 - "POST /detection/predict HTTP/1.1" 200
2026-09-30 15:54:45 | INFO     | HIDS_Detection | [7ac34672-8d5f-42f5-b479-49ef9b569f59] verdict=BENIGN MAE=0.431649 threshold=0.500000 latency=86.409ms
2026-09-30 15:54:45 | INFO     | HIDS_API | POST /detection/predict status=200 89.15ms
2026-09-30 15:54:45 | INFO     | uvicorn.access | 127.0.0.1:39122 - "POST /detection/predict HTTP/1.1" 200
2026-09-30 15:54:45 | INFO     | HIDS_Detection | [4d84f24b-537e-472c-89bb-077bdacf0f3a] verdict=BENIGN MAE=0.447132 threshold=0.500000 latency=80.524ms
2026-09-30 15:54:45 | INFO     | HIDS_API | POST /detection/predict status=200 82.76ms
2026-09-30 15:54:45 | INFO     | uvicorn.access | 127.0.0.1:39138 - "POST /detection/predict HTTP/1.1" 200
2026-09-30 15:54:46 | INFO     | HIDS_Detection | [e720b8d7-510c-436c-909a-8dabd1c45996] verdict=BENIGN MAE=0.460041 threshold=0.500000 latency=79.687ms
2026-09-30 15:54:46 | INFO     | HIDS_API | POST /detection/predict status=200 81.91ms
2026-09-30 15:54:46 | INFO     | uvicorn.access | 127.0.0.1:39144 - "POST /detection/predict HTTP/1.1" 200
2026-09-30 15:54:46 | INFO     | HIDS_Detection | [e2448b72-973c-4ce4-8028-1062819be846] verdict=BENIGN MAE=0.447173 threshold=0.500000 latency=91.26ms
2026-09-30 15:54:46 | INFO     | HIDS_API | POST /detection/predict status=200 93.76ms
2026-09-30 15:54:46 | INFO     | uvicorn.access | 127.0.0.1:39152 - "POST /detection/predict HTTP/1.1" 200
2026-09-30 15:54:46 | INFO     | HIDS_Detection | [b470a440-c093-49c6-a27a-3cb3c0777438] verdict=BENIGN MAE=0.453698 threshold=0.500000 latency=88.023ms
2026-09-30 15:54:46 | INFO     | HIDS_API | POST /detection/predict status=200 91.48ms
2026-09-30 15:54:46 | INFO     | uvicorn.access | 127.0.0.1:39158 - "POST /detection/predict HTTP/1.1" 200
2026-09-30 15:54:46 | INFO     | HIDS_Detection | [6fe12ba0-7b77-488c-a245-27e6e762bdf3] verdict=BENIGN MAE=0.444547 threshold=0.500000 latency=95.986ms
2026-09-30 15:54:46 | INFO     | HIDS_API | POST /detection/predict status=200 98.14ms
2026-09-30 15:54:46 | INFO     | uvicorn.access | 127.0.0.1:39172 - "POST /detection/predict HTTP/1.1" 200
2026-09-30 15:54:46 | INFO     | HIDS_Detection | [e2f9261a-67a1-4ca4-8902-edf6067457ce] verdict=BENIGN MAE=0.443987 threshold=0.500000 latency=84.869ms
2026-09-30 15:54:46 | INFO     | HIDS_API | POST /detection/predict status=200 87.11ms
2026-09-30 15:54:46 | INFO     | uvicorn.access | 127.0.0.1:39176 - "POST /detection/predict HTTP/1.1" 200
2026-09-30 15:54:46 | INFO     | HIDS_Detection | [f1083478-05ce-4e45-89ee-c45879fef50e] verdict=BENIGN MAE=0.470857 threshold=0.500000 latency=84.764ms
2026-09-30 15:54:46 | INFO     | HIDS_API | POST /detection/predict status=200 87.46ms
2026-09-30 15:54:46 | INFO     | uvicorn.access | 127.0.0.1:39188 - "POST /detection/predict HTTP/1.1" 200
2026-09-30 15:54:46 | INFO     | HIDS_Detection | [5c071de8-d4b8-4095-beea-6c4c24c3c40c] verdict=BENIGN MAE=0.437115 threshold=0.500000 latency=104.629ms
2026-09-30 15:54:46 | INFO     | HIDS_API | POST /detection/predict status=200 106.98ms
2026-09-30 15:54:46 | INFO     | uvicorn.access | 127.0.0.1:39190 - "POST /detection/predict HTTP/1.1" 200
2026-09-30 15:54:47 | INFO     | HIDS_Detection | [1440bdbe-3764-4936-bfae-075d6d701a7b] verdict=BENIGN MAE=0.470574 threshold=0.500000 latency=95.001ms
2026-09-30 15:54:47 | INFO     | HIDS_API | POST /detection/predict status=200 97.19ms
2026-09-30 15:54:47 | INFO     | uvicorn.access | 127.0.0.1:39206 - "POST /detection/predict HTTP/1.1" 200
2026-09-30 15:54:47 | INFO     | HIDS_Detection | [af63b205-72fc-49f0-a2db-60b404b493b7] verdict=BENIGN MAE=0.453575 threshold=0.500000 latency=86.624ms
2026-09-30 15:54:47 | INFO     | HIDS_API | POST /detection/predict status=200 89.60ms
2026-09-30 15:54:47 | INFO     | uvicorn.access | 127.0.0.1:39214 - "POST /detection/predict HTTP/1.1" 200
2026-09-30 15:54:47 | INFO     | HIDS_Detection | [f3f88a8a-ff7c-4bfa-b288-88a4f94fa370] verdict=BENIGN MAE=0.458246 threshold=0.500000 latency=84.403ms
2026-09-30 15:54:47 | INFO     | HIDS_API | POST /detection/predict status=200 87.39ms
2026-09-30 15:54:47 | INFO     | uvicorn.access | 127.0.0.1:39222 - "POST /detection/predict HTTP/1.1" 200
2026-09-30 15:54:47 | INFO     | HIDS_Detection | [8e6f8052-df16-46a2-bfbb-f5efdc071da6] verdict=BENIGN MAE=0.454041 threshold=0.500000 latency=80.04ms
2026-09-30 15:54:47 | INFO     | HIDS_API | POST /detection/predict status=200 86.97ms
2026-09-30 15:54:47 | INFO     | uvicorn.access | 127.0.0.1:39234 - "POST /detection/predict HTTP/1.1" 200
2026-09-30 15:54:47 | INFO     | HIDS_Detection | [b7c1c9aa-ebab-4b1d-baa5-01ed3634e126] verdict=BENIGN MAE=0.427556 threshold=0.500000 latency=92.269ms
2026-09-30 15:54:47 | INFO     | HIDS_API | POST /detection/predict status=200 96.64ms
2026-09-30 15:54:47 | INFO     | uvicorn.access | 127.0.0.1:39236 - "POST /detection/predict HTTP/1.1" 200
2026-09-30 15:54:47 | INFO     | HIDS_Detection | [20235b66-84c6-49cc-b8a5-b58158e59f2d] verdict=BENIGN MAE=0.443088 threshold=0.500000 latency=91.137ms
2026-09-30 15:54:47 | INFO     | HIDS_API | POST /detection/predict status=200 93.15ms
2026-09-30 15:54:47 | INFO     | uvicorn.access | 127.0.0.1:39252 - "POST /detection/predict HTTP/1.1" 200
2026-09-30 15:54:48 | INFO     | HIDS_Detection | [d659d3a5-c976-4224-bb62-e1134e0bb49b] verdict=BENIGN MAE=0.459416 threshold=0.500000 latency=89.993ms
2026-09-30 15:54:48 | INFO     | HIDS_API | POST /detection/predict status=200 92.57ms
2026-09-30 15:54:48 | INFO     | uvicorn.access | 127.0.0.1:39262 - "POST /detection/predict HTTP/1.1" 200
2026-09-30 15:54:48 | INFO     | HIDS_Detection | [13eb6236-66be-4195-86ab-085549eb6d8e] verdict=BENIGN MAE=0.462253 threshold=0.500000 latency=102.285ms
2026-09-30 15:54:48 | INFO     | HIDS_API | POST /detection/predict status=200 104.87ms
2026-09-30 15:54:48 | INFO     | uvicorn.access | 127.0.0.1:39268 - "POST /detection/predict HTTP/1.1" 200
2026-09-30 15:54:48 | INFO     | HIDS_Detection | [f020fe0e-f628-4c68-bd26-a21e9c42afcf] verdict=BENIGN MAE=0.470577 threshold=0.500000 latency=86.415ms
2026-09-30 15:54:48 | INFO     | HIDS_API | POST /detection/predict status=200 88.42ms
2026-09-30 15:54:48 | INFO     | uvicorn.access | 127.0.0.1:39284 - "POST /detection/predict HTTP/1.1" 200
2026-09-30 15:54:48 | INFO     | HIDS_Detection | [52dbdafc-6b9a-46de-bc47-471f83d38b09] verdict=BENIGN MAE=0.439145 threshold=0.500000 latency=80.009ms
2026-09-30 15:54:48 | INFO     | HIDS_API | POST /detection/predict status=200 82.00ms
2026-09-30 15:54:48 | INFO     | uvicorn.access | 127.0.0.1:39296 - "POST /detection/predict HTTP/1.1" 200
2026-09-30 15:54:48 | INFO     | HIDS_Detection | [3088ac9f-4736-4d05-8cbf-c9676aa37d1f] verdict=BENIGN MAE=0.453819 threshold=0.500000 latency=86.186ms
2026-09-30 15:54:48 | INFO     | HIDS_API | POST /detection/predict status=200 88.77ms
2026-09-30 15:54:48 | INFO     | uvicorn.access | 127.0.0.1:39302 - "POST /detection/predict HTTP/1.1" 200
2026-09-30 15:54:48 | INFO     | HIDS_Detection | [23669285-7b32-4440-8b10-137520cf0b13] verdict=BENIGN MAE=0.466079 threshold=0.500000 latency=83.998ms
2026-09-30 15:54:48 | INFO     | HIDS_API | POST /detection/predict status=200 86.48ms
2026-09-30 15:54:48 | INFO     | uvicorn.access | 127.0.0.1:39306 - "POST /detection/predict HTTP/1.1" 200
2026-09-30 15:54:48 | INFO     | HIDS_Detection | [e8b4330c-f9ab-4864-a55e-5b7b39250b96] verdict=BENIGN MAE=0.451322 threshold=0.500000 latency=134.393ms
2026-09-30 15:54:48 | INFO     | HIDS_API | POST /detection/predict status=200 136.42ms
2026-09-30 15:54:48 | INFO     | uvicorn.access | 127.0.0.1:39320 - "POST /detection/predict HTTP/1.1" 200
2026-09-30 15:54:49 | INFO     | HIDS_Detection | [29cebe7c-1293-4d99-8f3e-7753139ccfd7] verdict=BENIGN MAE=0.446558 threshold=0.500000 latency=94.341ms
2026-09-30 15:54:49 | INFO     | HIDS_API | POST /detection/predict status=200 96.58ms
2026-09-30 15:54:49 | INFO     | uvicorn.access | 127.0.0.1:39336 - "POST /detection/predict HTTP/1.1" 200
2026-09-30 15:54:49 | INFO     | HIDS_Detection | [6fd0f6c3-f303-4792-aa05-5e74f9a11e18] verdict=BENIGN MAE=0.470593 threshold=0.500000 latency=91.315ms
2026-09-30 15:54:49 | INFO     | HIDS_API | POST /detection/predict status=200 94.01ms
2026-09-30 15:54:49 | INFO     | uvicorn.access | 127.0.0.1:39338 - "POST /detection/predict HTTP/1.1" 200
2026-09-30 15:54:49 | INFO     | HIDS_Detection | [348a2ced-60b4-4b9d-b6d6-36413df21b70] verdict=BENIGN MAE=0.453838 threshold=0.500000 latency=91.106ms
2026-09-30 15:54:49 | INFO     | HIDS_API | POST /detection/predict status=200 93.87ms
2026-09-30 15:54:49 | INFO     | uvicorn.access | 127.0.0.1:39354 - "POST /detection/predict HTTP/1.1" 200
2026-09-30 15:54:49 | INFO     | HIDS_Detection | [bdbcadd6-6dda-4741-ae56-bed92f2929dc] verdict=BENIGN MAE=0.460674 threshold=0.500000 latency=84.627ms
2026-09-30 15:54:49 | INFO     | HIDS_API | POST /detection/predict status=200 87.48ms
2026-09-30 15:54:49 | INFO     | uvicorn.access | 127.0.0.1:39356 - "POST /detection/predict HTTP/1.1" 200
2026-09-30 15:54:49 | INFO     | HIDS_Detection | [638c84b3-0203-4c83-847a-9e56f9c7f952] verdict=BENIGN MAE=0.454257 threshold=0.500000 latency=130.641ms
2026-09-30 15:54:49 | INFO     | HIDS_API | POST /detection/predict status=200 132.88ms
2026-09-30 15:54:49 | INFO     | uvicorn.access | 127.0.0.1:39360 - "POST /detection/predict HTTP/1.1" 200
2026-09-30 15:54:49 | INFO     | HIDS_Detection | [f5a17de9-33ad-48c6-b651-391d58a01112] verdict=BENIGN MAE=0.491126 threshold=0.500000 latency=82.878ms
2026-09-30 15:54:49 | INFO     | HIDS_API | POST /detection/predict status=200 84.93ms
2026-09-30 15:54:49 | INFO     | uvicorn.access | 127.0.0.1:39364 - "POST /detection/predict HTTP/1.1" 200
2026-09-30 15:54:49 | INFO     | HIDS_Detection | [36c7e424-c3be-4517-b9e7-12e62094e971] verdict=BENIGN MAE=0.494315 threshold=0.500000 latency=109.522ms
2026-09-30 15:54:49 | INFO     | HIDS_API | POST /detection/predict status=200 112.26ms
2026-09-30 15:54:49 | INFO     | uvicorn.access | 127.0.0.1:39378 - "POST /detection/predict HTTP/1.1" 200
2026-09-30 15:54:49 | INFO     | HIDS_Detection | [03ff2241-5fa7-45a5-8333-7f79b399393b] verdict=BENIGN MAE=0.490856 threshold=0.500000 latency=82.77ms
2026-09-30 15:54:49 | INFO     | HIDS_API | POST /detection/predict status=200 86.42ms
2026-09-30 15:54:49 | INFO     | uvicorn.access | 127.0.0.1:39388 - "POST /detection/predict HTTP/1.1" 200
2026-09-30 15:54:49 | INFO     | HIDS_Detection | [52632a95-8220-4eeb-94db-f6f1a88974cd] verdict=BENIGN MAE=0.430211 threshold=0.500000 latency=81.732ms
2026-09-30 15:54:49 | INFO     | HIDS_API | POST /detection/predict status=200 83.66ms
2026-09-30 15:54:49 | INFO     | uvicorn.access | 127.0.0.1:39398 - "POST /detection/predict HTTP/1.1" 200
2026-09-30 15:54:50 | INFO     | HIDS_Detection | [b9ad561f-4a0b-414a-8740-a89904b06b56] verdict=BENIGN MAE=0.429420 threshold=0.500000 latency=101.456ms
2026-09-30 15:54:50 | INFO     | HIDS_API | POST /detection/predict status=200 108.94ms
2026-09-30 15:54:50 | INFO     | uvicorn.access | 127.0.0.1:39400 - "POST /detection/predict HTTP/1.1" 200
2026-09-30 15:54:50 | INFO     | HIDS_Detection | [401ccb25-2c1f-4e3b-9b78-0b3c8fee03b8] verdict=BENIGN MAE=0.451176 threshold=0.500000 latency=83.857ms
2026-09-30 15:54:50 | INFO     | HIDS_API | POST /detection/predict status=200 85.85ms
2026-09-30 15:54:50 | INFO     | uvicorn.access | 127.0.0.1:39412 - "POST /detection/predict HTTP/1.1" 200
2026-09-30 15:54:50 | INFO     | HIDS_Detection | [8b4afc08-18ff-467f-91d7-29500e907d72] verdict=BENIGN MAE=0.454037 threshold=0.500000 latency=84.889ms
2026-09-30 15:54:50 | INFO     | HIDS_API | POST /detection/predict status=200 87.67ms
2026-09-30 15:54:50 | INFO     | uvicorn.access | 127.0.0.1:39418 - "POST /detection/predict HTTP/1.1" 200
2026-09-30 15:54:50 | INFO     | HIDS_Detection | [1fbfb027-0273-424c-b55a-0a7b3c870b06] verdict=BENIGN MAE=0.452834 threshold=0.500000 latency=103.968ms
2026-09-30 15:54:50 | INFO     | HIDS_API | POST /detection/predict status=200 108.77ms
2026-09-30 15:54:50 | INFO     | uvicorn.access | 127.0.0.1:39432 - "POST /detection/predict HTTP/1.1" 200
2026-09-30 15:54:50 | INFO     | HIDS_Detection | [dda1b89d-5a4f-41ab-8d69-91e431a6ee57] verdict=BENIGN MAE=0.470848 threshold=0.500000 latency=101.337ms
2026-09-30 15:54:50 | INFO     | HIDS_API | POST /detection/predict status=200 104.16ms
2026-09-30 15:54:50 | INFO     | uvicorn.access | 127.0.0.1:39442 - "POST /detection/predict HTTP/1.1" 200
2026-09-30 15:54:50 | INFO     | HIDS_Detection | [55b238c5-d239-4968-ad18-4d66ba87fc55] verdict=BENIGN MAE=0.452562 threshold=0.500000 latency=82.815ms
2026-09-30 15:54:50 | INFO     | HIDS_API | POST /detection/predict status=200 85.24ms
2026-09-30 15:54:50 | INFO     | uvicorn.access | 127.0.0.1:39448 - "POST /detection/predict HTTP/1.1" 200
2026-09-30 15:54:50 | INFO     | HIDS_Detection | [01d4d81c-a3f2-4936-b82a-e20f54a0d531] verdict=BENIGN MAE=0.454645 threshold=0.500000 latency=114.366ms
2026-09-30 15:54:50 | INFO     | HIDS_API | POST /detection/predict status=200 116.54ms
2026-09-30 15:54:50 | INFO     | uvicorn.access | 127.0.0.1:39452 - "POST /detection/predict HTTP/1.1" 200
2026-09-30 15:54:50 | INFO     | HIDS_Detection | [6a4b2065-f274-4b06-a797-d20dfbcb6c6f] verdict=BENIGN MAE=0.453084 threshold=0.500000 latency=105.387ms
2026-09-30 15:54:50 | INFO     | HIDS_API | POST /detection/predict status=200 108.25ms
2026-09-30 15:54:50 | INFO     | uvicorn.access | 127.0.0.1:39464 - "POST /detection/predict HTTP/1.1" 200
2026-09-30 15:54:51 | INFO     | HIDS_Detection | [2bfc37a1-bf6c-4720-b5ed-387b800df1ec] verdict=BENIGN MAE=0.470859 threshold=0.500000 latency=89.105ms
2026-09-30 15:54:51 | INFO     | HIDS_API | POST /detection/predict status=200 92.25ms
2026-09-30 15:54:51 | INFO     | uvicorn.access | 127.0.0.1:39472 - "POST /detection/predict HTTP/1.1" 200
2026-09-30 15:54:52 | INFO     | HIDS_Detection | [3cd0b8e4-3720-4e00-bfa8-48df514c8791] verdict=BENIGN MAE=0.475689 threshold=0.500000 latency=129.781ms
2026-09-30 15:54:52 | INFO     | HIDS_API | POST /detection/predict status=200 131.96ms
2026-09-30 15:54:52 | INFO     | uvicorn.access | 127.0.0.1:46272 - "POST /detection/predict HTTP/1.1" 200
2026-09-30 15:54:53 | INFO     | HIDS_Detection | [6779cba9-5ffa-4c7e-bbc0-a78be589c82f] verdict=BENIGN MAE=0.473374 threshold=0.500000 latency=119.651ms
2026-09-30 15:54:53 | INFO     | HIDS_API | POST /detection/predict status=200 122.70ms
2026-09-30 15:54:53 | INFO     | uvicorn.access | 127.0.0.1:46276 - "POST /detection/predict HTTP/1.1" 200
2026-09-30 15:54:53 | INFO     | HIDS_Detection | [a4277f17-9236-44e3-80cf-2ee705b5ffd8] verdict=BENIGN MAE=0.495976 threshold=0.500000 latency=153.688ms
2026-09-30 15:54:53 | INFO     | HIDS_API | POST /detection/predict status=200 157.78ms
2026-09-30 15:54:53 | INFO     | uvicorn.access | 127.0.0.1:46292 - "POST /detection/predict HTTP/1.1" 200
2026-09-30 15:54:53 | INFO     | HIDS_Detection | [96fb27cf-c2f4-42d3-a7e1-a78e5301738f] verdict=BENIGN MAE=0.472787 threshold=0.500000 latency=164.492ms
2026-09-30 15:54:53 | INFO     | HIDS_API | POST /detection/predict status=200 167.61ms
2026-09-30 15:54:53 | INFO     | uvicorn.access | 127.0.0.1:46294 - "POST /detection/predict HTTP/1.1" 200
2026-09-30 15:54:53 | INFO     | HIDS_Detection | [59ae9d6b-3fc0-415c-a199-707d852e904c] verdict=BENIGN MAE=0.486476 threshold=0.500000 latency=154.848ms
2026-09-30 15:54:53 | INFO     | HIDS_API | POST /detection/predict status=200 158.68ms
2026-09-30 15:54:53 | INFO     | uvicorn.access | 127.0.0.1:46310 - "POST /detection/predict HTTP/1.1" 200
2026-09-30 15:55:09 | INFO     | uvicorn.access | 127.0.0.1:58714 - "GET /ready HTTP/1.1" 200
2026-09-30 15:55:40 | INFO     | uvicorn.access | 127.0.0.1:58326 - "GET /ready HTTP/1.1" 200
2026-09-30 15:56:10 | INFO     | uvicorn.access | 127.0.0.1:35962 - "GET /ready HTTP/1.1" 200
2026-09-30 15:56:40 | INFO     | uvicorn.access | 127.0.0.1:57588 - "GET /ready HTTP/1.1" 200
2026-09-30 15:57:10 | INFO     | uvicorn.access | 127.0.0.1:60032 - "GET /ready HTTP/1.1" 200
2026-09-30 15:57:40 | INFO     | uvicorn.access | 127.0.0.1:36214 - "GET /ready HTTP/1.1" 200
2026-09-30 15:58:10 | INFO     | uvicorn.access | 127.0.0.1:49766 - "GET /ready HTTP/1.1" 200
2026-09-30 15:58:40 | INFO     | uvicorn.access | 127.0.0.1:60502 - "GET /ready HTTP/1.1" 200
2026-09-30 15:59:10 | INFO     | uvicorn.access | 127.0.0.1:46264 - "GET /ready HTTP/1.1" 200
2026-09-30 15:59:40 | INFO     | uvicorn.access | 127.0.0.1:36822 - "GET /ready HTTP/1.1" 200
2026-09-30 16:00:10 | INFO     | uvicorn.access | 127.0.0.1:35096 - "GET /ready HTTP/1.1" 200
2026-09-30 16:00:40 | INFO     | uvicorn.access | 127.0.0.1:44014 - "GET /ready HTTP/1.1" 200
2026-09-30 16:01:10 | INFO     | uvicorn.access | 127.0.0.1:59994 - "GET /ready HTTP/1.1" 200
2026-09-30 16:01:40 | INFO     | uvicorn.access | 127.0.0.1:58378 - "GET /ready HTTP/1.1" 200
2026-09-30 16:02:10 | INFO     | uvicorn.access | 127.0.0.1:38100 - "GET /ready HTTP/1.1" 200
2026-09-30 16:02:41 | INFO     | uvicorn.access | 127.0.0.1:57422 - "GET /ready HTTP/1.1" 200
2026-09-30 16:03:11 | INFO     | uvicorn.access | 127.0.0.1:44518 - "GET /ready HTTP/1.1" 200
2026-09-30 16:03:41 | INFO     | uvicorn.access | 127.0.0.1:47094 - "GET /ready HTTP/1.1" 200
2026-09-30 16:04:11 | INFO     | uvicorn.access | 127.0.0.1:41940 - "GET /ready HTTP/1.1" 200
2026-09-30 16:04:41 | INFO     | uvicorn.access | 127.0.0.1:33896 - "GET /ready HTTP/1.1" 200
2026-09-30 16:05:11 | INFO     | uvicorn.access | 127.0.0.1:59908 - "GET /ready HTTP/1.1" 200
2026-09-30 16:05:40 | INFO     | HIDS_Detection | [e4e71cca-43f6-49d5-b373-95a5fc571ce3] verdict=BENIGN MAE=0.451765 threshold=0.500000 latency=133.76ms
2026-09-30 16:05:40 | INFO     | HIDS_API | POST /detection/predict status=200 136.63ms
2026-09-30 16:05:40 | INFO     | uvicorn.access | 127.0.0.1:33674 - "POST /detection/predict HTTP/1.1" 200
2026-09-30 16:05:40 | INFO     | HIDS_Detection | [25cb1c5b-9056-4cf8-8643-d7d72e8ebcfc] verdict=BENIGN MAE=0.448997 threshold=0.500000 latency=111.845ms
2026-09-30 16:05:40 | INFO     | HIDS_API | POST /detection/predict status=200 114.08ms
2026-09-30 16:05:40 | INFO     | uvicorn.access | 127.0.0.1:33690 - "POST /detection/predict HTTP/1.1" 200
2026-09-30 16:05:40 | INFO     | HIDS_Detection | [01f5e4dd-b46e-43ac-84e9-13d0e4a51059] verdict=BENIGN MAE=0.452356 threshold=0.500000 latency=99.774ms
2026-09-30 16:05:40 | INFO     | HIDS_API | POST /detection/predict status=200 102.94ms
2026-09-30 16:05:40 | INFO     | uvicorn.access | 127.0.0.1:33700 - "POST /detection/predict HTTP/1.1" 200
2026-09-30 16:05:40 | INFO     | HIDS_Detection | [15c8d364-4a2d-4dfb-a597-d79562b02fe2] verdict=BENIGN MAE=0.446128 threshold=0.500000 latency=89.088ms
2026-09-30 16:05:40 | INFO     | HIDS_API | POST /detection/predict status=200 91.35ms
2026-09-30 16:05:40 | INFO     | uvicorn.access | 127.0.0.1:33712 - "POST /detection/predict HTTP/1.1" 200
2026-09-30 16:05:41 | INFO     | HIDS_Detection | [f4db8a74-9506-4c6e-806a-a1ad1a892763] verdict=BENIGN MAE=0.459301 threshold=0.500000 latency=96.318ms
2026-09-30 16:05:41 | INFO     | HIDS_API | POST /detection/predict status=200 98.34ms
2026-09-30 16:05:41 | INFO     | uvicorn.access | 127.0.0.1:33720 - "POST /detection/predict HTTP/1.1" 200
2026-09-30 16:05:41 | INFO     | uvicorn.access | 127.0.0.1:33724 - "GET /ready HTTP/1.1" 200
2026-09-30 16:05:41 | INFO     | HIDS_Detection | [0e88daf1-c898-4607-b7ae-75d8afcf3976] verdict=BENIGN MAE=0.478480 threshold=0.500000 latency=160.707ms
2026-09-30 16:05:41 | INFO     | HIDS_API | POST /detection/predict status=200 165.30ms
2026-09-30 16:05:41 | INFO     | uvicorn.access | 127.0.0.1:37586 - "POST /detection/predict HTTP/1.1" 200
2026-09-30 16:05:42 | INFO     | HIDS_Detection | [7b1a153b-65f9-4d69-a21f-fda40838e436] verdict=BENIGN MAE=0.435311 threshold=0.500000 latency=100.94ms
2026-09-30 16:05:42 | INFO     | HIDS_API | POST /detection/predict status=200 115.43ms
2026-09-30 16:05:42 | INFO     | uvicorn.access | 127.0.0.1:37598 - "POST /detection/predict HTTP/1.1" 200
2026-09-30 16:05:43 | INFO     | HIDS_Detection | [c3411377-d198-4b17-bb27-5c1d98973bf1] verdict=BENIGN MAE=0.459251 threshold=0.500000 latency=158.236ms
2026-09-30 16:05:43 | INFO     | HIDS_API | POST /detection/predict status=200 167.64ms
2026-09-30 16:05:43 | INFO     | uvicorn.access | 127.0.0.1:37614 - "POST /detection/predict HTTP/1.1" 200
2026-09-30 16:05:43 | INFO     | HIDS_Detection | [6f6e698a-aa42-4967-b917-470d077c0929] verdict=BENIGN MAE=0.459286 threshold=0.500000 latency=123.743ms
2026-09-30 16:05:43 | INFO     | HIDS_API | POST /detection/predict status=200 126.51ms
2026-09-30 16:05:43 | INFO     | uvicorn.access | 127.0.0.1:37620 - "POST /detection/predict HTTP/1.1" 200
2026-09-30 16:05:43 | INFO     | HIDS_Detection | [c0ae7752-8832-48dc-961d-acf9fa571b5b] verdict=BENIGN MAE=0.459302 threshold=0.500000 latency=134.432ms
2026-09-30 16:05:43 | INFO     | HIDS_API | POST /detection/predict status=200 137.25ms
2026-09-30 16:05:43 | INFO     | uvicorn.access | 127.0.0.1:37628 - "POST /detection/predict HTTP/1.1" 200
2026-09-30 16:05:43 | INFO     | HIDS_Detection | [193ce754-3342-4400-91b3-dd3d4e4b2964] verdict=BENIGN MAE=0.454053 threshold=0.500000 latency=92.264ms
2026-09-30 16:05:43 | INFO     | HIDS_API | POST /detection/predict status=200 94.37ms
2026-09-30 16:05:43 | INFO     | uvicorn.access | 127.0.0.1:37640 - "POST /detection/predict HTTP/1.1" 200
2026-09-30 16:05:43 | INFO     | HIDS_Detection | [f4fbe398-3165-4892-8d69-875d6a26dbf6] verdict=BENIGN MAE=0.438524 threshold=0.500000 latency=108.099ms
2026-09-30 16:05:43 | INFO     | HIDS_API | POST /detection/predict status=200 110.79ms
2026-09-30 16:05:43 | INFO     | uvicorn.access | 127.0.0.1:37650 - "POST /detection/predict HTTP/1.1" 200
2026-09-30 16:05:43 | INFO     | HIDS_Detection | [13b44717-8cb4-413f-a1fb-fcd8003131a3] verdict=BENIGN MAE=0.459294 threshold=0.500000 latency=109.854ms
2026-09-30 16:05:43 | INFO     | HIDS_API | POST /detection/predict status=200 113.37ms
2026-09-30 16:05:43 | INFO     | uvicorn.access | 127.0.0.1:37654 - "POST /detection/predict HTTP/1.1" 200
2026-09-30 16:05:43 | INFO     | HIDS_Detection | [013f074b-3e1c-4b91-a43e-f991ceb4a5d5] verdict=BENIGN MAE=0.459296 threshold=0.500000 latency=100.496ms
2026-09-30 16:05:43 | INFO     | HIDS_API | POST /detection/predict status=200 102.91ms
2026-09-30 16:05:43 | INFO     | uvicorn.access | 127.0.0.1:37664 - "POST /detection/predict HTTP/1.1" 200
2026-09-30 16:05:43 | INFO     | HIDS_Detection | [16dd9650-b431-4fdd-b265-5835811a4765] verdict=BENIGN MAE=0.433501 threshold=0.500000 latency=96.39ms
2026-09-30 16:05:43 | INFO     | HIDS_API | POST /detection/predict status=200 99.52ms
2026-09-30 16:05:43 | INFO     | uvicorn.access | 127.0.0.1:37674 - "POST /detection/predict HTTP/1.1" 200
2026-09-30 16:05:44 | INFO     | HIDS_Detection | [3acc05d4-02a5-449e-b6e2-e41794baf850] verdict=BENIGN MAE=0.459310 threshold=0.500000 latency=110.646ms
2026-09-30 16:05:44 | INFO     | HIDS_API | POST /detection/predict status=200 113.62ms
2026-09-30 16:05:44 | INFO     | uvicorn.access | 127.0.0.1:37690 - "POST /detection/predict HTTP/1.1" 200
2026-09-30 16:05:44 | INFO     | HIDS_Detection | [a307b081-eb4d-4235-bd8c-6a11d7333145] verdict=BENIGN MAE=0.459304 threshold=0.500000 latency=105.383ms
2026-09-30 16:05:44 | INFO     | HIDS_API | POST /detection/predict status=200 108.74ms
2026-09-30 16:05:44 | INFO     | uvicorn.access | 127.0.0.1:37694 - "POST /detection/predict HTTP/1.1" 200
2026-09-30 16:05:44 | INFO     | HIDS_Detection | [7105ca51-e803-40f0-bb02-acf244979d36] verdict=BENIGN MAE=0.446121 threshold=0.500000 latency=103.036ms
2026-09-30 16:05:44 | INFO     | HIDS_API | POST /detection/predict status=200 105.43ms
2026-09-30 16:05:44 | INFO     | uvicorn.access | 127.0.0.1:37696 - "POST /detection/predict HTTP/1.1" 200
2026-09-30 16:05:44 | INFO     | HIDS_Detection | [cb03145a-c7cf-49a9-97bb-246288fb4a6d] verdict=BENIGN MAE=0.446116 threshold=0.500000 latency=99.771ms
2026-09-30 16:05:44 | INFO     | HIDS_API | POST /detection/predict status=200 102.26ms
2026-09-30 16:05:44 | INFO     | uvicorn.access | 127.0.0.1:37702 - "POST /detection/predict HTTP/1.1" 200
2026-09-30 16:05:44 | INFO     | HIDS_Detection | [220e1a56-916c-4324-a603-288c335ce29e] verdict=BENIGN MAE=0.470850 threshold=0.500000 latency=91.833ms
2026-09-30 16:05:44 | INFO     | HIDS_API | POST /detection/predict status=200 93.72ms
2026-09-30 16:05:44 | INFO     | uvicorn.access | 127.0.0.1:37718 - "POST /detection/predict HTTP/1.1" 200
2026-09-30 16:05:44 | INFO     | HIDS_Detection | [25861487-b3db-450f-a118-dbfcdab3b0c7] verdict=BENIGN MAE=0.454177 threshold=0.500000 latency=86.051ms
2026-09-30 16:05:44 | INFO     | HIDS_API | POST /detection/predict status=200 88.96ms
2026-09-30 16:05:44 | INFO     | uvicorn.access | 127.0.0.1:37732 - "POST /detection/predict HTTP/1.1" 200
2026-09-30 16:05:44 | INFO     | HIDS_Detection | [ca54af2d-ebc9-4ca3-9186-b180427f3bf2] verdict=BENIGN MAE=0.464646 threshold=0.500000 latency=101.494ms
2026-09-30 16:05:44 | INFO     | HIDS_API | POST /detection/predict status=200 103.46ms
2026-09-30 16:05:44 | INFO     | uvicorn.access | 127.0.0.1:37738 - "POST /detection/predict HTTP/1.1" 200
2026-09-30 16:05:44 | INFO     | HIDS_Detection | [4513b62f-aff4-4ac0-ad0c-b78fb627aedf] verdict=BENIGN MAE=0.423922 threshold=0.500000 latency=103.52ms
2026-09-30 16:05:44 | INFO     | HIDS_API | POST /detection/predict status=200 106.18ms
2026-09-30 16:05:44 | INFO     | uvicorn.access | 127.0.0.1:37754 - "POST /detection/predict HTTP/1.1" 200
2026-09-30 16:05:44 | INFO     | HIDS_Detection | [961a0524-bc3d-43c2-a3f1-5e818d91fff7] verdict=BENIGN MAE=0.423126 threshold=0.500000 latency=138.973ms
2026-09-30 16:05:44 | INFO     | HIDS_API | POST /detection/predict status=200 141.32ms
2026-09-30 16:05:44 | INFO     | uvicorn.access | 127.0.0.1:37770 - "POST /detection/predict HTTP/1.1" 200
2026-09-30 16:05:45 | INFO     | HIDS_Detection | [fd5b1b6f-5c43-41bb-8e27-852c4e1c1027] verdict=BENIGN MAE=0.448449 threshold=0.500000 latency=105.186ms
2026-09-30 16:05:45 | INFO     | HIDS_API | POST /detection/predict status=200 107.61ms
2026-09-30 16:05:45 | INFO     | uvicorn.access | 127.0.0.1:37786 - "POST /detection/predict HTTP/1.1" 200
2026-09-30 16:05:45 | INFO     | HIDS_Detection | [f1c3e080-4aa8-40aa-af7c-01964be19ed9] verdict=BENIGN MAE=0.460948 threshold=0.500000 latency=88.688ms
2026-09-30 16:05:45 | INFO     | HIDS_API | POST /detection/predict status=200 91.06ms
2026-09-30 16:05:45 | INFO     | uvicorn.access | 127.0.0.1:37800 - "POST /detection/predict HTTP/1.1" 200
2026-09-30 16:05:45 | INFO     | HIDS_Detection | [d2cb5997-60ff-4a5b-9fca-4edc99f6258c] verdict=BENIGN MAE=0.476026 threshold=0.500000 latency=83.618ms
2026-09-30 16:05:45 | INFO     | HIDS_API | POST /detection/predict status=200 85.51ms
2026-09-30 16:05:45 | INFO     | uvicorn.access | 127.0.0.1:37812 - "POST /detection/predict HTTP/1.1" 200
2026-09-30 16:05:45 | INFO     | HIDS_Detection | [e539111a-ef74-4330-8be6-4bbcb9ef51f8] verdict=BENIGN MAE=0.432241 threshold=0.500000 latency=148.686ms
2026-09-30 16:05:45 | INFO     | HIDS_API | POST /detection/predict status=200 152.20ms
2026-09-30 16:05:45 | INFO     | uvicorn.access | 127.0.0.1:37824 - "POST /detection/predict HTTP/1.1" 200
2026-09-30 16:05:45 | INFO     | HIDS_Detection | [707c782f-0a92-4075-9355-fed135b282b7] verdict=BENIGN MAE=0.441355 threshold=0.500000 latency=145.743ms
2026-09-30 16:05:45 | INFO     | HIDS_API | POST /detection/predict status=200 152.31ms
2026-09-30 16:05:45 | INFO     | uvicorn.access | 127.0.0.1:37838 - "POST /detection/predict HTTP/1.1" 200
2026-09-30 16:05:45 | INFO     | HIDS_Detection | [e6758fe8-0d00-4e13-99e1-aa90e1020b49] verdict=BENIGN MAE=0.460179 threshold=0.500000 latency=166.593ms
2026-09-30 16:05:45 | INFO     | HIDS_API | POST /detection/predict status=200 172.41ms
2026-09-30 16:05:45 | INFO     | uvicorn.access | 127.0.0.1:37846 - "POST /detection/predict HTTP/1.1" 200
2026-09-30 16:05:46 | INFO     | HIDS_Detection | [4eaa4598-1333-4e37-93c0-14ce77984247] verdict=BENIGN MAE=0.453009 threshold=0.500000 latency=157.6ms
2026-09-30 16:05:46 | INFO     | HIDS_API | POST /detection/predict status=200 163.51ms
2026-09-30 16:05:46 | INFO     | uvicorn.access | 127.0.0.1:37862 - "POST /detection/predict HTTP/1.1" 200
2026-09-30 16:05:46 | INFO     | HIDS_Detection | [0785917f-b5be-4a99-b678-127cbd6d95d7] verdict=BENIGN MAE=0.410013 threshold=0.500000 latency=151.431ms
2026-09-30 16:05:46 | INFO     | HIDS_API | POST /detection/predict status=200 154.20ms
2026-09-30 16:05:46 | INFO     | uvicorn.access | 127.0.0.1:37868 - "POST /detection/predict HTTP/1.1" 200
2026-09-30 16:05:46 | INFO     | HIDS_Detection | [ab5900cf-8cfd-4b63-819d-f690b29ef10f] verdict=BENIGN MAE=0.475179 threshold=0.500000 latency=170.668ms
2026-09-30 16:05:46 | INFO     | HIDS_API | POST /detection/predict status=200 173.94ms
2026-09-30 16:05:46 | INFO     | uvicorn.access | 127.0.0.1:37874 - "POST /detection/predict HTTP/1.1" 200
2026-09-30 16:05:50 | INFO     | HIDS_Detection | [789e6306-c852-4879-bb67-36bf8b467728] verdict=BENIGN MAE=0.447846 threshold=0.500000 latency=114.914ms
2026-09-30 16:05:50 | INFO     | HIDS_API | POST /detection/predict status=200 120.31ms
2026-09-30 16:05:50 | INFO     | uvicorn.access | 127.0.0.1:37888 - "POST /detection/predict HTTP/1.1" 200
2026-09-30 16:05:50 | INFO     | HIDS_Detection | [aee9b9ea-05e1-4c3a-9db8-edb7c233a33d] verdict=BENIGN MAE=0.437383 threshold=0.500000 latency=83.164ms
2026-09-30 16:05:50 | INFO     | HIDS_API | POST /detection/predict status=200 85.79ms
2026-09-30 16:05:50 | INFO     | uvicorn.access | 127.0.0.1:37894 - "POST /detection/predict HTTP/1.1" 200
2026-09-30 16:05:51 | INFO     | HIDS_Detection | [da046f03-62ad-4e7e-9ed4-e9cf0f0fdde6] verdict=BENIGN MAE=0.460114 threshold=0.500000 latency=84.144ms
2026-09-30 16:05:51 | INFO     | HIDS_API | POST /detection/predict status=200 86.92ms
2026-09-30 16:05:51 | INFO     | uvicorn.access | 127.0.0.1:37906 - "POST /detection/predict HTTP/1.1" 200
2026-09-30 16:05:51 | INFO     | HIDS_Detection | [d211ffd3-826b-40f3-ab57-9a284eb73505] verdict=BENIGN MAE=0.452201 threshold=0.500000 latency=87.939ms
2026-09-30 16:05:51 | INFO     | HIDS_API | POST /detection/predict status=200 91.03ms
2026-09-30 16:05:51 | INFO     | uvicorn.access | 127.0.0.1:37914 - "POST /detection/predict HTTP/1.1" 200
2026-09-30 16:05:51 | INFO     | HIDS_Detection | [d4e7a7b2-e502-4451-b3bf-b28d0f57f13b] verdict=BENIGN MAE=0.460120 threshold=0.500000 latency=124.356ms
2026-09-30 16:05:51 | INFO     | HIDS_API | POST /detection/predict status=200 127.12ms
2026-09-30 16:05:51 | INFO     | uvicorn.access | 127.0.0.1:37924 - "POST /detection/predict HTTP/1.1" 200
2026-09-30 16:05:51 | INFO     | HIDS_Detection | [5831e01e-f27f-4a4f-a04a-ce5a25d817ba] verdict=BENIGN MAE=0.441870 threshold=0.500000 latency=105.395ms
2026-09-30 16:05:51 | INFO     | HIDS_API | POST /detection/predict status=200 108.12ms
2026-09-30 16:05:51 | INFO     | uvicorn.access | 127.0.0.1:37928 - "POST /detection/predict HTTP/1.1" 200
2026-09-30 16:05:53 | INFO     | HIDS_Detection | [d874f1de-65e4-4e17-9d31-256f2aa71d40] verdict=BENIGN MAE=0.409484 threshold=0.500000 latency=111.993ms
2026-09-30 16:05:53 | INFO     | HIDS_API | POST /detection/predict status=200 114.83ms
2026-09-30 16:05:53 | INFO     | uvicorn.access | 127.0.0.1:56048 - "POST /detection/predict HTTP/1.1" 200
2026-09-30 16:05:57 | INFO     | HIDS_Detection | [5bcf5ab9-c545-4e83-9172-29d86aa7bafa] verdict=BENIGN MAE=0.450847 threshold=0.500000 latency=97.062ms
2026-09-30 16:05:57 | INFO     | HIDS_API | POST /detection/predict status=200 101.21ms
2026-09-30 16:05:57 | INFO     | uvicorn.access | 127.0.0.1:56050 - "POST /detection/predict HTTP/1.1" 200
2026-09-30 16:05:57 | INFO     | HIDS_Detection | [c986610c-401e-4bcf-89f9-0ddd82c2220d] verdict=BENIGN MAE=0.451613 threshold=0.500000 latency=138.565ms
2026-09-30 16:05:57 | INFO     | HIDS_API | POST /detection/predict status=200 166.73ms
2026-09-30 16:05:57 | INFO     | uvicorn.access | 127.0.0.1:56060 - "POST /detection/predict HTTP/1.1" 200
2026-09-30 16:05:57 | INFO     | HIDS_Detection | [cb067dd8-2e23-4635-891e-038956541f3e] verdict=BENIGN MAE=0.459290 threshold=0.500000 latency=82.028ms
2026-09-30 16:05:57 | INFO     | HIDS_API | POST /detection/predict status=200 86.18ms
2026-09-30 16:05:57 | INFO     | uvicorn.access | 127.0.0.1:56070 - "POST /detection/predict HTTP/1.1" 200
2026-09-30 16:05:57 | INFO     | HIDS_Detection | [68928ad8-652f-4029-abe5-aadaee289662] verdict=BENIGN MAE=0.454293 threshold=0.500000 latency=77.279ms
2026-09-30 16:05:57 | INFO     | HIDS_API | POST /detection/predict status=200 79.79ms
2026-09-30 16:05:57 | INFO     | uvicorn.access | 127.0.0.1:56074 - "POST /detection/predict HTTP/1.1" 200
2026-09-30 16:05:57 | INFO     | HIDS_Detection | [584b37db-4cd9-4e25-94ae-0f2d23a5dae0] verdict=BENIGN MAE=0.470847 threshold=0.500000 latency=84.08ms
2026-09-30 16:05:57 | INFO     | HIDS_API | POST /detection/predict status=200 87.28ms
2026-09-30 16:05:57 | INFO     | uvicorn.access | 127.0.0.1:56088 - "POST /detection/predict HTTP/1.1" 200
2026-09-30 16:05:57 | INFO     | HIDS_Detection | [8c9db295-2911-44ba-8d23-1571def73bc1] verdict=BENIGN MAE=0.454180 threshold=0.500000 latency=127.726ms
2026-09-30 16:05:57 | INFO     | HIDS_API | POST /detection/predict status=200 129.89ms
2026-09-30 16:05:57 | INFO     | uvicorn.access | 127.0.0.1:56104 - "POST /detection/predict HTTP/1.1" 200
2026-09-30 16:05:57 | INFO     | HIDS_Detection | [9db31c54-59a9-4809-9d65-bd1ae7e8587f] verdict=BENIGN MAE=0.460956 threshold=0.500000 latency=82.023ms
2026-09-30 16:05:57 | INFO     | HIDS_API | POST /detection/predict status=200 84.23ms
2026-09-30 16:05:57 | INFO     | uvicorn.access | 127.0.0.1:56108 - "POST /detection/predict HTTP/1.1" 200
2026-09-30 16:05:57 | INFO     | HIDS_Detection | [7ab50cd2-0478-4f03-8dc0-bc04b25d49fb] verdict=BENIGN MAE=0.450439 threshold=0.500000 latency=77.655ms
2026-09-30 16:05:57 | INFO     | HIDS_API | POST /detection/predict status=200 80.87ms
2026-09-30 16:05:57 | INFO     | uvicorn.access | 127.0.0.1:56114 - "POST /detection/predict HTTP/1.1" 200
2026-09-30 16:05:57 | INFO     | HIDS_Detection | [f9d31fde-2bbd-4e89-adec-f167e79159dc] verdict=BENIGN MAE=0.459295 threshold=0.500000 latency=87.825ms
2026-09-30 16:05:57 | INFO     | HIDS_API | POST /detection/predict status=200 89.80ms
2026-09-30 16:05:57 | INFO     | uvicorn.access | 127.0.0.1:56120 - "POST /detection/predict HTTP/1.1" 200
2026-09-30 16:05:58 | INFO     | HIDS_Detection | [c6f65ffd-fc6a-4eb0-b520-19f8c8e78449] verdict=BENIGN MAE=0.459297 threshold=0.500000 latency=78.087ms
2026-09-30 16:05:58 | INFO     | HIDS_API | POST /detection/predict status=200 80.55ms
2026-09-30 16:05:58 | INFO     | uvicorn.access | 127.0.0.1:56126 - "POST /detection/predict HTTP/1.1" 200
2026-09-30 16:05:58 | INFO     | HIDS_Detection | [06b5543f-4207-41c1-9881-d7328a1fca78] verdict=BENIGN MAE=0.441902 threshold=0.500000 latency=80.188ms
2026-09-30 16:05:58 | INFO     | HIDS_API | POST /detection/predict status=200 82.78ms
2026-09-30 16:05:58 | INFO     | uvicorn.access | 127.0.0.1:56130 - "POST /detection/predict HTTP/1.1" 200
2026-09-30 16:05:58 | INFO     | HIDS_Detection | [034a9eea-c784-401a-843c-e350de9329b9] verdict=BENIGN MAE=0.459297 threshold=0.500000 latency=83.412ms
2026-09-30 16:05:58 | INFO     | HIDS_API | POST /detection/predict status=200 87.20ms
2026-09-30 16:05:58 | INFO     | uvicorn.access | 127.0.0.1:56142 - "POST /detection/predict HTTP/1.1" 200
2026-09-30 16:05:58 | INFO     | HIDS_Detection | [2f10195b-939b-4d7d-ab07-889c9c17584c] verdict=BENIGN MAE=0.459297 threshold=0.500000 latency=104.309ms
2026-09-30 16:05:58 | INFO     | HIDS_API | POST /detection/predict status=200 110.48ms
2026-09-30 16:05:58 | INFO     | uvicorn.access | 127.0.0.1:56154 - "POST /detection/predict HTTP/1.1" 200
2026-09-30 16:05:58 | INFO     | HIDS_Detection | [99dc3871-221c-448c-8924-c6b16174aee3] verdict=BENIGN MAE=0.438217 threshold=0.500000 latency=76.847ms
2026-09-30 16:05:58 | INFO     | HIDS_API | POST /detection/predict status=200 79.60ms
2026-09-30 16:05:58 | INFO     | uvicorn.access | 127.0.0.1:56160 - "POST /detection/predict HTTP/1.1" 200
2026-09-30 16:05:58 | INFO     | HIDS_Detection | [48895ecf-cd5a-4310-bdef-7e13944bc316] verdict=BENIGN MAE=0.472966 threshold=0.500000 latency=82.895ms
2026-09-30 16:05:58 | INFO     | HIDS_API | POST /detection/predict status=200 85.65ms
2026-09-30 16:05:58 | INFO     | uvicorn.access | 127.0.0.1:56166 - "POST /detection/predict HTTP/1.1" 200
2026-09-30 16:05:58 | INFO     | HIDS_Detection | [cff9bc28-a0a9-4324-8df5-9197c579f5b1] verdict=BENIGN MAE=0.459298 threshold=0.500000 latency=78.279ms
2026-09-30 16:05:58 | INFO     | HIDS_API | POST /detection/predict status=200 80.91ms
2026-09-30 16:05:58 | INFO     | uvicorn.access | 127.0.0.1:56180 - "POST /detection/predict HTTP/1.1" 200
2026-09-30 16:05:58 | INFO     | HIDS_Detection | [0a00697f-4645-4fa6-a2fd-95e848f0b520] verdict=BENIGN MAE=0.442401 threshold=0.500000 latency=110.018ms
2026-09-30 16:05:58 | INFO     | HIDS_API | POST /detection/predict status=200 113.71ms
2026-09-30 16:05:58 | INFO     | uvicorn.access | 127.0.0.1:56188 - "POST /detection/predict HTTP/1.1" 200
2026-09-30 16:05:58 | INFO     | HIDS_Detection | [af5aa54a-ef2d-481f-b105-22c12cb33e92] verdict=BENIGN MAE=0.459298 threshold=0.500000 latency=92.352ms
2026-09-30 16:05:58 | INFO     | HIDS_API | POST /detection/predict status=200 95.04ms
2026-09-30 16:05:58 | INFO     | uvicorn.access | 127.0.0.1:56202 - "POST /detection/predict HTTP/1.1" 200
2026-09-30 16:05:58 | INFO     | HIDS_Detection | [9e6e3819-b074-4b5f-9dbc-b180e492520b] verdict=BENIGN MAE=0.459279 threshold=0.500000 latency=81.475ms
2026-09-30 16:05:58 | INFO     | HIDS_API | POST /detection/predict status=200 84.05ms
2026-09-30 16:05:58 | INFO     | uvicorn.access | 127.0.0.1:56208 - "POST /detection/predict HTTP/1.1" 200
2026-09-30 16:05:59 | INFO     | HIDS_Detection | [cf40f572-24e6-4efc-b6e8-d81a80eb719e] verdict=BENIGN MAE=0.438867 threshold=0.500000 latency=78.366ms
2026-09-30 16:05:59 | INFO     | HIDS_API | POST /detection/predict status=200 80.52ms
2026-09-30 16:05:59 | INFO     | uvicorn.access | 127.0.0.1:56212 - "POST /detection/predict HTTP/1.1" 200
2026-09-30 16:05:59 | INFO     | HIDS_Detection | [eb17c088-ed19-40cc-8674-a6e29765c3f6] verdict=BENIGN MAE=0.459297 threshold=0.500000 latency=96.481ms
2026-09-30 16:05:59 | INFO     | HIDS_API | POST /detection/predict status=200 98.93ms
2026-09-30 16:05:59 | INFO     | uvicorn.access | 127.0.0.1:56214 - "POST /detection/predict HTTP/1.1" 200
2026-09-30 16:05:59 | INFO     | HIDS_Detection | [0d89279b-df09-49ee-8590-059c3bd14892] verdict=BENIGN MAE=0.459285 threshold=0.500000 latency=83.058ms
2026-09-30 16:05:59 | INFO     | HIDS_API | POST /detection/predict status=200 85.58ms
2026-09-30 16:05:59 | INFO     | uvicorn.access | 127.0.0.1:56228 - "POST /detection/predict HTTP/1.1" 200
2026-09-30 16:05:59 | INFO     | HIDS_Detection | [c4275962-5368-4de5-9eda-a8d7e6fdbb06] verdict=BENIGN MAE=0.438392 threshold=0.500000 latency=97.735ms
2026-09-30 16:05:59 | INFO     | HIDS_API | POST /detection/predict status=200 100.26ms
2026-09-30 16:05:59 | INFO     | uvicorn.access | 127.0.0.1:56234 - "POST /detection/predict HTTP/1.1" 200
2026-09-30 16:06:11 | INFO     | uvicorn.access | 127.0.0.1:37008 - "GET /ready HTTP/1.1" 200
2026-09-30 16:06:41 | INFO     | uvicorn.access | 127.0.0.1:58316 - "GET /ready HTTP/1.1" 200
2026-09-30 16:07:11 | INFO     | uvicorn.access | 127.0.0.1:38494 - "GET /ready HTTP/1.1" 200
2026-09-30 16:07:41 | INFO     | uvicorn.access | 127.0.0.1:41118 - "GET /ready HTTP/1.1" 200
2026-09-30 16:08:11 | INFO     | uvicorn.access | 127.0.0.1:54744 - "GET /ready HTTP/1.1" 200
2026-09-30 16:08:41 | INFO     | uvicorn.access | 127.0.0.1:53140 - "GET /ready HTTP/1.1" 200
2026-09-30 16:09:12 | INFO     | uvicorn.access | 127.0.0.1:53246 - "GET /ready HTTP/1.1" 200
2026-09-30 16:09:42 | INFO     | uvicorn.access | 127.0.0.1:32802 - "GET /ready HTTP/1.1" 200
2026-09-30 16:10:12 | INFO     | uvicorn.access | 127.0.0.1:53264 - "GET /ready HTTP/1.1" 200
2026-09-30 16:10:42 | INFO     | uvicorn.access | 127.0.0.1:50588 - "GET /ready HTTP/1.1" 200
2026-09-30 16:11:12 | INFO     | uvicorn.access | 127.0.0.1:55050 - "GET /ready HTTP/1.1" 200
2026-09-30 16:11:40 | INFO     | HIDS_Detection | [8a6519bb-9240-4451-bbca-3a77a6bbf68c] verdict=BENIGN MAE=0.485593 threshold=0.500000 latency=98.183ms
2026-09-30 16:11:40 | INFO     | HIDS_API | POST /detection/predict status=200 104.07ms
2026-09-30 16:11:40 | INFO     | uvicorn.access | 127.0.0.1:39408 - "POST /detection/predict HTTP/1.1" 200
2026-09-30 16:11:41 | INFO     | HIDS_Detection | [298e11ee-6c3a-4ee5-8112-94a46d58d242] verdict=BENIGN MAE=0.487749 threshold=0.500000 latency=90.387ms
2026-09-30 16:11:41 | INFO     | HIDS_API | POST /detection/predict status=200 92.63ms
2026-09-30 16:11:41 | INFO     | uvicorn.access | 127.0.0.1:39420 - "POST /detection/predict HTTP/1.1" 200
2026-09-30 16:11:41 | INFO     | HIDS_Detection | [de6ab195-e91a-4f4a-9cb3-340f7d26505c] verdict=BENIGN MAE=0.436133 threshold=0.500000 latency=161.857ms
2026-09-30 16:11:41 | INFO     | HIDS_API | POST /detection/predict status=200 167.11ms
2026-09-30 16:11:41 | INFO     | uvicorn.access | 127.0.0.1:39426 - "POST /detection/predict HTTP/1.1" 200
2026-09-30 16:11:41 | INFO     | HIDS_Detection | [d1408c43-c777-4323-aa68-08cbe38c7bfe] verdict=BENIGN MAE=0.429662 threshold=0.500000 latency=133.987ms
2026-09-30 16:11:41 | INFO     | HIDS_API | POST /detection/predict status=200 136.83ms
2026-09-30 16:11:41 | INFO     | uvicorn.access | 127.0.0.1:39654 - "POST /detection/predict HTTP/1.1" 200
2026-09-30 16:11:42 | INFO     | uvicorn.access | 127.0.0.1:39664 - "GET /ready HTTP/1.1" 200
2026-09-30 16:11:46 | INFO     | HIDS_Detection | [a854560a-234a-4bdc-97f9-f18372210da9] verdict=MALICIOUS MAE=0.506008 threshold=0.500000 latency=107.208ms
2026-09-30 16:11:46 | INFO     | HIDS_API | POST /detection/predict status=200 109.74ms
2026-09-30 16:11:46 | INFO     | uvicorn.access | 127.0.0.1:39678 - "POST /detection/predict HTTP/1.1" 200
2026-09-30 16:11:47 | INFO     | HIDS_Detection | [b84e4d4d-b18c-4b91-a450-e5fa309115d5] verdict=BENIGN MAE=0.427825 threshold=0.500000 latency=91.833ms
2026-09-30 16:11:47 | INFO     | HIDS_API | POST /detection/predict status=200 94.67ms
2026-09-30 16:11:47 | INFO     | uvicorn.access | 127.0.0.1:39682 - "POST /detection/predict HTTP/1.1" 200
2026-09-30 16:11:47 | INFO     | HIDS_Detection | [d4e9c444-723a-4b79-94ed-abc611626c51] verdict=BENIGN MAE=0.441206 threshold=0.500000 latency=87.588ms
2026-09-30 16:11:47 | INFO     | HIDS_API | POST /detection/predict status=200 90.32ms
2026-09-30 16:11:47 | INFO     | uvicorn.access | 127.0.0.1:39696 - "POST /detection/predict HTTP/1.1" 200
2026-09-30 16:11:47 | INFO     | HIDS_Detection | [5bfa8a55-4656-4675-9718-9f482cc0af77] verdict=BENIGN MAE=0.417157 threshold=0.500000 latency=78.828ms
2026-09-30 16:11:47 | INFO     | HIDS_API | POST /detection/predict status=200 80.89ms
2026-09-30 16:11:47 | INFO     | uvicorn.access | 127.0.0.1:39708 - "POST /detection/predict HTTP/1.1" 200
2026-09-30 16:11:47 | INFO     | HIDS_Detection | [e0b4d368-47ea-44ce-8c21-cee0a55d9a74] verdict=BENIGN MAE=0.451030 threshold=0.500000 latency=91.041ms
2026-09-30 16:11:47 | INFO     | HIDS_API | POST /detection/predict status=200 93.22ms
2026-09-30 16:11:47 | INFO     | uvicorn.access | 127.0.0.1:39722 - "POST /detection/predict HTTP/1.1" 200
2026-09-30 16:11:47 | INFO     | HIDS_Detection | [7f84fb87-41f8-408b-a326-6bd536509155] verdict=BENIGN MAE=0.449514 threshold=0.500000 latency=93.265ms
2026-09-30 16:11:47 | INFO     | HIDS_API | POST /detection/predict status=200 95.65ms
2026-09-30 16:11:47 | INFO     | uvicorn.access | 127.0.0.1:39730 - "POST /detection/predict HTTP/1.1" 200
2026-09-30 16:11:53 | INFO     | HIDS_Detection | [fd6d3a1f-b8bb-4094-83ba-424a36b5f102] verdict=BENIGN MAE=0.490527 threshold=0.500000 latency=106.844ms
2026-09-30 16:11:53 | INFO     | HIDS_API | POST /detection/predict status=200 110.21ms
2026-09-30 16:11:53 | INFO     | uvicorn.access | 127.0.0.1:46928 - "POST /detection/predict HTTP/1.1" 200
2026-09-30 16:11:53 | INFO     | HIDS_Detection | [85985d08-8850-4062-9dba-9d175555ad9b] verdict=BENIGN MAE=0.487244 threshold=0.500000 latency=86.571ms
2026-09-30 16:11:53 | INFO     | HIDS_API | POST /detection/predict status=200 89.02ms
2026-09-30 16:11:53 | INFO     | uvicorn.access | 127.0.0.1:46930 - "POST /detection/predict HTTP/1.1" 200
2026-09-30 16:11:54 | INFO     | HIDS_Detection | [d902a080-8990-4661-98ab-3aa7047c9007] verdict=BENIGN MAE=0.477144 threshold=0.500000 latency=134.197ms
2026-09-30 16:11:54 | INFO     | HIDS_API | POST /detection/predict status=200 139.19ms
2026-09-30 16:11:54 | INFO     | uvicorn.access | 127.0.0.1:46938 - "POST /detection/predict HTTP/1.1" 200
2026-09-30 16:11:54 | INFO     | HIDS_Detection | [608199ed-76cc-4110-bdc4-35bdaf68171d] verdict=BENIGN MAE=0.470856 threshold=0.500000 latency=102.097ms
2026-09-30 16:11:54 | INFO     | HIDS_API | POST /detection/predict status=200 104.79ms
2026-09-30 16:11:54 | INFO     | uvicorn.access | 127.0.0.1:46948 - "POST /detection/predict HTTP/1.1" 200
2026-09-30 16:11:54 | INFO     | HIDS_Detection | [7f7a97d6-c7f1-4c38-a84c-1758b64fcb92] verdict=BENIGN MAE=0.477473 threshold=0.500000 latency=89.664ms
2026-09-30 16:11:54 | INFO     | HIDS_API | POST /detection/predict status=200 92.31ms
2026-09-30 16:11:54 | INFO     | uvicorn.access | 127.0.0.1:46964 - "POST /detection/predict HTTP/1.1" 200
2026-09-30 16:11:58 | INFO     | HIDS_Detection | [ac8c1a9b-a899-4134-b9f5-9103bf0931e3] verdict=BENIGN MAE=0.439588 threshold=0.500000 latency=141.225ms
2026-09-30 16:11:58 | INFO     | HIDS_API | POST /detection/predict status=200 143.83ms
2026-09-30 16:11:58 | INFO     | uvicorn.access | 127.0.0.1:46978 - "POST /detection/predict HTTP/1.1" 200
2026-09-30 16:11:58 | INFO     | HIDS_Detection | [daa28d9e-6185-4134-82e9-789768169d91] verdict=BENIGN MAE=0.430001 threshold=0.500000 latency=115.69ms
2026-09-30 16:11:58 | INFO     | HIDS_API | POST /detection/predict status=200 120.49ms
2026-09-30 16:11:58 | INFO     | uvicorn.access | 127.0.0.1:46984 - "POST /detection/predict HTTP/1.1" 200
2026-09-30 16:11:58 | INFO     | HIDS_Detection | [cdc2f899-e4c2-475f-ab14-3f153f2256ca] verdict=BENIGN MAE=0.460116 threshold=0.500000 latency=105.835ms
2026-09-30 16:11:58 | INFO     | HIDS_API | POST /detection/predict status=200 108.87ms
2026-09-30 16:11:58 | INFO     | uvicorn.access | 127.0.0.1:46992 - "POST /detection/predict HTTP/1.1" 200
2026-09-30 16:11:58 | INFO     | HIDS_Detection | [fbd267fd-77b7-4c5d-8222-9434cf0338b8] verdict=BENIGN MAE=0.447007 threshold=0.500000 latency=85.146ms
2026-09-30 16:11:58 | INFO     | HIDS_API | POST /detection/predict status=200 87.85ms
2026-09-30 16:11:58 | INFO     | uvicorn.access | 127.0.0.1:46994 - "POST /detection/predict HTTP/1.1" 200
2026-09-30 16:11:59 | INFO     | HIDS_Detection | [bea17e7b-266b-4996-a622-720f3d4dbcaf] verdict=BENIGN MAE=0.467867 threshold=0.500000 latency=124.534ms
2026-09-30 16:11:59 | INFO     | HIDS_API | POST /detection/predict status=200 127.42ms
2026-09-30 16:11:59 | INFO     | uvicorn.access | 127.0.0.1:47008 - "POST /detection/predict HTTP/1.1" 200
2026-09-30 16:11:59 | INFO     | HIDS_Detection | [a9161d63-62d4-49b9-a4c1-d2bb9256ac3b] verdict=BENIGN MAE=0.440687 threshold=0.500000 latency=158.739ms
2026-09-30 16:11:59 | INFO     | HIDS_API | POST /detection/predict status=200 164.23ms
2026-09-30 16:11:59 | INFO     | uvicorn.access | 127.0.0.1:47014 - "POST /detection/predict HTTP/1.1" 200
2026-09-30 16:11:59 | INFO     | HIDS_Detection | [14b49e27-ce6d-44b6-bb0b-2e63ca03fb02] verdict=BENIGN MAE=0.437772 threshold=0.500000 latency=88.616ms
2026-09-30 16:11:59 | INFO     | HIDS_API | POST /detection/predict status=200 91.27ms
2026-09-30 16:11:59 | INFO     | uvicorn.access | 127.0.0.1:47026 - "POST /detection/predict HTTP/1.1" 200
2026-09-30 16:11:59 | INFO     | HIDS_Detection | [0eab397a-8209-42a9-99ed-52574d01ca51] verdict=BENIGN MAE=0.467718 threshold=0.500000 latency=98.637ms
2026-09-30 16:11:59 | INFO     | HIDS_API | POST /detection/predict status=200 101.21ms
2026-09-30 16:11:59 | INFO     | uvicorn.access | 127.0.0.1:47030 - "POST /detection/predict HTTP/1.1" 200
2026-09-30 16:11:59 | INFO     | HIDS_Detection | [5deb727a-0630-4331-9b3e-2b6b232e4883] verdict=BENIGN MAE=0.459703 threshold=0.500000 latency=88.951ms
2026-09-30 16:11:59 | INFO     | HIDS_API | POST /detection/predict status=200 91.33ms
2026-09-30 16:11:59 | INFO     | uvicorn.access | 127.0.0.1:47032 - "POST /detection/predict HTTP/1.1" 200
2026-09-30 16:12:00 | INFO     | HIDS_Detection | [677987dc-30eb-42f6-8664-74171244a053] verdict=BENIGN MAE=0.460101 threshold=0.500000 latency=98.903ms
2026-09-30 16:12:00 | INFO     | HIDS_API | POST /detection/predict status=200 100.75ms
2026-09-30 16:12:00 | INFO     | uvicorn.access | 127.0.0.1:47034 - "POST /detection/predict HTTP/1.1" 200
2026-09-30 16:12:00 | INFO     | HIDS_Detection | [94471985-fe2e-4910-9ddc-44d09db9aec4] verdict=BENIGN MAE=0.450761 threshold=0.500000 latency=152.693ms
2026-09-30 16:12:00 | INFO     | HIDS_API | POST /detection/predict status=200 155.98ms
2026-09-30 16:12:00 | INFO     | uvicorn.access | 127.0.0.1:47038 - "POST /detection/predict HTTP/1.1" 200
2026-09-30 16:12:00 | INFO     | HIDS_Detection | [eb2793f6-6695-4050-83d1-d21b1bf1dbde] verdict=MALICIOUS MAE=0.509078 threshold=0.500000 latency=148.357ms
2026-09-30 16:12:00 | INFO     | HIDS_API | POST /detection/predict status=200 151.56ms
2026-09-30 16:12:00 | INFO     | uvicorn.access | 127.0.0.1:47042 - "POST /detection/predict HTTP/1.1" 200
2026-09-30 16:12:00 | INFO     | HIDS_Detection | [8f50dd8e-affa-4507-9a23-4b8f4928f618] verdict=BENIGN MAE=0.459291 threshold=0.500000 latency=98.713ms
2026-09-30 16:12:00 | INFO     | HIDS_API | POST /detection/predict status=200 101.06ms
2026-09-30 16:12:00 | INFO     | uvicorn.access | 127.0.0.1:47054 - "POST /detection/predict HTTP/1.1" 200
2026-09-30 16:12:00 | INFO     | HIDS_Detection | [383526d4-3385-44f9-91f0-0bcb9e35133f] verdict=BENIGN MAE=0.459203 threshold=0.500000 latency=79.131ms
2026-09-30 16:12:00 | INFO     | HIDS_API | POST /detection/predict status=200 81.33ms
2026-09-30 16:12:00 | INFO     | uvicorn.access | 127.0.0.1:47056 - "POST /detection/predict HTTP/1.1" 200
2026-09-30 16:12:00 | INFO     | HIDS_Detection | [bde1e735-87c3-42c2-be5b-6b40d65260c4] verdict=MALICIOUS MAE=0.506032 threshold=0.500000 latency=87.911ms
2026-09-30 16:12:00 | INFO     | HIDS_API | POST /detection/predict status=200 89.92ms
2026-09-30 16:12:00 | INFO     | uvicorn.access | 127.0.0.1:47066 - "POST /detection/predict HTTP/1.1" 200
2026-09-30 16:12:00 | INFO     | HIDS_Detection | [258e01f9-f95d-4f44-8985-6aca8da676fe] verdict=BENIGN MAE=0.438082 threshold=0.500000 latency=168.339ms
2026-09-30 16:12:00 | INFO     | HIDS_API | POST /detection/predict status=200 170.84ms
2026-09-30 16:12:00 | INFO     | uvicorn.access | 127.0.0.1:47080 - "POST /detection/predict HTTP/1.1" 200
2026-09-30 16:12:01 | INFO     | HIDS_Detection | [e9c45ccc-9989-4979-86b9-c7369a0aa469] verdict=BENIGN MAE=0.446005 threshold=0.500000 latency=138.742ms
2026-09-30 16:12:01 | INFO     | HIDS_API | POST /detection/predict status=200 141.32ms
2026-09-30 16:12:01 | INFO     | uvicorn.access | 127.0.0.1:47086 - "POST /detection/predict HTTP/1.1" 200
2026-09-30 16:12:01 | INFO     | HIDS_Detection | [65c9c105-dc9b-4aad-bd78-9774f0f34c9f] verdict=BENIGN MAE=0.446117 threshold=0.500000 latency=104.856ms
2026-09-30 16:12:01 | INFO     | HIDS_API | POST /detection/predict status=200 107.01ms
2026-09-30 16:12:01 | INFO     | uvicorn.access | 127.0.0.1:47098 - "POST /detection/predict HTTP/1.1" 200
2026-09-30 16:12:01 | INFO     | HIDS_Detection | [053fa597-ca8d-45da-9141-1660c4fe8211] verdict=BENIGN MAE=0.467907 threshold=0.500000 latency=93.439ms
2026-09-30 16:12:01 | INFO     | HIDS_API | POST /detection/predict status=200 96.22ms
2026-09-30 16:12:01 | INFO     | uvicorn.access | 127.0.0.1:47110 - "POST /detection/predict HTTP/1.1" 200
2026-09-30 16:12:01 | INFO     | HIDS_Detection | [d9c2d573-d3f6-4da4-8025-cb3ed233c91d] verdict=BENIGN MAE=0.467892 threshold=0.500000 latency=132.597ms
2026-09-30 16:12:01 | INFO     | HIDS_API | POST /detection/predict status=200 135.70ms
2026-09-30 16:12:01 | INFO     | uvicorn.access | 127.0.0.1:47118 - "POST /detection/predict HTTP/1.1" 200
2026-09-30 16:12:01 | INFO     | HIDS_Detection | [edbbe222-ffcb-4ad5-919b-ba3124ecf6b3] verdict=BENIGN MAE=0.425117 threshold=0.500000 latency=98.877ms
2026-09-30 16:12:01 | INFO     | HIDS_API | POST /detection/predict status=200 101.78ms
2026-09-30 16:12:01 | INFO     | uvicorn.access | 127.0.0.1:47132 - "POST /detection/predict HTTP/1.1" 200
2026-09-30 16:12:01 | INFO     | HIDS_Detection | [0d3e9aa3-be27-4e50-9f50-64aaa2e7ad55] verdict=BENIGN MAE=0.460214 threshold=0.500000 latency=90.142ms
2026-09-30 16:12:01 | INFO     | HIDS_API | POST /detection/predict status=200 92.69ms
2026-09-30 16:12:01 | INFO     | uvicorn.access | 127.0.0.1:40114 - "POST /detection/predict HTTP/1.1" 200
2026-09-30 16:12:01 | INFO     | HIDS_Detection | [94a8e731-ceee-486c-a7f9-baa7b1ecc27e] verdict=BENIGN MAE=0.442803 threshold=0.500000 latency=94.419ms
2026-09-30 16:12:01 | INFO     | HIDS_API | POST /detection/predict status=200 97.62ms
2026-09-30 16:12:01 | INFO     | uvicorn.access | 127.0.0.1:40126 - "POST /detection/predict HTTP/1.1" 200
2026-09-30 16:12:01 | INFO     | HIDS_Detection | [955d4570-aa3b-47b2-8e52-2870280009aa] verdict=BENIGN MAE=0.438106 threshold=0.500000 latency=124.44ms
2026-09-30 16:12:01 | INFO     | HIDS_API | POST /detection/predict status=200 126.94ms
2026-09-30 16:12:01 | INFO     | uvicorn.access | 127.0.0.1:40128 - "POST /detection/predict HTTP/1.1" 200
2026-09-30 16:12:02 | INFO     | HIDS_Detection | [7e208b55-c114-4e11-84c5-5d5fa0a68b4a] verdict=BENIGN MAE=0.468422 threshold=0.500000 latency=89.711ms
2026-09-30 16:12:02 | INFO     | HIDS_API | POST /detection/predict status=200 92.43ms
2026-09-30 16:12:02 | INFO     | uvicorn.access | 127.0.0.1:40134 - "POST /detection/predict HTTP/1.1" 200
2026-09-30 16:12:02 | INFO     | HIDS_Detection | [fdd4544c-3af5-4971-8c69-e2668df9126c] verdict=BENIGN MAE=0.451453 threshold=0.500000 latency=88.763ms
2026-09-30 16:12:02 | INFO     | HIDS_API | POST /detection/predict status=200 91.52ms
2026-09-30 16:12:02 | INFO     | uvicorn.access | 127.0.0.1:40148 - "POST /detection/predict HTTP/1.1" 200
2026-09-30 16:12:02 | INFO     | HIDS_Detection | [de5b5a9b-3fd2-422f-992f-c04b350ba030] verdict=BENIGN MAE=0.435440 threshold=0.500000 latency=85.029ms
2026-09-30 16:12:02 | INFO     | HIDS_API | POST /detection/predict status=200 87.59ms
2026-09-30 16:12:02 | INFO     | uvicorn.access | 127.0.0.1:40154 - "POST /detection/predict HTTP/1.1" 200
2026-09-30 16:12:02 | INFO     | HIDS_Detection | [0affee5b-7109-45c9-89fa-bf4fc7996934] verdict=BENIGN MAE=0.426150 threshold=0.500000 latency=91.96ms
2026-09-30 16:12:02 | INFO     | HIDS_API | POST /detection/predict status=200 94.38ms
2026-09-30 16:12:02 | INFO     | uvicorn.access | 127.0.0.1:40162 - "POST /detection/predict HTTP/1.1" 200
2026-09-30 16:12:02 | INFO     | HIDS_Detection | [0e74acbe-df79-46a2-9951-79dd16960bbd] verdict=BENIGN MAE=0.460111 threshold=0.500000 latency=82.663ms
2026-09-30 16:12:02 | INFO     | HIDS_API | POST /detection/predict status=200 86.17ms
2026-09-30 16:12:02 | INFO     | uvicorn.access | 127.0.0.1:40176 - "POST /detection/predict HTTP/1.1" 200
2026-09-30 16:12:02 | INFO     | HIDS_Detection | [cd67d470-101d-4e24-8481-6d4142373700] verdict=BENIGN MAE=0.450418 threshold=0.500000 latency=110.408ms
2026-09-30 16:12:02 | INFO     | HIDS_API | POST /detection/predict status=200 113.21ms
2026-09-30 16:12:02 | INFO     | uvicorn.access | 127.0.0.1:40186 - "POST /detection/predict HTTP/1.1" 200
2026-09-30 16:12:02 | INFO     | HIDS_Detection | [ba965e65-a4b6-4bcb-86a1-c5aaa7a13d82] verdict=BENIGN MAE=0.460126 threshold=0.500000 latency=131.209ms
2026-09-30 16:12:02 | INFO     | HIDS_API | POST /detection/predict status=200 133.84ms
2026-09-30 16:12:02 | INFO     | uvicorn.access | 127.0.0.1:40200 - "POST /detection/predict HTTP/1.1" 200
2026-09-30 16:12:02 | INFO     | HIDS_Detection | [02508e71-acaa-4440-959a-338043f1c41e] verdict=BENIGN MAE=0.444140 threshold=0.500000 latency=98.429ms
2026-09-30 16:12:02 | INFO     | HIDS_API | POST /detection/predict status=200 101.79ms
2026-09-30 16:12:02 | INFO     | uvicorn.access | 127.0.0.1:40212 - "POST /detection/predict HTTP/1.1" 200
2026-09-30 16:12:03 | INFO     | HIDS_Detection | [10d5567d-1b30-447f-9e9f-a76d42aae4f7] verdict=BENIGN MAE=0.467896 threshold=0.500000 latency=106.261ms
2026-09-30 16:12:03 | INFO     | HIDS_API | POST /detection/predict status=200 109.25ms
2026-09-30 16:12:03 | INFO     | uvicorn.access | 127.0.0.1:40228 - "POST /detection/predict HTTP/1.1" 200
2026-09-30 16:12:03 | INFO     | HIDS_Detection | [537f05bc-6773-4a8f-a627-98ac69b26c26] verdict=BENIGN MAE=0.459729 threshold=0.500000 latency=130.825ms
2026-09-30 16:12:03 | INFO     | HIDS_API | POST /detection/predict status=200 134.04ms
2026-09-30 16:12:03 | INFO     | uvicorn.access | 127.0.0.1:40242 - "POST /detection/predict HTTP/1.1" 200
2026-09-30 16:12:03 | INFO     | HIDS_Detection | [47fd613e-a62a-4202-86da-d552f0137fb9] verdict=BENIGN MAE=0.439961 threshold=0.500000 latency=97.853ms
2026-09-30 16:12:03 | INFO     | HIDS_API | POST /detection/predict status=200 103.07ms
2026-09-30 16:12:03 | INFO     | uvicorn.access | 127.0.0.1:40258 - "POST /detection/predict HTTP/1.1" 200
2026-09-30 16:12:03 | INFO     | HIDS_Detection | [bc7b17a6-52f2-43ea-9338-45cc16c140c7] verdict=BENIGN MAE=0.460124 threshold=0.500000 latency=92.621ms
2026-09-30 16:12:03 | INFO     | HIDS_API | POST /detection/predict status=200 96.57ms
2026-09-30 16:12:03 | INFO     | uvicorn.access | 127.0.0.1:40266 - "POST /detection/predict HTTP/1.1" 200
2026-09-30 16:12:03 | INFO     | HIDS_Detection | [c25482f0-ee2f-4d87-95e1-5a088c8c5467] verdict=BENIGN MAE=0.473152 threshold=0.500000 latency=84.25ms
2026-09-30 16:12:03 | INFO     | HIDS_API | POST /detection/predict status=200 86.96ms
2026-09-30 16:12:03 | INFO     | uvicorn.access | 127.0.0.1:40278 - "POST /detection/predict HTTP/1.1" 200
2026-09-30 16:12:03 | INFO     | HIDS_Detection | [e8d2b722-be57-411c-9417-ba61ded9f640] verdict=BENIGN MAE=0.446733 threshold=0.500000 latency=94.618ms
2026-09-30 16:12:03 | INFO     | HIDS_API | POST /detection/predict status=200 97.00ms
2026-09-30 16:12:03 | INFO     | uvicorn.access | 127.0.0.1:40292 - "POST /detection/predict HTTP/1.1" 200
2026-09-30 16:12:03 | INFO     | HIDS_Detection | [6362d3c1-d3f2-4a04-9574-9dffcf99c992] verdict=BENIGN MAE=0.446734 threshold=0.500000 latency=77.443ms
2026-09-30 16:12:03 | INFO     | HIDS_API | POST /detection/predict status=200 79.51ms
2026-09-30 16:12:03 | INFO     | uvicorn.access | 127.0.0.1:40300 - "POST /detection/predict HTTP/1.1" 200
2026-09-30 16:12:03 | INFO     | HIDS_Detection | [bc332d93-a79a-47a5-9f41-4dd95eb469ea] verdict=BENIGN MAE=0.446734 threshold=0.500000 latency=76.433ms
2026-09-30 16:12:03 | INFO     | HIDS_API | POST /detection/predict status=200 78.70ms
2026-09-30 16:12:03 | INFO     | uvicorn.access | 127.0.0.1:40314 - "POST /detection/predict HTTP/1.1" 200
2026-09-30 16:12:03 | INFO     | HIDS_Detection | [c7ef0b46-34c4-4380-8c82-c675d6425a6b] verdict=BENIGN MAE=0.460212 threshold=0.500000 latency=75.242ms
2026-09-30 16:12:03 | INFO     | HIDS_API | POST /detection/predict status=200 77.91ms
2026-09-30 16:12:03 | INFO     | uvicorn.access | 127.0.0.1:40324 - "POST /detection/predict HTTP/1.1" 200
2026-09-30 16:12:03 | INFO     | HIDS_Detection | [d65bbf78-8bd0-472f-b486-555cb7730097] verdict=BENIGN MAE=0.460217 threshold=0.500000 latency=78.987ms
2026-09-30 16:12:03 | INFO     | HIDS_API | POST /detection/predict status=200 81.61ms
2026-09-30 16:12:03 | INFO     | uvicorn.access | 127.0.0.1:40338 - "POST /detection/predict HTTP/1.1" 200
2026-09-30 16:12:04 | INFO     | HIDS_Detection | [df5e4368-3582-4f2d-a504-3575d612c726] verdict=BENIGN MAE=0.460215 threshold=0.500000 latency=93.564ms
2026-09-30 16:12:04 | INFO     | HIDS_API | POST /detection/predict status=200 96.90ms
2026-09-30 16:12:04 | INFO     | uvicorn.access | 127.0.0.1:40350 - "POST /detection/predict HTTP/1.1" 200
2026-09-30 16:12:04 | INFO     | HIDS_Detection | [b1644510-0b34-451b-ab87-2f7dd410aeec] verdict=BENIGN MAE=0.485849 threshold=0.500000 latency=83.548ms
2026-09-30 16:12:04 | INFO     | HIDS_API | POST /detection/predict status=200 86.03ms
2026-09-30 16:12:04 | INFO     | uvicorn.access | 127.0.0.1:40356 - "POST /detection/predict HTTP/1.1" 200
2026-09-30 16:12:04 | INFO     | HIDS_Detection | [0302e1e7-3a60-4ca4-b7d1-db75a8b928f0] verdict=BENIGN MAE=0.440594 threshold=0.500000 latency=114.13ms
2026-09-30 16:12:04 | INFO     | HIDS_API | POST /detection/predict status=200 116.85ms
2026-09-30 16:12:04 | INFO     | uvicorn.access | 127.0.0.1:40362 - "POST /detection/predict HTTP/1.1" 200
2026-09-30 16:12:04 | INFO     | HIDS_Detection | [e849e0d6-ba1a-41eb-a83f-f24923a3a3f6] verdict=BENIGN MAE=0.437330 threshold=0.500000 latency=135.757ms
2026-09-30 16:12:04 | INFO     | HIDS_API | POST /detection/predict status=200 138.80ms
2026-09-30 16:12:04 | INFO     | uvicorn.access | 127.0.0.1:40366 - "POST /detection/predict HTTP/1.1" 200
2026-09-30 16:12:04 | INFO     | HIDS_Detection | [23aaf1b2-956a-4b88-92bb-e50b000752b1] verdict=BENIGN MAE=0.434320 threshold=0.500000 latency=116.511ms
2026-09-30 16:12:04 | INFO     | HIDS_API | POST /detection/predict status=200 118.98ms
2026-09-30 16:12:04 | INFO     | uvicorn.access | 127.0.0.1:40376 - "POST /detection/predict HTTP/1.1" 200
2026-09-30 16:12:04 | INFO     | HIDS_Detection | [a583bdf0-a650-4bc7-81cf-2d279bd75783] verdict=BENIGN MAE=0.446736 threshold=0.500000 latency=82.03ms
2026-09-30 16:12:04 | INFO     | HIDS_API | POST /detection/predict status=200 84.63ms
2026-09-30 16:12:04 | INFO     | uvicorn.access | 127.0.0.1:40384 - "POST /detection/predict HTTP/1.1" 200
2026-09-30 16:12:04 | INFO     | HIDS_Detection | [8e001dfe-561e-4340-bdc7-fc16837b4d53] verdict=BENIGN MAE=0.446710 threshold=0.500000 latency=83.973ms
2026-09-30 16:12:04 | INFO     | HIDS_API | POST /detection/predict status=200 86.42ms
2026-09-30 16:12:04 | INFO     | uvicorn.access | 127.0.0.1:40398 - "POST /detection/predict HTTP/1.1" 200
2026-09-30 16:12:04 | INFO     | HIDS_Detection | [c8ad89d5-e0a7-45df-8626-af6e98116856] verdict=BENIGN MAE=0.446733 threshold=0.500000 latency=78.675ms
2026-09-30 16:12:04 | INFO     | HIDS_API | POST /detection/predict status=200 80.92ms
2026-09-30 16:12:04 | INFO     | uvicorn.access | 127.0.0.1:40410 - "POST /detection/predict HTTP/1.1" 200
2026-09-30 16:12:04 | INFO     | HIDS_Detection | [c9e5a2a4-0495-47c9-89d4-7df91f98e23d] verdict=BENIGN MAE=0.460215 threshold=0.500000 latency=75.725ms
2026-09-30 16:12:04 | INFO     | HIDS_API | POST /detection/predict status=200 78.05ms
2026-09-30 16:12:04 | INFO     | uvicorn.access | 127.0.0.1:40422 - "POST /detection/predict HTTP/1.1" 200
2026-09-30 16:12:05 | INFO     | HIDS_Detection | [a0d3ede1-1636-4de2-ae26-d0b35950db32] verdict=BENIGN MAE=0.439065 threshold=0.500000 latency=74.572ms
2026-09-30 16:12:05 | INFO     | HIDS_API | POST /detection/predict status=200 77.16ms
2026-09-30 16:12:05 | INFO     | uvicorn.access | 127.0.0.1:40426 - "POST /detection/predict HTTP/1.1" 200
2026-09-30 16:12:05 | INFO     | HIDS_Detection | [3c5daaff-0848-45a2-a360-4b47f4d3a749] verdict=BENIGN MAE=0.441568 threshold=0.500000 latency=80.172ms
2026-09-30 16:12:05 | INFO     | HIDS_API | POST /detection/predict status=200 83.17ms
2026-09-30 16:12:05 | INFO     | uvicorn.access | 127.0.0.1:40430 - "POST /detection/predict HTTP/1.1" 200
2026-09-30 16:12:05 | INFO     | HIDS_Detection | [3e27391b-7bee-4495-9b40-b427b5f7d66a] verdict=BENIGN MAE=0.446722 threshold=0.500000 latency=97.957ms
2026-09-30 16:12:05 | INFO     | HIDS_API | POST /detection/predict status=200 100.04ms
2026-09-30 16:12:05 | INFO     | uvicorn.access | 127.0.0.1:40432 - "POST /detection/predict HTTP/1.1" 200
2026-09-30 16:12:05 | INFO     | HIDS_Detection | [3931a1fc-17f8-4805-8636-c8bf7b8cf01c] verdict=BENIGN MAE=0.439527 threshold=0.500000 latency=82.17ms
2026-09-30 16:12:05 | INFO     | HIDS_API | POST /detection/predict status=200 85.51ms
2026-09-30 16:12:05 | INFO     | uvicorn.access | 127.0.0.1:40438 - "POST /detection/predict HTTP/1.1" 200
2026-09-30 16:12:05 | INFO     | HIDS_Detection | [ce808049-3eac-47ef-9ce8-d5722e9e4db8] verdict=BENIGN MAE=0.446719 threshold=0.500000 latency=96.954ms
2026-09-30 16:12:05 | INFO     | HIDS_API | POST /detection/predict status=200 100.19ms
2026-09-30 16:12:05 | INFO     | uvicorn.access | 127.0.0.1:40450 - "POST /detection/predict HTTP/1.1" 200
2026-09-30 16:12:05 | INFO     | HIDS_Detection | [73a7bac0-ba5e-4eb2-abae-446611077aef] verdict=BENIGN MAE=0.446731 threshold=0.500000 latency=81.742ms
2026-09-30 16:12:05 | INFO     | HIDS_API | POST /detection/predict status=200 83.99ms
2026-09-30 16:12:05 | INFO     | uvicorn.access | 127.0.0.1:40462 - "POST /detection/predict HTTP/1.1" 200
2026-09-30 16:12:05 | INFO     | HIDS_Detection | [d2510ef9-639b-459d-978e-2a9e1bb7da2c] verdict=BENIGN MAE=0.446734 threshold=0.500000 latency=77.222ms
2026-09-30 16:12:05 | INFO     | HIDS_API | POST /detection/predict status=200 80.34ms
2026-09-30 16:12:05 | INFO     | uvicorn.access | 127.0.0.1:40478 - "POST /detection/predict HTTP/1.1" 200
2026-09-30 16:12:05 | INFO     | HIDS_Detection | [30be4492-07e4-474c-a105-16d315b9f1f3] verdict=BENIGN MAE=0.446734 threshold=0.500000 latency=77.562ms
2026-09-30 16:12:05 | INFO     | HIDS_API | POST /detection/predict status=200 80.30ms
2026-09-30 16:12:05 | INFO     | uvicorn.access | 127.0.0.1:40492 - "POST /detection/predict HTTP/1.1" 200
2026-09-30 16:12:05 | INFO     | HIDS_Detection | [6948efce-06c2-48c0-8dc8-024b3d747100] verdict=BENIGN MAE=0.460217 threshold=0.500000 latency=75.908ms
2026-09-30 16:12:05 | INFO     | HIDS_API | POST /detection/predict status=200 78.76ms
2026-09-30 16:12:05 | INFO     | uvicorn.access | 127.0.0.1:40502 - "POST /detection/predict HTTP/1.1" 200
2026-09-30 16:12:05 | INFO     | HIDS_Detection | [a73018c7-add6-4ea9-b6c3-c1f9b5c465e6] verdict=BENIGN MAE=0.417334 threshold=0.500000 latency=73.434ms
2026-09-30 16:12:05 | INFO     | HIDS_API | POST /detection/predict status=200 76.14ms
2026-09-30 16:12:05 | INFO     | uvicorn.access | 127.0.0.1:40514 - "POST /detection/predict HTTP/1.1" 200
2026-09-30 16:12:06 | INFO     | HIDS_Detection | [40983e72-a8a3-4776-b21a-01a1a939cd09] verdict=BENIGN MAE=0.453203 threshold=0.500000 latency=91.469ms
2026-09-30 16:12:06 | INFO     | HIDS_API | POST /detection/predict status=200 93.93ms
2026-09-30 16:12:06 | INFO     | uvicorn.access | 127.0.0.1:40530 - "POST /detection/predict HTTP/1.1" 200
2026-09-30 16:12:06 | INFO     | HIDS_Detection | [a6360e4d-bb9e-4eae-a746-f774be486eb4] verdict=BENIGN MAE=0.420642 threshold=0.500000 latency=100.521ms
2026-09-30 16:12:06 | INFO     | HIDS_API | POST /detection/predict status=200 106.28ms
2026-09-30 16:12:06 | INFO     | uvicorn.access | 127.0.0.1:40534 - "POST /detection/predict HTTP/1.1" 200
2026-09-30 16:12:06 | INFO     | HIDS_Detection | [edfdd077-3950-4389-a755-ecda92f62f53] verdict=BENIGN MAE=0.446733 threshold=0.500000 latency=83.345ms
2026-09-30 16:12:06 | INFO     | HIDS_API | POST /detection/predict status=200 85.61ms
2026-09-30 16:12:06 | INFO     | uvicorn.access | 127.0.0.1:40544 - "POST /detection/predict HTTP/1.1" 200
2026-09-30 16:12:06 | INFO     | HIDS_Detection | [f4f9cff9-63e0-4933-8aec-84e79f47aaa3] verdict=BENIGN MAE=0.446732 threshold=0.500000 latency=73.323ms
2026-09-30 16:12:06 | INFO     | HIDS_API | POST /detection/predict status=200 80.52ms
2026-09-30 16:12:06 | INFO     | uvicorn.access | 127.0.0.1:40552 - "POST /detection/predict HTTP/1.1" 200
2026-09-30 16:12:06 | INFO     | HIDS_Detection | [c507fd60-c361-496e-8f6f-02d2eb1f1085] verdict=BENIGN MAE=0.460113 threshold=0.500000 latency=88.702ms
2026-09-30 16:12:06 | INFO     | HIDS_API | POST /detection/predict status=200 91.78ms
2026-09-30 16:12:06 | INFO     | uvicorn.access | 127.0.0.1:40558 - "POST /detection/predict HTTP/1.1" 200
2026-09-30 16:12:06 | INFO     | HIDS_Detection | [079a270b-0ddb-466b-816e-6ad9b0cefa8b] verdict=BENIGN MAE=0.439977 threshold=0.500000 latency=85.502ms
2026-09-30 16:12:06 | INFO     | HIDS_API | POST /detection/predict status=200 87.87ms
2026-09-30 16:12:06 | INFO     | uvicorn.access | 127.0.0.1:40568 - "POST /detection/predict HTTP/1.1" 200
2026-09-30 16:12:06 | INFO     | HIDS_Detection | [39d7c2a5-6e78-4d80-a2e3-3578821555cb] verdict=BENIGN MAE=0.460214 threshold=0.500000 latency=85.068ms
2026-09-30 16:12:06 | INFO     | HIDS_API | POST /detection/predict status=200 88.14ms
2026-09-30 16:12:06 | INFO     | uvicorn.access | 127.0.0.1:40580 - "POST /detection/predict HTTP/1.1" 200
2026-09-30 16:12:06 | INFO     | HIDS_Detection | [c3b7bad0-161a-4fca-ac0c-c47c593a1ab7] verdict=BENIGN MAE=0.446733 threshold=0.500000 latency=82.822ms
2026-09-30 16:12:06 | INFO     | HIDS_API | POST /detection/predict status=200 84.73ms
2026-09-30 16:12:06 | INFO     | uvicorn.access | 127.0.0.1:40586 - "POST /detection/predict HTTP/1.1" 200
2026-09-30 16:12:06 | INFO     | HIDS_Detection | [784d2f35-a20c-43ef-ab18-d67038f1ae38] verdict=BENIGN MAE=0.446719 threshold=0.500000 latency=76.249ms
2026-09-30 16:12:06 | INFO     | HIDS_API | POST /detection/predict status=200 79.15ms
2026-09-30 16:12:06 | INFO     | uvicorn.access | 127.0.0.1:40596 - "POST /detection/predict HTTP/1.1" 200
2026-09-30 16:12:07 | INFO     | HIDS_Detection | [fa76feea-b497-4155-9ec0-445a370f8154] verdict=BENIGN MAE=0.446733 threshold=0.500000 latency=90.273ms
2026-09-30 16:12:07 | INFO     | HIDS_API | POST /detection/predict status=200 93.93ms
2026-09-30 16:12:07 | INFO     | uvicorn.access | 127.0.0.1:40600 - "POST /detection/predict HTTP/1.1" 200
2026-09-30 16:12:07 | INFO     | HIDS_Detection | [10d983f1-d434-4d5f-8ef9-5fa0a765d11b] verdict=BENIGN MAE=0.446732 threshold=0.500000 latency=85.813ms
2026-09-30 16:12:07 | INFO     | HIDS_API | POST /detection/predict status=200 89.15ms
2026-09-30 16:12:07 | INFO     | uvicorn.access | 127.0.0.1:40612 - "POST /detection/predict HTTP/1.1" 200
2026-09-30 16:12:07 | INFO     | HIDS_Detection | [617a94c6-7adb-4f40-ae39-2a2e8a7afa2b] verdict=BENIGN MAE=0.460217 threshold=0.500000 latency=79.521ms
2026-09-30 16:12:07 | INFO     | HIDS_API | POST /detection/predict status=200 81.82ms
2026-09-30 16:12:07 | INFO     | uvicorn.access | 127.0.0.1:40616 - "POST /detection/predict HTTP/1.1" 200
2026-09-30 16:12:07 | INFO     | HIDS_Detection | [d9d00004-2424-45fc-be57-20fabaf79164] verdict=BENIGN MAE=0.446731 threshold=0.500000 latency=92.861ms
2026-09-30 16:12:07 | INFO     | HIDS_API | POST /detection/predict status=200 95.11ms
2026-09-30 16:12:07 | INFO     | uvicorn.access | 127.0.0.1:40628 - "POST /detection/predict HTTP/1.1" 200
2026-09-30 16:12:07 | INFO     | HIDS_Detection | [e4e99b77-84b6-487f-9b12-f0b2db452e92] verdict=BENIGN MAE=0.460208 threshold=0.500000 latency=80.87ms
2026-09-30 16:12:07 | INFO     | HIDS_API | POST /detection/predict status=200 83.53ms
2026-09-30 16:12:07 | INFO     | uvicorn.access | 127.0.0.1:40632 - "POST /detection/predict HTTP/1.1" 200
2026-09-30 16:12:07 | INFO     | HIDS_Detection | [6bfa3da1-eeed-46ca-970d-1bfee2e72c12] verdict=BENIGN MAE=0.446734 threshold=0.500000 latency=93.765ms
2026-09-30 16:12:07 | INFO     | HIDS_API | POST /detection/predict status=200 96.45ms
2026-09-30 16:12:07 | INFO     | uvicorn.access | 127.0.0.1:40648 - "POST /detection/predict HTTP/1.1" 200
2026-09-30 16:12:07 | INFO     | HIDS_Detection | [2d662ff0-f313-4b4b-ac68-29dcbdd43bc9] verdict=BENIGN MAE=0.437214 threshold=0.500000 latency=76.326ms
2026-09-30 16:12:07 | INFO     | HIDS_API | POST /detection/predict status=200 79.19ms
2026-09-30 16:12:07 | INFO     | uvicorn.access | 127.0.0.1:40654 - "POST /detection/predict HTTP/1.1" 200
2026-09-30 16:12:07 | INFO     | HIDS_Detection | [944808e3-773f-4e5b-b0f2-df0654f0b212] verdict=BENIGN MAE=0.452944 threshold=0.500000 latency=85.841ms
2026-09-30 16:12:07 | INFO     | HIDS_API | POST /detection/predict status=200 88.96ms
2026-09-30 16:12:07 | INFO     | uvicorn.access | 127.0.0.1:40660 - "POST /detection/predict HTTP/1.1" 200
2026-09-30 16:12:07 | INFO     | HIDS_Detection | [4de8a1eb-2228-4779-809d-cd93cb24d3b4] verdict=BENIGN MAE=0.446733 threshold=0.500000 latency=83.601ms
2026-09-30 16:12:07 | INFO     | HIDS_API | POST /detection/predict status=200 86.39ms
2026-09-30 16:12:07 | INFO     | uvicorn.access | 127.0.0.1:40666 - "POST /detection/predict HTTP/1.1" 200
2026-09-30 16:12:07 | INFO     | HIDS_Detection | [88310c7a-bdae-4e64-858e-6f794b3b46e7] verdict=BENIGN MAE=0.433383 threshold=0.500000 latency=84.147ms
2026-09-30 16:12:07 | INFO     | HIDS_API | POST /detection/predict status=200 87.01ms
2026-09-30 16:12:07 | INFO     | uvicorn.access | 127.0.0.1:40670 - "POST /detection/predict HTTP/1.1" 200
2026-09-30 16:12:08 | INFO     | HIDS_Detection | [fef73af1-2dde-4ef1-be02-b83cf7d090c9] verdict=BENIGN MAE=0.467870 threshold=0.500000 latency=109.492ms
2026-09-30 16:12:08 | INFO     | HIDS_API | POST /detection/predict status=200 112.00ms
2026-09-30 16:12:08 | INFO     | uvicorn.access | 127.0.0.1:40686 - "POST /detection/predict HTTP/1.1" 200
2026-09-30 16:12:08 | INFO     | HIDS_Detection | [3c108c48-d468-489d-8082-47914233da23] verdict=BENIGN MAE=0.445231 threshold=0.500000 latency=96.376ms
2026-09-30 16:12:08 | INFO     | HIDS_API | POST /detection/predict status=200 100.04ms
2026-09-30 16:12:08 | INFO     | uvicorn.access | 127.0.0.1:40698 - "POST /detection/predict HTTP/1.1" 200
2026-09-30 16:12:08 | INFO     | HIDS_Detection | [d51e9418-712b-4428-bf1c-77d7ee3ca047] verdict=BENIGN MAE=0.493509 threshold=0.500000 latency=87.277ms
2026-09-30 16:12:08 | INFO     | HIDS_API | POST /detection/predict status=200 90.13ms
2026-09-30 16:12:08 | INFO     | uvicorn.access | 127.0.0.1:40706 - "POST /detection/predict HTTP/1.1" 200
2026-09-30 16:12:08 | INFO     | HIDS_Detection | [ea71cb55-4615-4dc8-91e8-9a94b685e360] verdict=BENIGN MAE=0.451671 threshold=0.500000 latency=87.724ms
2026-09-30 16:12:08 | INFO     | HIDS_API | POST /detection/predict status=200 90.16ms
2026-09-30 16:12:08 | INFO     | uvicorn.access | 127.0.0.1:40712 - "POST /detection/predict HTTP/1.1" 200
2026-09-30 16:12:08 | INFO     | HIDS_Detection | [75840322-0c04-4da6-9f67-32fa617b4856] verdict=BENIGN MAE=0.497823 threshold=0.500000 latency=108.257ms
2026-09-30 16:12:08 | INFO     | HIDS_API | POST /detection/predict status=200 111.67ms
2026-09-30 16:12:08 | INFO     | uvicorn.access | 127.0.0.1:40722 - "POST /detection/predict HTTP/1.1" 200
2026-09-30 16:12:08 | INFO     | HIDS_Detection | [d6eb0728-aaa2-4029-a483-8187461e16d8] verdict=MALICIOUS MAE=0.502642 threshold=0.500000 latency=90.761ms
2026-09-30 16:12:08 | INFO     | HIDS_API | POST /detection/predict status=200 99.36ms
2026-09-30 16:12:08 | INFO     | uvicorn.access | 127.0.0.1:40726 - "POST /detection/predict HTTP/1.1" 200
2026-09-30 16:12:08 | INFO     | HIDS_Detection | [171eae70-6c96-48fe-aa5d-71cb51fa5f4a] verdict=BENIGN MAE=0.470861 threshold=0.500000 latency=87.745ms
2026-09-30 16:12:08 | INFO     | HIDS_API | POST /detection/predict status=200 89.94ms
2026-09-30 16:12:08 | INFO     | uvicorn.access | 127.0.0.1:40736 - "POST /detection/predict HTTP/1.1" 200
2026-09-30 16:12:08 | INFO     | HIDS_Detection | [88db33de-0a4b-4c4f-bb6f-d04bb8dae88a] verdict=BENIGN MAE=0.440218 threshold=0.500000 latency=78.568ms
2026-09-30 16:12:08 | INFO     | HIDS_API | POST /detection/predict status=200 80.40ms
2026-09-30 16:12:08 | INFO     | uvicorn.access | 127.0.0.1:40740 - "POST /detection/predict HTTP/1.1" 200
2026-09-30 16:12:08 | INFO     | HIDS_Detection | [833b6ba1-cd6b-47a8-a781-999295aa7e1a] verdict=BENIGN MAE=0.455025 threshold=0.500000 latency=87.309ms
2026-09-30 16:12:08 | INFO     | HIDS_API | POST /detection/predict status=200 89.87ms
2026-09-30 16:12:08 | INFO     | uvicorn.access | 127.0.0.1:40754 - "POST /detection/predict HTTP/1.1" 200
2026-09-30 16:12:09 | INFO     | HIDS_Detection | [2c4be5b8-33d1-4a27-9469-21cb9f80413c] verdict=BENIGN MAE=0.454106 threshold=0.500000 latency=91.883ms
2026-09-30 16:12:09 | INFO     | HIDS_API | POST /detection/predict status=200 93.92ms
2026-09-30 16:12:09 | INFO     | uvicorn.access | 127.0.0.1:40764 - "POST /detection/predict HTTP/1.1" 200
2026-09-30 16:12:09 | INFO     | HIDS_Detection | [9f856ca0-b766-4ad3-976e-3437b8cafa36] verdict=BENIGN MAE=0.460940 threshold=0.500000 latency=88.236ms
2026-09-30 16:12:09 | INFO     | HIDS_API | POST /detection/predict status=200 91.23ms
2026-09-30 16:12:09 | INFO     | uvicorn.access | 127.0.0.1:40780 - "POST /detection/predict HTTP/1.1" 200
2026-09-30 16:12:09 | INFO     | HIDS_Detection | [993c2788-1286-4939-a6f5-69c9580cfea0] verdict=BENIGN MAE=0.454146 threshold=0.500000 latency=82.063ms
2026-09-30 16:12:09 | INFO     | HIDS_API | POST /detection/predict status=200 85.29ms
2026-09-30 16:12:09 | INFO     | uvicorn.access | 127.0.0.1:40788 - "POST /detection/predict HTTP/1.1" 200
2026-09-30 16:12:09 | INFO     | HIDS_Detection | [630ba710-bf38-4e1b-ba5f-cc9bfa55fcf2] verdict=BENIGN MAE=0.454764 threshold=0.500000 latency=93.372ms
2026-09-30 16:12:09 | INFO     | HIDS_API | POST /detection/predict status=200 101.42ms
2026-09-30 16:12:09 | INFO     | uvicorn.access | 127.0.0.1:40790 - "POST /detection/predict HTTP/1.1" 200
2026-09-30 16:12:09 | INFO     | HIDS_Detection | [bb029869-eefb-4947-a578-6f79ac540762] verdict=BENIGN MAE=0.473640 threshold=0.500000 latency=86.602ms
2026-09-30 16:12:09 | INFO     | HIDS_API | POST /detection/predict status=200 90.67ms
2026-09-30 16:12:09 | INFO     | uvicorn.access | 127.0.0.1:40802 - "POST /detection/predict HTTP/1.1" 200
2026-09-30 16:12:09 | INFO     | HIDS_Detection | [5756c8ba-f859-48c9-ab86-2cb6c998a3e7] verdict=BENIGN MAE=0.480387 threshold=0.500000 latency=85.829ms
2026-09-30 16:12:09 | INFO     | HIDS_API | POST /detection/predict status=200 89.55ms
2026-09-30 16:12:09 | INFO     | uvicorn.access | 127.0.0.1:40816 - "POST /detection/predict HTTP/1.1" 200
2026-09-30 16:12:09 | INFO     | HIDS_Detection | [a4b34304-a0fe-48c2-a5a6-d715532de5f1] verdict=BENIGN MAE=0.439512 threshold=0.500000 latency=82.764ms
2026-09-30 16:12:09 | INFO     | HIDS_API | POST /detection/predict status=200 86.33ms
2026-09-30 16:12:09 | INFO     | uvicorn.access | 127.0.0.1:40828 - "POST /detection/predict HTTP/1.1" 200
2026-09-30 16:12:09 | INFO     | HIDS_Detection | [8bccc3df-d551-4ddd-8a96-6c27ebacc0fc] verdict=BENIGN MAE=0.435194 threshold=0.500000 latency=83.736ms
2026-09-30 16:12:09 | INFO     | HIDS_API | POST /detection/predict status=200 87.10ms
2026-09-30 16:12:09 | INFO     | uvicorn.access | 127.0.0.1:40832 - "POST /detection/predict HTTP/1.1" 200
2026-09-30 16:12:09 | INFO     | HIDS_Detection | [61525ff7-e078-474b-a403-280d7c8345f3] verdict=BENIGN MAE=0.460936 threshold=0.500000 latency=80.739ms
2026-09-30 16:12:09 | INFO     | HIDS_API | POST /detection/predict status=200 87.00ms
2026-09-30 16:12:09 | INFO     | uvicorn.access | 127.0.0.1:40838 - "POST /detection/predict HTTP/1.1" 200
2026-09-30 16:12:12 | INFO     | uvicorn.access | 127.0.0.1:60186 - "GET /ready HTTP/1.1" 200
2026-09-30 16:12:42 | INFO     | uvicorn.access | 127.0.0.1:55994 - "GET /ready HTTP/1.1" 200
2026-09-30 16:13:12 | INFO     | uvicorn.access | 127.0.0.1:48594 - "GET /ready HTTP/1.1" 200
2026-09-30 16:13:42 | INFO     | uvicorn.access | 127.0.0.1:58078 - "GET /ready HTTP/1.1" 200
2026-09-30 16:14:12 | INFO     | uvicorn.access | 127.0.0.1:51932 - "GET /ready HTTP/1.1" 200
2026-09-30 16:14:42 | INFO     | uvicorn.access | 127.0.0.1:57268 - "GET /ready HTTP/1.1" 200
2026-09-30 16:15:12 | INFO     | uvicorn.access | 127.0.0.1:48120 - "GET /ready HTTP/1.1" 200
2026-09-30 16:15:42 | INFO     | uvicorn.access | 127.0.0.1:46956 - "GET /ready HTTP/1.1" 200
2026-09-30 16:16:12 | INFO     | uvicorn.access | 127.0.0.1:46398 - "GET /ready HTTP/1.1" 200
2026-09-30 16:16:43 | INFO     | uvicorn.access | 127.0.0.1:34428 - "GET /ready HTTP/1.1" 200
2026-09-30 16:17:13 | INFO     | uvicorn.access | 127.0.0.1:49094 - "GET /ready HTTP/1.1" 200
2026-09-30 16:17:43 | INFO     | uvicorn.access | 127.0.0.1:37366 - "GET /ready HTTP/1.1" 200
2026-09-30 16:18:13 | INFO     | uvicorn.access | 127.0.0.1:55456 - "GET /ready HTTP/1.1" 200
2026-09-30 16:18:43 | INFO     | uvicorn.access | 127.0.0.1:59814 - "GET /ready HTTP/1.1" 200
2026-09-30 16:19:13 | INFO     | uvicorn.access | 127.0.0.1:39658 - "GET /ready HTTP/1.1" 200
2026-09-30 16:19:43 | INFO     | uvicorn.access | 127.0.0.1:46278 - "GET /ready HTTP/1.1" 200
2026-09-30 16:20:13 | INFO     | uvicorn.access | 127.0.0.1:50100 - "GET /ready HTTP/1.1" 200
2026-09-30 16:20:43 | INFO     | uvicorn.access | 127.0.0.1:48080 - "GET /ready HTTP/1.1" 200
2026-09-30 16:21:13 | INFO     | uvicorn.access | 127.0.0.1:42212 - "GET /ready HTTP/1.1" 200
2026-09-30 16:21:43 | INFO     | uvicorn.access | 127.0.0.1:34036 - "GET /ready HTTP/1.1" 200
2026-09-30 16:22:13 | INFO     | uvicorn.access | 127.0.0.1:34458 - "GET /ready HTTP/1.1" 200
2026-09-30 16:22:43 | INFO     | uvicorn.access | 127.0.0.1:60248 - "GET /ready HTTP/1.1" 200
2026-09-30 16:23:13 | INFO     | uvicorn.access | 127.0.0.1:49744 - "GET /ready HTTP/1.1" 200
2026-09-30 16:23:43 | INFO     | uvicorn.access | 127.0.0.1:53880 - "GET /ready HTTP/1.1" 200
2026-09-30 16:24:14 | INFO     | uvicorn.access | 127.0.0.1:52810 - "GET /ready HTTP/1.1" 200
2026-09-30 16:24:44 | INFO     | uvicorn.access | 127.0.0.1:57648 - "GET /ready HTTP/1.1" 200
2026-09-30 16:25:14 | INFO     | uvicorn.access | 127.0.0.1:56240 - "GET /ready HTTP/1.1" 200
2026-09-30 16:25:44 | INFO     | uvicorn.access | 127.0.0.1:33454 - "GET /ready HTTP/1.1" 200
2026-09-30 16:26:14 | INFO     | uvicorn.access | 127.0.0.1:44048 - "GET /ready HTTP/1.1" 200
2026-09-30 16:26:44 | INFO     | uvicorn.access | 127.0.0.1:45688 - "GET /ready HTTP/1.1" 200
2026-09-30 16:27:14 | INFO     | uvicorn.access | 127.0.0.1:47072 - "GET /ready HTTP/1.1" 200
2026-09-30 16:27:44 | INFO     | uvicorn.access | 127.0.0.1:37854 - "GET /ready HTTP/1.1" 200
2026-09-30 16:28:14 | INFO     | uvicorn.access | 127.0.0.1:56302 - "GET /ready HTTP/1.1" 200
2026-09-30 16:28:44 | INFO     | uvicorn.access | 127.0.0.1:38876 - "GET /ready HTTP/1.1" 200
2026-09-30 16:29:14 | INFO     | uvicorn.access | 127.0.0.1:45192 - "GET /ready HTTP/1.1" 200
2026-09-30 16:29:44 | INFO     | uvicorn.access | 127.0.0.1:38094 - "GET /ready HTTP/1.1" 200
2026-09-30 16:30:14 | INFO     | uvicorn.access | 127.0.0.1:55726 - "GET /ready HTTP/1.1" 200
2026-09-30 16:30:44 | INFO     | uvicorn.access | 127.0.0.1:45422 - "GET /ready HTTP/1.1" 200
2026-09-30 16:31:14 | INFO     | uvicorn.access | 127.0.0.1:60250 - "GET /ready HTTP/1.1" 200
2026-09-30 16:31:45 | INFO     | uvicorn.access | 127.0.0.1:39136 - "GET /ready HTTP/1.1" 200
2026-09-30 16:32:15 | INFO     | uvicorn.access | 127.0.0.1:34810 - "GET /ready HTTP/1.1" 200
2026-09-30 16:32:45 | INFO     | uvicorn.access | 127.0.0.1:34726 - "GET /ready HTTP/1.1" 200
2026-09-30 16:33:15 | INFO     | uvicorn.access | 127.0.0.1:53468 - "GET /ready HTTP/1.1" 200
2026-09-30 16:33:45 | INFO     | uvicorn.access | 127.0.0.1:43782 - "GET /ready HTTP/1.1" 200
2026-09-30 16:34:15 | INFO     | uvicorn.access | 127.0.0.1:44388 - "GET /ready HTTP/1.1" 200
2026-09-30 16:34:45 | INFO     | uvicorn.access | 127.0.0.1:41642 - "GET /ready HTTP/1.1" 200
2026-09-30 16:35:15 | INFO     | uvicorn.access | 127.0.0.1:34656 - "GET /ready HTTP/1.1" 200
2026-09-30 16:35:45 | INFO     | uvicorn.access | 127.0.0.1:50120 - "GET /ready HTTP/1.1" 200
2026-09-30 16:36:15 | INFO     | uvicorn.access | 127.0.0.1:57040 - "GET /ready HTTP/1.1" 200
2026-09-30 16:36:45 | INFO     | uvicorn.access | 127.0.0.1:33554 - "GET /ready HTTP/1.1" 200
2026-09-30 16:37:15 | INFO     | uvicorn.access | 127.0.0.1:42460 - "GET /ready HTTP/1.1" 200
2026-09-30 16:37:45 | INFO     | uvicorn.access | 127.0.0.1:47848 - "GET /ready HTTP/1.1" 200
2026-09-30 16:38:15 | INFO     | uvicorn.access | 127.0.0.1:51856 - "GET /ready HTTP/1.1" 200
2026-09-30 16:38:45 | INFO     | uvicorn.access | 127.0.0.1:44710 - "GET /ready HTTP/1.1" 200
2026-09-30 16:39:16 | INFO     | uvicorn.access | 127.0.0.1:42390 - "GET /ready HTTP/1.1" 200
2026-09-30 16:39:46 | INFO     | uvicorn.access | 127.0.0.1:54690 - "GET /ready HTTP/1.1" 200
2026-09-30 16:40:16 | INFO     | uvicorn.access | 127.0.0.1:37242 - "GET /ready HTTP/1.1" 200
2026-09-30 16:40:46 | INFO     | uvicorn.access | 127.0.0.1:51176 - "GET /ready HTTP/1.1" 200
2026-09-30 16:41:16 | INFO     | uvicorn.access | 127.0.0.1:44234 - "GET /ready HTTP/1.1" 200
2026-09-30 16:41:46 | INFO     | uvicorn.access | 127.0.0.1:48174 - "GET /ready HTTP/1.1" 200
2026-09-30 16:42:16 | INFO     | uvicorn.access | 127.0.0.1:45692 - "GET /ready HTTP/1.1" 200
2026-09-30 16:42:46 | INFO     | uvicorn.access | 127.0.0.1:34638 - "GET /ready HTTP/1.1" 200
2026-09-30 16:43:16 | INFO     | uvicorn.access | 127.0.0.1:60442 - "GET /ready HTTP/1.1" 200
2026-09-30 16:43:46 | INFO     | uvicorn.access | 127.0.0.1:32990 - "GET /ready HTTP/1.1" 200
2026-09-30 16:44:16 | INFO     | uvicorn.access | 127.0.0.1:44572 - "GET /ready HTTP/1.1" 200
2026-09-30 16:44:46 | INFO     | uvicorn.access | 127.0.0.1:57400 - "GET /ready HTTP/1.1" 200
2026-09-30 16:45:16 | INFO     | uvicorn.access | 127.0.0.1:60972 - "GET /ready HTTP/1.1" 200
2026-09-30 16:45:46 | INFO     | uvicorn.access | 127.0.0.1:37008 - "GET /ready HTTP/1.1" 200
2026-09-30 16:46:16 | INFO     | uvicorn.access | 127.0.0.1:52126 - "GET /ready HTTP/1.1" 200
2026-09-30 16:46:47 | INFO     | uvicorn.access | 127.0.0.1:54984 - "GET /ready HTTP/1.1" 200
2026-09-30 16:47:17 | INFO     | uvicorn.access | 127.0.0.1:48126 - "GET /ready HTTP/1.1" 200
2026-09-30 16:47:47 | INFO     | uvicorn.access | 127.0.0.1:60656 - "GET /ready HTTP/1.1" 200
2026-09-30 16:48:17 | INFO     | uvicorn.access | 127.0.0.1:40408 - "GET /ready HTTP/1.1" 200
2026-09-30 16:48:47 | INFO     | uvicorn.access | 127.0.0.1:34470 - "GET /ready HTTP/1.1" 200
2026-09-30 16:49:17 | INFO     | uvicorn.access | 127.0.0.1:52794 - "GET /ready HTTP/1.1" 200
2026-09-30 16:49:47 | INFO     | uvicorn.access | 127.0.0.1:48506 - "GET /ready HTTP/1.1" 200
2026-09-30 16:50:17 | INFO     | uvicorn.access | 127.0.0.1:42666 - "GET /ready HTTP/1.1" 200
2026-09-30 16:50:47 | INFO     | uvicorn.access | 127.0.0.1:41672 - "GET /ready HTTP/1.1" 200
2026-09-30 16:51:17 | INFO     | uvicorn.access | 127.0.0.1:59934 - "GET /ready HTTP/1.1" 200
2026-09-30 16:51:47 | INFO     | uvicorn.access | 127.0.0.1:40076 - "GET /ready HTTP/1.1" 200
2026-09-30 16:52:17 | INFO     | uvicorn.access | 127.0.0.1:43068 - "GET /ready HTTP/1.1" 200
2026-09-30 16:52:47 | INFO     | uvicorn.access | 127.0.0.1:58452 - "GET /ready HTTP/1.1" 200
2026-09-30 16:53:17 | INFO     | uvicorn.access | 127.0.0.1:52730 - "GET /ready HTTP/1.1" 200
2026-09-30 16:53:47 | INFO     | uvicorn.access | 127.0.0.1:37352 - "GET /ready HTTP/1.1" 200
2026-09-30 16:54:17 | INFO     | uvicorn.access | 127.0.0.1:33906 - "GET /ready HTTP/1.1" 200
2026-09-30 16:54:48 | INFO     | uvicorn.access | 127.0.0.1:37214 - "GET /ready HTTP/1.1" 200
2026-09-30 16:55:18 | INFO     | uvicorn.access | 127.0.0.1:46060 - "GET /ready HTTP/1.1" 200
2026-09-30 16:55:48 | INFO     | uvicorn.access | 127.0.0.1:34428 - "GET /ready HTTP/1.1" 200
2026-09-30 16:56:18 | INFO     | uvicorn.access | 127.0.0.1:34964 - "GET /ready HTTP/1.1" 200
2026-09-30 16:56:48 | INFO     | uvicorn.access | 127.0.0.1:42668 - "GET /ready HTTP/1.1" 200
2026-09-30 16:57:18 | INFO     | uvicorn.access | 127.0.0.1:47508 - "GET /ready HTTP/1.1" 200
2026-09-30 16:57:48 | INFO     | uvicorn.access | 127.0.0.1:45668 - "GET /ready HTTP/1.1" 200
2026-09-30 16:58:18 | INFO     | uvicorn.access | 127.0.0.1:42808 - "GET /ready HTTP/1.1" 200
2026-09-30 16:58:48 | INFO     | uvicorn.access | 127.0.0.1:42428 - "GET /ready HTTP/1.1" 200
2026-09-30 16:59:18 | INFO     | uvicorn.access | 127.0.0.1:34878 - "GET /ready HTTP/1.1" 200
2026-09-30 16:59:48 | INFO     | uvicorn.access | 127.0.0.1:45050 - "GET /ready HTTP/1.1" 200
2026-09-30 17:00:18 | INFO     | uvicorn.access | 127.0.0.1:41268 - "GET /ready HTTP/1.1" 200
2026-09-30 17:00:48 | INFO     | uvicorn.access | 127.0.0.1:44222 - "GET /ready HTTP/1.1" 200
2026-09-30 17:01:18 | INFO     | uvicorn.access | 127.0.0.1:35838 - "GET /ready HTTP/1.1" 200
2026-09-30 17:01:48 | INFO     | uvicorn.access | 127.0.0.1:53786 - "GET /ready HTTP/1.1" 200
2026-09-30 17:02:19 | INFO     | uvicorn.access | 127.0.0.1:57774 - "GET /ready HTTP/1.1" 200
